task,model,coverage,accuracy
conv_go_awry,google_gemini-3.8-flash,0.01,0.8
conv_go_awry,google_gemini-3.8-flash,0.02,0.8
conv_go_awry,google_gemini-3.8-flash,0.03,0.8666666666666667
conv_go_awry,google_gemini-3.8-flash,0.04,0.9
conv_go_awry,google_gemini-3.8-flash,0.05,0.84
conv_go_awry,google_gemini-3.8-flash,0.06,0.8333333333333334
conv_go_awry,google_gemini-3.8-flash,0.07,0.8285714285714286
conv_go_awry,google_gemini-3.8-flash,0.08,0.85
conv_go_awry,google_gemini-3.8-flash,0.09,0.8222222222222222
conv_go_awry,google_gemini-3.8-flash,0.1,0.82
conv_go_awry,google_gemini-3.8-flash,0.11,0.8181818181818182
conv_go_awry,google_gemini-3.8-flash,0.12,0.8
conv_go_awry,google_gemini-3.8-flash,0.13,0.8
conv_go_awry,google_gemini-3.8-flash,0.14,0.7857142857142857
conv_go_awry,google_gemini-3.8-flash,0.15,0.8
conv_go_awry,google_gemini-3.8-flash,0.16,0.7875
conv_go_awry,google_gemini-3.8-flash,0.17,0.788235294117647
conv_go_awry,google_gemini-3.8-flash,0.18,0.7888888888888889
conv_go_awry,google_gemini-3.8-flash,0.19,0.8
conv_go_awry,google_gemini-3.8-flash,0.2,0.8
conv_go_awry,google_gemini-3.8-flash,0.21,0.8
conv_go_awry,google_gemini-3.8-flash,0.22,0.8
conv_go_awry,google_gemini-3.8-flash,0.23,0.7913043478260869
conv_go_awry,google_gemini-3.8-flash,0.24,0.775
conv_go_awry,google_gemini-3.8-flash,0.25,0.768
conv_go_awry,google_gemini-3.8-flash,0.26,0.7538461538461538
conv_go_awry,google_gemini-3.8-flash,0.27,0.762962962962963
conv_go_awry,google_gemini-3.8-flash,0.28,0.75
conv_go_awry,google_gemini-3.8-flash,0.29,0.7379310344827587
conv_go_awry,google_gemini-3.8-flash,0.3,0.7333333333333333
conv_go_awry,google_gemini-3.8-flash,0.31,0.7290322580645161
conv_go_awry,google_gemini-3.8-flash,0.32,0.71875
conv_go_awry,google_gemini-3.8-flash,0.33,0.7090909090909091
conv_go_awry,google_gemini-3.8-flash,0.34,0.6882352941176471
conv_go_awry,google_gemini-3.8-flash,0.35,0.6742857142857143
conv_go_awry,google_gemini-3.8-flash,0.36,0.6722222222222223
conv_go_awry,google_gemini-3.8-flash,0.37,0.6648648648648648
conv_go_awry,google_gemini-3.8-flash,0.38,0.6526315789473685
conv_go_awry,google_gemini-3.8-flash,0.39,0.6410256410256411
conv_go_awry,google_gemini-3.8-flash,0.4,0.63
conv_go_awry,google_gemini-3.8-flash,0.41,0.6195121951219512
conv_go_awry,google_gemini-3.8-flash,0.42,0.6285714285714286
conv_go_awry,google_gemini-3.8-flash,0.43,0.6232558139534884
conv_go_awry,google_gemini-3.8-flash,0.44,0.6227272727272727
conv_go_awry,google_gemini-3.8-flash,0.45,0.6177777777777778
conv_go_awry,google_gemini-3.8-flash,0.46,0.6086956521739131
conv_go_awry,google_gemini-3.8-flash,0.47,0.6170212765957447
conv_go_awry,google_gemini-3.8-flash,0.48,0.6166666666666667
conv_go_awry,google_gemini-3.8-flash,0.49,0.6163265306122448
conv_go_awry,google_gemini-3.8-flash,0.5,0.616
conv_go_awry,google_gemini-3.8-flash,0.51,0.6235294117647059
conv_go_awry,google_gemini-3.8-flash,0.52,0.6269230769230769
conv_go_awry,google_gemini-3.8-flash,0.53,0.6339622641509434
conv_go_awry,google_gemini-3.8-flash,0.54,0.6370370370370371
conv_go_awry,google_gemini-3.8-flash,0.55,0.6436363636363637
conv_go_awry,google_gemini-3.8-flash,0.56,0.6464285714285715
conv_go_awry,google_gemini-3.8-flash,0.57,0.6526315789473685
conv_go_awry,google_gemini-3.8-flash,0.58,0.6586206896551724
conv_go_awry,google_gemini-3.8-flash,0.59,0.6542372881355932
conv_go_awry,google_gemini-3.8-flash,0.6,0.66
conv_go_awry,google_gemini-3.8-flash,0.61,0.6655737704918033
conv_go_awry,google_gemini-3.8-flash,0.62,0.6709677419354839
conv_go_awry,google_gemini-3.8-flash,0.63,0.6698412698412698
conv_go_awry,google_gemini-3.8-flash,0.64,0.66875
conv_go_awry,google_gemini-3.8-flash,0.65,0.6707692307692308
conv_go_awry,google_gemini-3.8-flash,0.66,0.6757575757575758
conv_go_awry,google_gemini-3.8-flash,0.67,0.6716417910447762
conv_go_awry,google_gemini-3.8-flash,0.68,0.6735294117647059
conv_go_awry,google_gemini-3.8-flash,0.69,0.6695652173913044
conv_go_awry,google_gemini-3.8-flash,0.7,0.6657142857142857
conv_go_awry,google_gemini-3.8-flash,0.71,0.6563380281690141
conv_go_awry,google_gemini-3.8-flash,0.72,0.65
conv_go_awry,google_gemini-3.8-flash,0.73,0.6465753424657534
conv_go_awry,google_gemini-3.8-flash,0.74,0.6486486486486487
conv_go_awry,google_gemini-3.8-flash,0.75,0.6453333333333333
conv_go_awry,google_gemini-3.8-flash,0.76,0.6394736842105263
conv_go_awry,google_gemini-3.8-flash,0.77,0.6311688311688312
conv_go_awry,google_gemini-3.8-flash,0.78,0.6256410256410256
conv_go_awry,google_gemini-3.8-flash,0.79,0.6278481012658228
conv_go_awry,google_gemini-3.8-flash,0.8,0.63
conv_go_awry,google_gemini-3.8-flash,0.81,0.6271604938271605
conv_go_awry,google_gemini-3.8-flash,0.82,0.6268292682926829
conv_go_awry,google_gemini-3.8-flash,0.83,0.6265060240963856
conv_go_awry,google_gemini-3.8-flash,0.84,0.6261904761904762
conv_go_awry,google_gemini-3.8-flash,0.85,0.6282352941176471
conv_go_awry,google_gemini-3.8-flash,0.86,0.6302325581395349
conv_go_awry,google_gemini-3.8-flash,0.87,0.6275862068965518
conv_go_awry,google_gemini-3.8-flash,0.88,0.6295454545454545
conv_go_awry,google_gemini-3.8-flash,0.89,0.6269662921348315
conv_go_awry,google_gemini-3.8-flash,0.9,0.6266666666666667
conv_go_awry,google_gemini-3.8-flash,0.91,0.6285714285714286
conv_go_awry,google_gemini-3.8-flash,0.92,0.6304347826086957
conv_go_awry,google_gemini-3.8-flash,0.93,0.632258064516129
conv_go_awry,google_gemini-3.8-flash,0.94,0.6276595744680851
conv_go_awry,google_gemini-3.8-flash,0.95,0.6294736842105263
conv_go_awry,google_gemini-3.8-flash,0.96,0.6291666666666667
conv_go_awry,google_gemini-3.8-flash,0.97,0.6329896907216495
conv_go_awry,google_gemini-3.8-flash,0.98,0.6285714285714286
conv_go_awry,google_gemini-3.8-flash,0.99,0.6222222222222222
conv_go_awry,google_gemini-3.8-flash,1.0,0.618
conv_go_awry,jev,0.01,1.0
conv_go_awry,jev,0.02,1.0
conv_go_awry,jev,0.03,0.6666666666666666
conv_go_awry,jev,0.04,0.7
conv_go_awry,jev,0.05,0.76
conv_go_awry,jev,0.06,0.8
conv_go_awry,jev,0.07,0.8285714285714286
conv_go_awry,jev,0.08,0.85
conv_go_awry,jev,0.09,0.8666666666666667
conv_go_awry,jev,0.1,0.88
conv_go_awry,jev,0.11,0.8909090909090909
conv_go_awry,jev,0.12,0.8666666666666667
conv_go_awry,jev,0.13,0.8
conv_go_awry,jev,0.14,0.7571428571428571
conv_go_awry,jev,0.15,0.72
conv_go_awry,jev,0.16,0.675
conv_go_awry,jev,0.17,0.6941176470588235
conv_go_awry,jev,0.18,0.7111111111111111
conv_go_awry,jev,0.19,0.7263157894736842
conv_go_awry,jev,0.2,0.74
conv_go_awry,jev,0.21,0.7523809523809524
conv_go_awry,jev,0.22,0.7636363636363637
conv_go_awry,jev,0.23,0.7739130434782608
conv_go_awry,jev,0.24,0.7666666666666667
conv_go_awry,jev,0.25,0.736
conv_go_awry,jev,0.26,0.7153846153846154
conv_go_awry,jev,0.27,0.7185185185185186
conv_go_awry,jev,0.28,0.7285714285714285
conv_go_awry,jev,0.29,0.7379310344827587
conv_go_awry,jev,0.3,0.7466666666666667
conv_go_awry,jev,0.31,0.7225806451612903
conv_go_awry,jev,0.32,0.70625
conv_go_awry,jev,0.33,0.6848484848484848
conv_go_awry,jev,0.34,0.6647058823529411
conv_go_awry,jev,0.35,0.6514285714285715
conv_go_awry,jev,0.36,0.6611111111111111
conv_go_awry,jev,0.37,0.6702702702702703
conv_go_awry,jev,0.38,0.6789473684210526
conv_go_awry,jev,0.39,0.676923076923077
conv_go_awry,jev,0.4,0.66
conv_go_awry,jev,0.41,0.6536585365853659
conv_go_awry,jev,0.42,0.638095238095238
conv_go_awry,jev,0.43,0.6465116279069767
conv_go_awry,jev,0.44,0.6545454545454545
conv_go_awry,jev,0.45,0.6577777777777778
conv_go_awry,jev,0.46,0.6478260869565218
conv_go_awry,jev,0.47,0.6382978723404256
conv_go_awry,jev,0.48,0.6333333333333333
conv_go_awry,jev,0.49,0.6285714285714286
conv_go_awry,jev,0.5,0.636
conv_go_awry,jev,0.51,0.6392156862745098
conv_go_awry,jev,0.52,0.6307692307692307
conv_go_awry,jev,0.53,0.6226415094339622
conv_go_awry,jev,0.54,0.6296296296296297
conv_go_awry,jev,0.55,0.6327272727272727
conv_go_awry,jev,0.56,0.625
conv_go_awry,jev,0.57,0.6280701754385964
conv_go_awry,jev,0.58,0.6344827586206897
conv_go_awry,jev,0.59,0.6237288135593221
conv_go_awry,jev,0.6,0.6266666666666667
conv_go_awry,jev,0.61,0.6262295081967213
conv_go_awry,jev,0.62,0.6193548387096774
conv_go_awry,jev,0.63,0.6222222222222222
conv_go_awry,jev,0.64,0.6125
conv_go_awry,jev,0.65,0.6153846153846154
conv_go_awry,jev,0.66,0.6060606060606061
conv_go_awry,jev,0.67,0.608955223880597
conv_go_awry,jev,0.68,0.6058823529411764
conv_go_awry,jev,0.69,0.6
conv_go_awry,jev,0.7,0.6028571428571429
conv_go_awry,jev,0.71,0.6028169014084507
conv_go_awry,jev,0.72,0.6027777777777777
conv_go_awry,jev,0.73,0.6054794520547945
conv_go_awry,jev,0.74,0.6027027027027027
conv_go_awry,jev,0.75,0.6
conv_go_awry,jev,0.76,0.5973684210526315
conv_go_awry,jev,0.77,0.6
conv_go_awry,jev,0.78,0.5974358974358974
conv_go_awry,jev,0.79,0.6
conv_go_awry,jev,0.8,0.6025
conv_go_awry,jev,0.81,0.6049382716049383
conv_go_awry,jev,0.82,0.6048780487804878
conv_go_awry,jev,0.83,0.6024096385542169
conv_go_awry,jev,0.84,0.5976190476190476
conv_go_awry,jev,0.85,0.5976470588235294
conv_go_awry,jev,0.86,0.5953488372093023
conv_go_awry,jev,0.87,0.593103448275862
conv_go_awry,jev,0.88,0.5931818181818181
conv_go_awry,jev,0.89,0.5955056179775281
conv_go_awry,jev,0.9,0.6
conv_go_awry,jev,0.91,0.5978021978021978
conv_go_awry,jev,0.92,0.5956521739130435
conv_go_awry,jev,0.93,0.5913978494623656
conv_go_awry,jev,0.94,0.5872340425531914
conv_go_awry,jev,0.95,0.5831578947368421
conv_go_awry,jev,0.96,0.58125
conv_go_awry,jev,0.97,0.5773195876288659
conv_go_awry,jev,0.98,0.5755102040816327
conv_go_awry,jev,0.99,0.5777777777777777
conv_go_awry,jev,1.0,0.572
conv_go_awry,local_rlcd-0.6b,0.01,0.8
conv_go_awry,local_rlcd-0.6b,0.02,0.7
conv_go_awry,local_rlcd-0.6b,0.03,0.6666666666666666
conv_go_awry,local_rlcd-0.6b,0.04,0.65
conv_go_awry,local_rlcd-0.6b,0.05,0.6
conv_go_awry,local_rlcd-0.6b,0.06,0.6
conv_go_awry,local_rlcd-0.6b,0.07,0.6
conv_go_awry,local_rlcd-0.6b,0.08,0.625
conv_go_awry,local_rlcd-0.6b,0.09,0.6
conv_go_awry,local_rlcd-0.6b,0.1,0.64
conv_go_awry,local_rlcd-0.6b,0.11,0.6363636363636364
conv_go_awry,local_rlcd-0.6b,0.12,0.6
conv_go_awry,local_rlcd-0.6b,0.13,0.5846153846153846
conv_go_awry,local_rlcd-0.6b,0.14,0.5571428571428572
conv_go_awry,local_rlcd-0.6b,0.15,0.56
conv_go_awry,local_rlcd-0.6b,0.16,0.575
conv_go_awry,local_rlcd-0.6b,0.17,0.5882352941176471
conv_go_awry,local_rlcd-0.6b,0.18,0.6
conv_go_awry,local_rlcd-0.6b,0.19,0.6105263157894737
conv_go_awry,local_rlcd-0.6b,0.2,0.62
conv_go_awry,local_rlcd-0.6b,0.21,0.638095238095238
conv_go_awry,local_rlcd-0.6b,0.22,0.6272727272727273
conv_go_awry,local_rlcd-0.6b,0.23,0.6260869565217392
conv_go_awry,local_rlcd-0.6b,0.24,0.6333333333333333
conv_go_awry,local_rlcd-0.6b,0.25,0.632
conv_go_awry,local_rlcd-0.6b,0.26,0.6307692307692307
conv_go_awry,local_rlcd-0.6b,0.27,0.6296296296296297
conv_go_awry,local_rlcd-0.6b,0.28,0.6357142857142857
conv_go_awry,local_rlcd-0.6b,0.29,0.6344827586206897
conv_go_awry,local_rlcd-0.6b,0.3,0.6266666666666667
conv_go_awry,local_rlcd-0.6b,0.31,0.632258064516129
conv_go_awry,local_rlcd-0.6b,0.32,0.625
conv_go_awry,local_rlcd-0.6b,0.33,0.6303030303030303
conv_go_awry,local_rlcd-0.6b,0.34,0.6235294117647059
conv_go_awry,local_rlcd-0.6b,0.35,0.6228571428571429
conv_go_awry,local_rlcd-0.6b,0.36,0.6222222222222222
conv_go_awry,local_rlcd-0.6b,0.37,0.6162162162162163
conv_go_awry,local_rlcd-0.6b,0.38,0.6157894736842106
conv_go_awry,local_rlcd-0.6b,0.39,0.6205128205128205
conv_go_awry,local_rlcd-0.6b,0.4,0.62
conv_go_awry,local_rlcd-0.6b,0.41,0.6097560975609756
conv_go_awry,local_rlcd-0.6b,0.42,0.6095238095238096
conv_go_awry,local_rlcd-0.6b,0.43,0.6
conv_go_awry,local_rlcd-0.6b,0.44,0.6
conv_go_awry,local_rlcd-0.6b,0.45,0.6044444444444445
conv_go_awry,local_rlcd-0.6b,0.46,0.6043478260869565
conv_go_awry,local_rlcd-0.6b,0.47,0.6085106382978723
conv_go_awry,local_rlcd-0.6b,0.48,0.6083333333333333
conv_go_awry,local_rlcd-0.6b,0.49,0.6040816326530613
conv_go_awry,local_rlcd-0.6b,0.5,0.604
conv_go_awry,local_rlcd-0.6b,0.51,0.6039215686274509
conv_go_awry,local_rlcd-0.6b,0.52,0.6038461538461538
conv_go_awry,local_rlcd-0.6b,0.53,0.6037735849056604
conv_go_awry,local_rlcd-0.6b,0.54,0.6037037037037037
conv_go_awry,local_rlcd-0.6b,0.55,0.6036363636363636
conv_go_awry,local_rlcd-0.6b,0.56,0.6107142857142858
conv_go_awry,local_rlcd-0.6b,0.57,0.6070175438596491
conv_go_awry,local_rlcd-0.6b,0.58,0.603448275862069
conv_go_awry,local_rlcd-0.6b,0.59,0.5966101694915255
conv_go_awry,local_rlcd-0.6b,0.6,0.5933333333333334
conv_go_awry,local_rlcd-0.6b,0.61,0.5901639344262295
conv_go_awry,local_rlcd-0.6b,0.62,0.5903225806451613
conv_go_awry,local_rlcd-0.6b,0.63,0.5873015873015873
conv_go_awry,local_rlcd-0.6b,0.64,0.584375
conv_go_awry,local_rlcd-0.6b,0.65,0.5815384615384616
conv_go_awry,local_rlcd-0.6b,0.66,0.5818181818181818
conv_go_awry,local_rlcd-0.6b,0.67,0.5791044776119403
conv_go_awry,local_rlcd-0.6b,0.68,0.5735294117647058
conv_go_awry,local_rlcd-0.6b,0.69,0.5681159420289855
conv_go_awry,local_rlcd-0.6b,0.7,0.5714285714285714
conv_go_awry,local_rlcd-0.6b,0.71,0.5690140845070423
conv_go_awry,local_rlcd-0.6b,0.72,0.5666666666666667
conv_go_awry,local_rlcd-0.6b,0.73,0.5643835616438356
conv_go_awry,local_rlcd-0.6b,0.74,0.5621621621621622
conv_go_awry,local_rlcd-0.6b,0.75,0.5626666666666666
conv_go_awry,local_rlcd-0.6b,0.76,0.5631578947368421
conv_go_awry,local_rlcd-0.6b,0.77,0.561038961038961
conv_go_awry,local_rlcd-0.6b,0.78,0.5615384615384615
conv_go_awry,local_rlcd-0.6b,0.79,0.5569620253164557
conv_go_awry,local_rlcd-0.6b,0.8,0.5525
conv_go_awry,local_rlcd-0.6b,0.81,0.5506172839506173
conv_go_awry,local_rlcd-0.6b,0.82,0.5487804878048781
conv_go_awry,local_rlcd-0.6b,0.83,0.5469879518072289
conv_go_awry,local_rlcd-0.6b,0.84,0.5428571428571428
conv_go_awry,local_rlcd-0.6b,0.85,0.5435294117647059
conv_go_awry,local_rlcd-0.6b,0.86,0.5441860465116279
conv_go_awry,local_rlcd-0.6b,0.87,0.5448275862068965
conv_go_awry,local_rlcd-0.6b,0.88,0.5409090909090909
conv_go_awry,local_rlcd-0.6b,0.89,0.5348314606741573
conv_go_awry,local_rlcd-0.6b,0.9,0.5288888888888889
conv_go_awry,local_rlcd-0.6b,0.91,0.5274725274725275
conv_go_awry,local_rlcd-0.6b,0.92,0.5282608695652173
conv_go_awry,local_rlcd-0.6b,0.93,0.5225806451612903
conv_go_awry,local_rlcd-0.6b,0.94,0.5234042553191489
conv_go_awry,local_rlcd-0.6b,0.95,0.5178947368421053
conv_go_awry,local_rlcd-0.6b,0.96,0.5145833333333333
conv_go_awry,local_rlcd-0.6b,0.97,0.511340206185567
conv_go_awry,local_rlcd-0.6b,0.98,0.5061224489795918
conv_go_awry,local_rlcd-0.6b,0.99,0.5050505050505051
conv_go_awry,local_rlcd-0.6b,1.0,0.5
discourse,google_gemini-3.8-flash,0.008048289738430584,1.0
discourse,google_gemini-3.8-flash,0.01609657947686117,1.0
discourse,google_gemini-3.8-flash,0.02414486921529175,0.9166666666666666
discourse,google_gemini-3.8-flash,0.03219315895372234,0.9375
discourse,google_gemini-3.8-flash,0.04024144869215292,0.95
discourse,google_gemini-3.8-flash,0.0482897384305835,0.9583333333333334
discourse,google_gemini-3.8-flash,0.056338028169014086,0.9642857142857143
discourse,google_gemini-3.8-flash,0.06438631790744467,0.96875
discourse,google_gemini-3.8-flash,0.07243460764587525,0.9722222222222222
discourse,google_gemini-3.8-flash,0.08048289738430583,0.975
discourse,google_gemini-3.8-flash,0.08853118712273642,0.9772727272727273
discourse,google_gemini-3.8-flash,0.096579476861167,0.9791666666666666
discourse,google_gemini-3.8-flash,0.10462776659959759,0.9807692307692307
discourse,google_gemini-3.8-flash,0.11267605633802817,0.9642857142857143
discourse,google_gemini-3.8-flash,0.12072434607645875,0.9666666666666667
discourse,google_gemini-3.8-flash,0.12877263581488935,0.921875
discourse,google_gemini-3.8-flash,0.13682092555331993,0.8970588235294118
discourse,google_gemini-3.8-flash,0.1448692152917505,0.9027777777777778
discourse,google_gemini-3.8-flash,0.1529175050301811,0.8947368421052632
discourse,google_gemini-3.8-flash,0.16096579476861167,0.9
discourse,google_gemini-3.8-flash,0.16901408450704225,0.9047619047619048
discourse,google_gemini-3.8-flash,0.17706237424547283,0.9090909090909091
discourse,google_gemini-3.8-flash,0.1851106639839034,0.9130434782608695
discourse,google_gemini-3.8-flash,0.193158953722334,0.9166666666666666
discourse,google_gemini-3.8-flash,0.2012072434607646,0.92
discourse,google_gemini-3.8-flash,0.20925553319919518,0.9230769230769231
discourse,google_gemini-3.8-flash,0.21730382293762576,0.9259259259259259
discourse,google_gemini-3.8-flash,0.22535211267605634,0.9285714285714286
discourse,google_gemini-3.8-flash,0.23340040241448692,0.9310344827586207
discourse,google_gemini-3.8-flash,0.2414486921529175,0.9166666666666666
discourse,google_gemini-3.8-flash,0.24949698189134809,0.9112903225806451
discourse,google_gemini-3.8-flash,0.2575452716297787,0.9140625
discourse,google_gemini-3.8-flash,0.2655935613682093,0.9166666666666666
discourse,google_gemini-3.8-flash,0.27364185110663986,0.9191176470588235
discourse,google_gemini-3.8-flash,0.28169014084507044,0.9214285714285714
discourse,google_gemini-3.8-flash,0.289738430583501,0.9166666666666666
discourse,google_gemini-3.8-flash,0.2977867203219316,0.918918918918919
discourse,google_gemini-3.8-flash,0.3058350100603622,0.9210526315789473
discourse,google_gemini-3.8-flash,0.31388329979879276,0.9166666666666666
discourse,google_gemini-3.8-flash,0.32193158953722334,0.9125
discourse,google_gemini-3.8-flash,0.3299798792756539,0.9146341463414634
discourse,google_gemini-3.8-flash,0.3380281690140845,0.9107142857142857
discourse,google_gemini-3.8-flash,0.3460764587525151,0.9069767441860465
discourse,google_gemini-3.8-flash,0.35412474849094566,0.8977272727272727
discourse,google_gemini-3.8-flash,0.36217303822937624,0.8944444444444445
discourse,google_gemini-3.8-flash,0.3702213279678068,0.8913043478260869
discourse,google_gemini-3.8-flash,0.3782696177062374,0.8936170212765957
discourse,google_gemini-3.8-flash,0.386317907444668,0.890625
discourse,google_gemini-3.8-flash,0.39436619718309857,0.8877551020408163
discourse,google_gemini-3.8-flash,0.4024144869215292,0.89
discourse,google_gemini-3.8-flash,0.4104627766599598,0.8921568627450981
discourse,google_gemini-3.8-flash,0.41851106639839036,0.8894230769230769
discourse,google_gemini-3.8-flash,0.42655935613682094,0.8867924528301887
discourse,google_gemini-3.8-flash,0.4346076458752515,0.8842592592592593
discourse,google_gemini-3.8-flash,0.4426559356136821,0.8818181818181818
discourse,google_gemini-3.8-flash,0.4507042253521127,0.875
discourse,google_gemini-3.8-flash,0.45875251509054327,0.868421052631579
discourse,google_gemini-3.8-flash,0.46680080482897385,0.8577586206896551
discourse,google_gemini-3.8-flash,0.47484909456740443,0.8559322033898306
discourse,google_gemini-3.8-flash,0.482897384305835,0.8583333333333333
discourse,google_gemini-3.8-flash,0.4909456740442656,0.860655737704918
discourse,google_gemini-3.8-flash,0.49899396378269617,0.8629032258064516
discourse,google_gemini-3.8-flash,0.5070422535211268,0.8571428571428571
discourse,google_gemini-3.8-flash,0.5150905432595574,0.859375
discourse,google_gemini-3.8-flash,0.5231388329979879,0.8615384615384616
discourse,google_gemini-3.8-flash,0.5311871227364185,0.8598484848484849
discourse,google_gemini-3.8-flash,0.5392354124748491,0.8544776119402985
discourse,google_gemini-3.8-flash,0.5472837022132797,0.8529411764705882
discourse,google_gemini-3.8-flash,0.5553319919517102,0.8478260869565217
discourse,google_gemini-3.8-flash,0.5633802816901409,0.8428571428571429
discourse,google_gemini-3.8-flash,0.5714285714285714,0.8450704225352113
discourse,google_gemini-3.8-flash,0.579476861167002,0.8402777777777778
discourse,google_gemini-3.8-flash,0.5875251509054326,0.839041095890411
discourse,google_gemini-3.8-flash,0.5955734406438632,0.8344594594594594
discourse,google_gemini-3.8-flash,0.6036217303822937,0.8333333333333334
discourse,google_gemini-3.8-flash,0.6116700201207244,0.8289473684210527
discourse,google_gemini-3.8-flash,0.6197183098591549,0.8246753246753247
discourse,google_gemini-3.8-flash,0.6277665995975855,0.8269230769230769
discourse,google_gemini-3.8-flash,0.635814889336016,0.8259493670886076
discourse,google_gemini-3.8-flash,0.6438631790744467,0.821875
discourse,google_gemini-3.8-flash,0.6519114688128773,0.8148148148148148
discourse,google_gemini-3.8-flash,0.6599597585513078,0.8109756097560976
discourse,google_gemini-3.8-flash,0.6680080482897385,0.8072289156626506
discourse,google_gemini-3.8-flash,0.676056338028169,0.8035714285714286
discourse,google_gemini-3.8-flash,0.6841046277665996,0.8
discourse,google_gemini-3.8-flash,0.6921529175050302,0.7965116279069767
discourse,google_gemini-3.8-flash,0.7002012072434608,0.7931034482758621
discourse,google_gemini-3.8-flash,0.7082494969818913,0.7869318181818182
discourse,google_gemini-3.8-flash,0.716297786720322,0.7837078651685393
discourse,google_gemini-3.8-flash,0.7243460764587525,0.7805555555555556
discourse,google_gemini-3.8-flash,0.7323943661971831,0.7774725274725275
discourse,google_gemini-3.8-flash,0.7404426559356136,0.7744565217391305
discourse,google_gemini-3.8-flash,0.7484909456740443,0.7741935483870968
discourse,google_gemini-3.8-flash,0.7565392354124748,0.773936170212766
discourse,google_gemini-3.8-flash,0.7645875251509054,0.7763157894736842
discourse,google_gemini-3.8-flash,0.772635814889336,0.7760416666666666
discourse,google_gemini-3.8-flash,0.7806841046277666,0.7757731958762887
discourse,google_gemini-3.8-flash,0.7887323943661971,0.7729591836734694
discourse,google_gemini-3.8-flash,0.7967806841046278,0.7676767676767676
discourse,google_gemini-3.8-flash,0.8048289738430584,0.765
discourse,google_gemini-3.8-flash,0.8128772635814889,0.7648514851485149
discourse,google_gemini-3.8-flash,0.8209255533199196,0.7647058823529411
discourse,google_gemini-3.8-flash,0.8289738430583501,0.7572815533980582
discourse,google_gemini-3.8-flash,0.8370221327967807,0.7572115384615384
discourse,google_gemini-3.8-flash,0.8450704225352113,0.7571428571428571
discourse,google_gemini-3.8-flash,0.8531187122736419,0.7570754716981132
discourse,google_gemini-3.8-flash,0.8611670020120724,0.7593457943925234
discourse,google_gemini-3.8-flash,0.869215291750503,0.7569444444444444
discourse,google_gemini-3.8-flash,0.8772635814889336,0.7522935779816514
discourse,google_gemini-3.8-flash,0.8853118712273642,0.7477272727272727
discourse,google_gemini-3.8-flash,0.8933601609657947,0.75
discourse,google_gemini-3.8-flash,0.9014084507042254,0.7477678571428571
discourse,google_gemini-3.8-flash,0.9094567404426559,0.745575221238938
discourse,google_gemini-3.8-flash,0.9175050301810865,0.743421052631579
discourse,google_gemini-3.8-flash,0.9255533199195171,0.7391304347826086
discourse,google_gemini-3.8-flash,0.9336016096579477,0.7327586206896551
discourse,google_gemini-3.8-flash,0.9416498993963782,0.7307692307692307
discourse,google_gemini-3.8-flash,0.9496981891348089,0.7288135593220338
discourse,google_gemini-3.8-flash,0.9577464788732394,0.726890756302521
discourse,google_gemini-3.8-flash,0.96579476861167,0.7229166666666667
discourse,google_gemini-3.8-flash,0.9738430583501007,0.7231404958677686
discourse,google_gemini-3.8-flash,0.9818913480885312,0.7213114754098361
discourse,google_gemini-3.8-flash,0.9899396378269618,0.7195121951219512
discourse,google_gemini-3.8-flash,0.9979879275653923,0.7137096774193549
discourse,google_gemini-3.8-flash,1.0,0.7122736418511066
discourse,jev,0.008048289738430584,0.75
discourse,jev,0.01609657947686117,0.875
discourse,jev,0.02414486921529175,0.8333333333333334
discourse,jev,0.03219315895372234,0.875
discourse,jev,0.04024144869215292,0.8
discourse,jev,0.0482897384305835,0.8333333333333334
discourse,jev,0.056338028169014086,0.8571428571428571
discourse,jev,0.06438631790744467,0.875
discourse,jev,0.07243460764587525,0.8888888888888888
discourse,jev,0.08048289738430583,0.875
discourse,jev,0.08853118712273642,0.8863636363636364
discourse,jev,0.096579476861167,0.875
discourse,jev,0.10462776659959759,0.8461538461538461
discourse,jev,0.11267605633802817,0.8571428571428571
discourse,jev,0.12072434607645875,0.85
discourse,jev,0.12877263581488935,0.859375
discourse,jev,0.13682092555331993,0.8676470588235294
discourse,jev,0.1448692152917505,0.875
discourse,jev,0.1529175050301811,0.881578947368421
discourse,jev,0.16096579476861167,0.8625
discourse,jev,0.16901408450704225,0.8690476190476191
discourse,jev,0.17706237424547283,0.875
discourse,jev,0.1851106639839034,0.8478260869565217
discourse,jev,0.193158953722334,0.84375
discourse,jev,0.2012072434607646,0.84
discourse,jev,0.20925553319919518,0.8461538461538461
discourse,jev,0.21730382293762576,0.8425925925925926
discourse,jev,0.22535211267605634,0.8392857142857143
discourse,jev,0.23340040241448692,0.8362068965517241
discourse,jev,0.2414486921529175,0.8333333333333334
discourse,jev,0.24949698189134809,0.8387096774193549
discourse,jev,0.2575452716297787,0.8203125
discourse,jev,0.2655935613682093,0.8257575757575758
discourse,jev,0.27364185110663986,0.8235294117647058
discourse,jev,0.28169014084507044,0.8214285714285714
discourse,jev,0.289738430583501,0.8194444444444444
discourse,jev,0.2977867203219316,0.8175675675675675
discourse,jev,0.3058350100603622,0.8092105263157895
discourse,jev,0.31388329979879276,0.8076923076923077
discourse,jev,0.32193158953722334,0.8125
discourse,jev,0.3299798792756539,0.8109756097560976
discourse,jev,0.3380281690140845,0.8154761904761905
discourse,jev,0.3460764587525151,0.813953488372093
discourse,jev,0.35412474849094566,0.8125
discourse,jev,0.36217303822937624,0.8
discourse,jev,0.3702213279678068,0.7989130434782609
discourse,jev,0.3782696177062374,0.7872340425531915
discourse,jev,0.386317907444668,0.78125
discourse,jev,0.39436619718309857,0.7806122448979592
discourse,jev,0.4024144869215292,0.775
discourse,jev,0.4104627766599598,0.7794117647058824
discourse,jev,0.41851106639839036,0.7788461538461539
discourse,jev,0.42655935613682094,0.7830188679245284
discourse,jev,0.4346076458752515,0.7870370370370371
discourse,jev,0.4426559356136821,0.7818181818181819
discourse,jev,0.4507042253521127,0.78125
discourse,jev,0.45875251509054327,0.7719298245614035
discourse,jev,0.46680080482897385,0.7672413793103449
discourse,jev,0.47484909456740443,0.7627118644067796
discourse,jev,0.482897384305835,0.7625
discourse,jev,0.4909456740442656,0.7622950819672131
discourse,jev,0.49899396378269617,0.7661290322580645
discourse,jev,0.5070422535211268,0.7619047619047619
discourse,jev,0.5150905432595574,0.76171875
discourse,jev,0.5231388329979879,0.7576923076923077
discourse,jev,0.5311871227364185,0.75
discourse,jev,0.5392354124748491,0.746268656716418
discourse,jev,0.5472837022132797,0.7389705882352942
discourse,jev,0.5553319919517102,0.7391304347826086
discourse,jev,0.5633802816901409,0.7428571428571429
discourse,jev,0.5714285714285714,0.7394366197183099
discourse,jev,0.579476861167002,0.7326388888888888
discourse,jev,0.5875251509054326,0.7328767123287672
discourse,jev,0.5955734406438632,0.7364864864864865
discourse,jev,0.6036217303822937,0.7333333333333333
discourse,jev,0.6116700201207244,0.7302631578947368
discourse,jev,0.6197183098591549,0.7305194805194806
discourse,jev,0.6277665995975855,0.7307692307692307
discourse,jev,0.635814889336016,0.7278481012658228
discourse,jev,0.6438631790744467,0.725
discourse,jev,0.6519114688128773,0.7253086419753086
discourse,jev,0.6599597585513078,0.725609756097561
discourse,jev,0.6680080482897385,0.7198795180722891
discourse,jev,0.676056338028169,0.7142857142857143
discourse,jev,0.6841046277665996,0.7147058823529412
discourse,jev,0.6921529175050302,0.7122093023255814
discourse,jev,0.7002012072434608,0.7068965517241379
discourse,jev,0.7082494969818913,0.6988636363636364
discourse,jev,0.716297786720322,0.6938202247191011
discourse,jev,0.7243460764587525,0.6916666666666667
discourse,jev,0.7323943661971831,0.6923076923076923
discourse,jev,0.7404426559356136,0.6929347826086957
discourse,jev,0.7484909456740443,0.6881720430107527
discourse,jev,0.7565392354124748,0.6861702127659575
discourse,jev,0.7645875251509054,0.6815789473684211
discourse,jev,0.772635814889336,0.6822916666666666
discourse,jev,0.7806841046277666,0.6804123711340206
discourse,jev,0.7887323943661971,0.6760204081632653
discourse,jev,0.7967806841046278,0.6742424242424242
discourse,jev,0.8048289738430584,0.675
discourse,jev,0.8128772635814889,0.6732673267326733
discourse,jev,0.8209255533199196,0.6666666666666666
discourse,jev,0.8289738430583501,0.6650485436893204
discourse,jev,0.8370221327967807,0.6610576923076923
discourse,jev,0.8450704225352113,0.6547619047619048
discourse,jev,0.8531187122736419,0.6533018867924528
discourse,jev,0.8611670020120724,0.647196261682243
discourse,jev,0.869215291750503,0.6458333333333334
discourse,jev,0.8772635814889336,0.6422018348623854
discourse,jev,0.8853118712273642,0.6386363636363637
discourse,jev,0.8933601609657947,0.6351351351351351
discourse,jev,0.9014084507042254,0.6339285714285714
discourse,jev,0.9094567404426559,0.6305309734513275
discourse,jev,0.9175050301810865,0.625
discourse,jev,0.9255533199195171,0.6239130434782608
discourse,jev,0.9336016096579477,0.6206896551724138
discourse,jev,0.9416498993963782,0.6175213675213675
discourse,jev,0.9496981891348089,0.6165254237288136
discourse,jev,0.9577464788732394,0.6134453781512605
discourse,jev,0.96579476861167,0.6104166666666667
discourse,jev,0.9738430583501007,0.6115702479338843
discourse,jev,0.9818913480885312,0.6086065573770492
discourse,jev,0.9899396378269618,0.6077235772357723
discourse,jev,0.9979879275653923,0.6048387096774194
discourse,jev,1.0,0.6036217303822937
discourse,local_rlcd-0.6b,0.008048289738430584,0.25
discourse,local_rlcd-0.6b,0.01609657947686117,0.5
discourse,local_rlcd-0.6b,0.02414486921529175,0.5833333333333334
discourse,local_rlcd-0.6b,0.03219315895372234,0.5
discourse,local_rlcd-0.6b,0.04024144869215292,0.45
discourse,local_rlcd-0.6b,0.0482897384305835,0.5
discourse,local_rlcd-0.6b,0.056338028169014086,0.42857142857142855
discourse,local_rlcd-0.6b,0.06438631790744467,0.46875
discourse,local_rlcd-0.6b,0.07243460764587525,0.4722222222222222
discourse,local_rlcd-0.6b,0.08048289738430583,0.475
discourse,local_rlcd-0.6b,0.08853118712273642,0.45454545454545453
discourse,local_rlcd-0.6b,0.096579476861167,0.4791666666666667
discourse,local_rlcd-0.6b,0.10462776659959759,0.5
discourse,local_rlcd-0.6b,0.11267605633802817,0.48214285714285715
discourse,local_rlcd-0.6b,0.12072434607645875,0.4666666666666667
discourse,local_rlcd-0.6b,0.12877263581488935,0.484375
discourse,local_rlcd-0.6b,0.13682092555331993,0.47058823529411764
discourse,local_rlcd-0.6b,0.1448692152917505,0.4583333333333333
discourse,local_rlcd-0.6b,0.1529175050301811,0.4473684210526316
discourse,local_rlcd-0.6b,0.16096579476861167,0.45
discourse,local_rlcd-0.6b,0.16901408450704225,0.44047619047619047
discourse,local_rlcd-0.6b,0.17706237424547283,0.4431818181818182
discourse,local_rlcd-0.6b,0.1851106639839034,0.44565217391304346
discourse,local_rlcd-0.6b,0.193158953722334,0.4375
discourse,local_rlcd-0.6b,0.2012072434607646,0.43
discourse,local_rlcd-0.6b,0.20925553319919518,0.4326923076923077
discourse,local_rlcd-0.6b,0.21730382293762576,0.42592592592592593
discourse,local_rlcd-0.6b,0.22535211267605634,0.41964285714285715
discourse,local_rlcd-0.6b,0.23340040241448692,0.41379310344827586
discourse,local_rlcd-0.6b,0.2414486921529175,0.4166666666666667
discourse,local_rlcd-0.6b,0.24949698189134809,0.41935483870967744
discourse,local_rlcd-0.6b,0.2575452716297787,0.4140625
discourse,local_rlcd-0.6b,0.2655935613682093,0.4090909090909091
discourse,local_rlcd-0.6b,0.27364185110663986,0.39705882352941174
discourse,local_rlcd-0.6b,0.28169014084507044,0.38571428571428573
discourse,local_rlcd-0.6b,0.289738430583501,0.3819444444444444
discourse,local_rlcd-0.6b,0.2977867203219316,0.3716216216216216
discourse,local_rlcd-0.6b,0.3058350100603622,0.3684210526315789
discourse,local_rlcd-0.6b,0.31388329979879276,0.36538461538461536
discourse,local_rlcd-0.6b,0.32193158953722334,0.375
discourse,local_rlcd-0.6b,0.3299798792756539,0.3719512195121951
discourse,local_rlcd-0.6b,0.3380281690140845,0.375
discourse,local_rlcd-0.6b,0.3460764587525151,0.38372093023255816
discourse,local_rlcd-0.6b,0.35412474849094566,0.38636363636363635
discourse,local_rlcd-0.6b,0.36217303822937624,0.37777777777777777
discourse,local_rlcd-0.6b,0.3702213279678068,0.3695652173913043
discourse,local_rlcd-0.6b,0.3782696177062374,0.3670212765957447
discourse,local_rlcd-0.6b,0.386317907444668,0.359375
discourse,local_rlcd-0.6b,0.39436619718309857,0.3622448979591837
discourse,local_rlcd-0.6b,0.4024144869215292,0.355
discourse,local_rlcd-0.6b,0.4104627766599598,0.3480392156862745
discourse,local_rlcd-0.6b,0.41851106639839036,0.35096153846153844
discourse,local_rlcd-0.6b,0.42655935613682094,0.35377358490566035
discourse,local_rlcd-0.6b,0.4346076458752515,0.3472222222222222
discourse,local_rlcd-0.6b,0.4426559356136821,0.3409090909090909
discourse,local_rlcd-0.6b,0.4507042253521127,0.3392857142857143
discourse,local_rlcd-0.6b,0.45875251509054327,0.34649122807017546
discourse,local_rlcd-0.6b,0.46680080482897385,0.34051724137931033
discourse,local_rlcd-0.6b,0.47484909456740443,0.3389830508474576
discourse,local_rlcd-0.6b,0.482897384305835,0.3416666666666667
discourse,local_rlcd-0.6b,0.4909456740442656,0.3401639344262295
discourse,local_rlcd-0.6b,0.49899396378269617,0.34274193548387094
discourse,local_rlcd-0.6b,0.5070422535211268,0.34523809523809523
discourse,local_rlcd-0.6b,0.5150905432595574,0.3515625
discourse,local_rlcd-0.6b,0.5231388329979879,0.35
discourse,local_rlcd-0.6b,0.5311871227364185,0.3484848484848485
discourse,local_rlcd-0.6b,0.5392354124748491,0.34328358208955223
discourse,local_rlcd-0.6b,0.5472837022132797,0.34191176470588236
discourse,local_rlcd-0.6b,0.5553319919517102,0.33695652173913043
discourse,local_rlcd-0.6b,0.5633802816901409,0.33214285714285713
discourse,local_rlcd-0.6b,0.5714285714285714,0.3274647887323944
discourse,local_rlcd-0.6b,0.579476861167002,0.3298611111111111
discourse,local_rlcd-0.6b,0.5875251509054326,0.3356164383561644
discourse,local_rlcd-0.6b,0.5955734406438632,0.3310810810810811
discourse,local_rlcd-0.6b,0.6036217303822937,0.33
discourse,local_rlcd-0.6b,0.6116700201207244,0.32894736842105265
discourse,local_rlcd-0.6b,0.6197183098591549,0.33116883116883117
discourse,local_rlcd-0.6b,0.6277665995975855,0.3333333333333333
discourse,local_rlcd-0.6b,0.635814889336016,0.33544303797468356
discourse,local_rlcd-0.6b,0.6438631790744467,0.3375
discourse,local_rlcd-0.6b,0.6519114688128773,0.3333333333333333
discourse,local_rlcd-0.6b,0.6599597585513078,0.3384146341463415
discourse,local_rlcd-0.6b,0.6680080482897385,0.3373493975903614
discourse,local_rlcd-0.6b,0.676056338028169,0.33630952380952384
discourse,local_rlcd-0.6b,0.6841046277665996,0.3411764705882353
discourse,local_rlcd-0.6b,0.6921529175050302,0.34011627906976744
discourse,local_rlcd-0.6b,0.7002012072434608,0.3390804597701149
discourse,local_rlcd-0.6b,0.7082494969818913,0.3380681818181818
discourse,local_rlcd-0.6b,0.716297786720322,0.33707865168539325
discourse,local_rlcd-0.6b,0.7243460764587525,0.3388888888888889
discourse,local_rlcd-0.6b,0.7323943661971831,0.33516483516483514
discourse,local_rlcd-0.6b,0.7404426559356136,0.3342391304347826
discourse,local_rlcd-0.6b,0.7484909456740443,0.3333333333333333
discourse,local_rlcd-0.6b,0.7565392354124748,0.32978723404255317
discourse,local_rlcd-0.6b,0.7645875251509054,0.3263157894736842
discourse,local_rlcd-0.6b,0.772635814889336,0.3255208333333333
discourse,local_rlcd-0.6b,0.7806841046277666,0.3247422680412371
discourse,local_rlcd-0.6b,0.7887323943661971,0.32142857142857145
discourse,local_rlcd-0.6b,0.7967806841046278,0.3207070707070707
discourse,local_rlcd-0.6b,0.8048289738430584,0.3175
discourse,local_rlcd-0.6b,0.8128772635814889,0.3193069306930693
discourse,local_rlcd-0.6b,0.8209255533199196,0.31862745098039214
discourse,local_rlcd-0.6b,0.8289738430583501,0.3155339805825243
discourse,local_rlcd-0.6b,0.8370221327967807,0.31490384615384615
discourse,local_rlcd-0.6b,0.8450704225352113,0.3142857142857143
discourse,local_rlcd-0.6b,0.8531187122736419,0.3136792452830189
discourse,local_rlcd-0.6b,0.8611670020120724,0.3130841121495327
discourse,local_rlcd-0.6b,0.869215291750503,0.3125
discourse,local_rlcd-0.6b,0.8772635814889336,0.30963302752293576
discourse,local_rlcd-0.6b,0.8853118712273642,0.3068181818181818
discourse,local_rlcd-0.6b,0.8933601609657947,0.30405405405405406
discourse,local_rlcd-0.6b,0.9014084507042254,0.3013392857142857
discourse,local_rlcd-0.6b,0.9094567404426559,0.3008849557522124
discourse,local_rlcd-0.6b,0.9175050301810865,0.30043859649122806
discourse,local_rlcd-0.6b,0.9255533199195171,0.29782608695652174
discourse,local_rlcd-0.6b,0.9336016096579477,0.2952586206896552
discourse,local_rlcd-0.6b,0.9416498993963782,0.297008547008547
discourse,local_rlcd-0.6b,0.9496981891348089,0.2966101694915254
discourse,local_rlcd-0.6b,0.9577464788732394,0.29411764705882354
discourse,local_rlcd-0.6b,0.96579476861167,0.2916666666666667
discourse,local_rlcd-0.6b,0.9738430583501007,0.29132231404958675
discourse,local_rlcd-0.6b,0.9818913480885312,0.2930327868852459
discourse,local_rlcd-0.6b,0.9899396378269618,0.29065040650406504
discourse,local_rlcd-0.6b,0.9979879275653923,0.28830645161290325
discourse,local_rlcd-0.6b,1.0,0.289738430583501
emotion,google_gemini-3.8-flash,0.008032128514056224,1.0
emotion,google_gemini-3.8-flash,0.01606425702811245,0.875
emotion,google_gemini-3.8-flash,0.024096385542168676,0.9166666666666666
emotion,google_gemini-3.8-flash,0.0321285140562249,0.9375
emotion,google_gemini-3.8-flash,0.040160642570281124,0.95
emotion,google_gemini-3.8-flash,0.04819277108433735,0.9583333333333334
emotion,google_gemini-3.8-flash,0.05622489959839357,0.9642857142857143
emotion,google_gemini-3.8-flash,0.0642570281124498,0.9375
emotion,google_gemini-3.8-flash,0.07228915662650602,0.8611111111111112
emotion,google_gemini-3.8-flash,0.08032128514056225,0.8
emotion,google_gemini-3.8-flash,0.08835341365461848,0.7727272727272727
emotion,google_gemini-3.8-flash,0.0963855421686747,0.75
emotion,google_gemini-3.8-flash,0.10441767068273092,0.7692307692307693
emotion,google_gemini-3.8-flash,0.11244979919678715,0.75
emotion,google_gemini-3.8-flash,0.12048192771084337,0.7666666666666667
emotion,google_gemini-3.8-flash,0.1285140562248996,0.78125
emotion,google_gemini-3.8-flash,0.13654618473895583,0.7941176470588235
emotion,google_gemini-3.8-flash,0.14457831325301204,0.7777777777777778
emotion,google_gemini-3.8-flash,0.15261044176706828,0.7763157894736842
emotion,google_gemini-3.8-flash,0.1606425702811245,0.7875
emotion,google_gemini-3.8-flash,0.1686746987951807,0.7857142857142857
emotion,google_gemini-3.8-flash,0.17670682730923695,0.7840909090909091
emotion,google_gemini-3.8-flash,0.18473895582329317,0.7934782608695652
emotion,google_gemini-3.8-flash,0.1927710843373494,0.8020833333333334
emotion,google_gemini-3.8-flash,0.20080321285140562,0.81
emotion,google_gemini-3.8-flash,0.20883534136546184,0.7788461538461539
emotion,google_gemini-3.8-flash,0.21686746987951808,0.7685185185185185
emotion,google_gemini-3.8-flash,0.2248995983935743,0.75
emotion,google_gemini-3.8-flash,0.23293172690763053,0.7413793103448276
emotion,google_gemini-3.8-flash,0.24096385542168675,0.75
emotion,google_gemini-3.8-flash,0.24899598393574296,0.7580645161290323
emotion,google_gemini-3.8-flash,0.2570281124497992,0.7578125
emotion,google_gemini-3.8-flash,0.26506024096385544,0.7575757575757576
emotion,google_gemini-3.8-flash,0.27309236947791166,0.7573529411764706
emotion,google_gemini-3.8-flash,0.28112449799196787,0.75
emotion,google_gemini-3.8-flash,0.2891566265060241,0.7569444444444444
emotion,google_gemini-3.8-flash,0.2971887550200803,0.7635135135135135
emotion,google_gemini-3.8-flash,0.30522088353413657,0.756578947368421
emotion,google_gemini-3.8-flash,0.3132530120481928,0.7628205128205128
emotion,google_gemini-3.8-flash,0.321285140562249,0.76875
emotion,google_gemini-3.8-flash,0.3293172690763052,0.774390243902439
emotion,google_gemini-3.8-flash,0.3373493975903614,0.7797619047619048
emotion,google_gemini-3.8-flash,0.3453815261044177,0.7790697674418605
emotion,google_gemini-3.8-flash,0.3534136546184739,0.7670454545454546
emotion,google_gemini-3.8-flash,0.3614457831325301,0.7722222222222223
emotion,google_gemini-3.8-flash,0.36947791164658633,0.7771739130434783
emotion,google_gemini-3.8-flash,0.37751004016064255,0.776595744680851
emotion,google_gemini-3.8-flash,0.3855421686746988,0.7708333333333334
emotion,google_gemini-3.8-flash,0.39357429718875503,0.7653061224489796
emotion,google_gemini-3.8-flash,0.40160642570281124,0.765
emotion,google_gemini-3.8-flash,0.40963855421686746,0.7549019607843137
emotion,google_gemini-3.8-flash,0.41767068273092367,0.7451923076923077
emotion,google_gemini-3.8-flash,0.42570281124497994,0.7358490566037735
emotion,google_gemini-3.8-flash,0.43373493975903615,0.7314814814814815
emotion,google_gemini-3.8-flash,0.44176706827309237,0.7318181818181818
emotion,google_gemini-3.8-flash,0.4497991967871486,0.7276785714285714
emotion,google_gemini-3.8-flash,0.4578313253012048,0.7192982456140351
emotion,google_gemini-3.8-flash,0.46586345381526106,0.7155172413793104
emotion,google_gemini-3.8-flash,0.4738955823293173,0.711864406779661
emotion,google_gemini-3.8-flash,0.4819277108433735,0.7041666666666667
emotion,google_gemini-3.8-flash,0.4899598393574297,0.7008196721311475
emotion,google_gemini-3.8-flash,0.4979919678714859,0.6975806451612904
emotion,google_gemini-3.8-flash,0.5060240963855421,0.6904761904761905
emotion,google_gemini-3.8-flash,0.5140562248995983,0.68359375
emotion,google_gemini-3.8-flash,0.5220883534136547,0.6807692307692308
emotion,google_gemini-3.8-flash,0.5301204819277109,0.6742424242424242
emotion,google_gemini-3.8-flash,0.5381526104417671,0.667910447761194
emotion,google_gemini-3.8-flash,0.5461847389558233,0.6654411764705882
emotion,google_gemini-3.8-flash,0.5542168674698795,0.6702898550724637
emotion,google_gemini-3.8-flash,0.5622489959839357,0.6714285714285714
emotion,google_gemini-3.8-flash,0.570281124497992,0.676056338028169
emotion,google_gemini-3.8-flash,0.5783132530120482,0.6770833333333334
emotion,google_gemini-3.8-flash,0.5863453815261044,0.6678082191780822
emotion,google_gemini-3.8-flash,0.5943775100401606,0.6621621621621622
emotion,google_gemini-3.8-flash,0.6024096385542169,0.6666666666666666
emotion,google_gemini-3.8-flash,0.6104417670682731,0.6677631578947368
emotion,google_gemini-3.8-flash,0.6184738955823293,0.6688311688311688
emotion,google_gemini-3.8-flash,0.6265060240963856,0.6666666666666666
emotion,google_gemini-3.8-flash,0.6345381526104418,0.6677215189873418
emotion,google_gemini-3.8-flash,0.642570281124498,0.6625
emotion,google_gemini-3.8-flash,0.6506024096385542,0.654320987654321
emotion,google_gemini-3.8-flash,0.6586345381526104,0.6554878048780488
emotion,google_gemini-3.8-flash,0.6666666666666666,0.6566265060240963
emotion,google_gemini-3.8-flash,0.6746987951807228,0.6547619047619048
emotion,google_gemini-3.8-flash,0.6827309236947792,0.65
emotion,google_gemini-3.8-flash,0.6907630522088354,0.6482558139534884
emotion,google_gemini-3.8-flash,0.6987951807228916,0.646551724137931
emotion,google_gemini-3.8-flash,0.7068273092369478,0.6420454545454546
emotion,google_gemini-3.8-flash,0.714859437751004,0.6376404494382022
emotion,google_gemini-3.8-flash,0.7228915662650602,0.6361111111111111
emotion,google_gemini-3.8-flash,0.7309236947791165,0.6373626373626373
emotion,google_gemini-3.8-flash,0.7389558232931727,0.6358695652173914
emotion,google_gemini-3.8-flash,0.7469879518072289,0.6317204301075269
emotion,google_gemini-3.8-flash,0.7550200803212851,0.6329787234042553
emotion,google_gemini-3.8-flash,0.7630522088353414,0.631578947368421
emotion,google_gemini-3.8-flash,0.7710843373493976,0.6328125
emotion,google_gemini-3.8-flash,0.7791164658634538,0.6314432989690721
emotion,google_gemini-3.8-flash,0.7871485943775101,0.6301020408163265
emotion,google_gemini-3.8-flash,0.7951807228915663,0.6262626262626263
emotion,google_gemini-3.8-flash,0.8032128514056225,0.62
emotion,google_gemini-3.8-flash,0.8112449799196787,0.6188118811881188
emotion,google_gemini-3.8-flash,0.8192771084337349,0.6151960784313726
emotion,google_gemini-3.8-flash,0.8273092369477911,0.6140776699029126
emotion,google_gemini-3.8-flash,0.8353413654618473,0.6129807692307693
emotion,google_gemini-3.8-flash,0.8433734939759037,0.6071428571428571
emotion,google_gemini-3.8-flash,0.8514056224899599,0.6014150943396226
emotion,google_gemini-3.8-flash,0.8594377510040161,0.6004672897196262
emotion,google_gemini-3.8-flash,0.8674698795180723,0.5972222222222222
emotion,google_gemini-3.8-flash,0.8755020080321285,0.5963302752293578
emotion,google_gemini-3.8-flash,0.8835341365461847,0.6
emotion,google_gemini-3.8-flash,0.891566265060241,0.6013513513513513
emotion,google_gemini-3.8-flash,0.8995983935742972,0.6004464285714286
emotion,google_gemini-3.8-flash,0.9076305220883534,0.5995575221238938
emotion,google_gemini-3.8-flash,0.9156626506024096,0.5942982456140351
emotion,google_gemini-3.8-flash,0.9236947791164659,0.5934782608695652
emotion,google_gemini-3.8-flash,0.9317269076305221,0.5948275862068966
emotion,google_gemini-3.8-flash,0.9397590361445783,0.5918803418803419
emotion,google_gemini-3.8-flash,0.9477911646586346,0.586864406779661
emotion,google_gemini-3.8-flash,0.9558232931726908,0.5861344537815126
emotion,google_gemini-3.8-flash,0.963855421686747,0.5833333333333334
emotion,google_gemini-3.8-flash,0.9718875502008032,0.5785123966942148
emotion,google_gemini-3.8-flash,0.9799196787148594,0.5799180327868853
emotion,google_gemini-3.8-flash,0.9879518072289156,0.5792682926829268
emotion,google_gemini-3.8-flash,0.9959839357429718,0.5745967741935484
emotion,google_gemini-3.8-flash,1.0,0.572289156626506
emotion,jev,0.008032128514056224,1.0
emotion,jev,0.01606425702811245,1.0
emotion,jev,0.024096385542168676,1.0
emotion,jev,0.0321285140562249,0.9375
emotion,jev,0.040160642570281124,0.95
emotion,jev,0.04819277108433735,0.9583333333333334
emotion,jev,0.05622489959839357,0.9285714285714286
emotion,jev,0.0642570281124498,0.90625
emotion,jev,0.07228915662650602,0.8888888888888888
emotion,jev,0.08032128514056225,0.875
emotion,jev,0.08835341365461848,0.8636363636363636
emotion,jev,0.0963855421686747,0.875
emotion,jev,0.10441767068273092,0.8846153846153846
emotion,jev,0.11244979919678715,0.8928571428571429
emotion,jev,0.12048192771084337,0.9
emotion,jev,0.1285140562248996,0.90625
emotion,jev,0.13654618473895583,0.8970588235294118
emotion,jev,0.14457831325301204,0.875
emotion,jev,0.15261044176706828,0.8552631578947368
emotion,jev,0.1606425702811245,0.8375
emotion,jev,0.1686746987951807,0.8214285714285714
emotion,jev,0.17670682730923695,0.8181818181818182
emotion,jev,0.18473895582329317,0.8152173913043478
emotion,jev,0.1927710843373494,0.8229166666666666
emotion,jev,0.20080321285140562,0.83
emotion,jev,0.20883534136546184,0.8365384615384616
emotion,jev,0.21686746987951808,0.8333333333333334
emotion,jev,0.2248995983935743,0.8214285714285714
emotion,jev,0.23293172690763053,0.7931034482758621
emotion,jev,0.24096385542168675,0.7916666666666666
emotion,jev,0.24899598393574296,0.7903225806451613
emotion,jev,0.2570281124497992,0.765625
emotion,jev,0.26506024096385544,0.7424242424242424
emotion,jev,0.27309236947791166,0.7352941176470589
emotion,jev,0.28112449799196787,0.7428571428571429
emotion,jev,0.2891566265060241,0.7430555555555556
emotion,jev,0.2971887550200803,0.75
emotion,jev,0.30522088353413657,0.75
emotion,jev,0.3132530120481928,0.7435897435897436
emotion,jev,0.321285140562249,0.74375
emotion,jev,0.3293172690763052,0.7439024390243902
emotion,jev,0.3373493975903614,0.7380952380952381
emotion,jev,0.3453815261044177,0.7267441860465116
emotion,jev,0.3534136546184739,0.7272727272727273
emotion,jev,0.3614457831325301,0.7222222222222222
emotion,jev,0.36947791164658633,0.7228260869565217
emotion,jev,0.37751004016064255,0.723404255319149
emotion,jev,0.3855421686746988,0.71875
emotion,jev,0.39357429718875503,0.7193877551020408
emotion,jev,0.40160642570281124,0.72
emotion,jev,0.40963855421686746,0.7156862745098039
emotion,jev,0.41767068273092367,0.7211538461538461
emotion,jev,0.42570281124497994,0.7216981132075472
emotion,jev,0.43373493975903615,0.7222222222222222
emotion,jev,0.44176706827309237,0.7181818181818181
emotion,jev,0.4497991967871486,0.7053571428571429
emotion,jev,0.4578313253012048,0.706140350877193
emotion,jev,0.46586345381526106,0.7025862068965517
emotion,jev,0.4738955823293173,0.6991525423728814
emotion,jev,0.4819277108433735,0.6916666666666667
emotion,jev,0.4899598393574297,0.6844262295081968
emotion,jev,0.4979919678714859,0.6854838709677419
emotion,jev,0.5060240963855421,0.6785714285714286
emotion,jev,0.5140562248995983,0.671875
emotion,jev,0.5220883534136547,0.6653846153846154
emotion,jev,0.5301204819277109,0.6666666666666666
emotion,jev,0.5381526104417671,0.664179104477612
emotion,jev,0.5461847389558233,0.6617647058823529
emotion,jev,0.5542168674698795,0.6521739130434783
emotion,jev,0.5622489959839357,0.6535714285714286
emotion,jev,0.570281124497992,0.647887323943662
emotion,jev,0.5783132530120482,0.6493055555555556
emotion,jev,0.5863453815261044,0.6506849315068494
emotion,jev,0.5943775100401606,0.6452702702702703
emotion,jev,0.6024096385542169,0.64
emotion,jev,0.6104417670682731,0.631578947368421
emotion,jev,0.6184738955823293,0.6331168831168831
emotion,jev,0.6265060240963856,0.6282051282051282
emotion,jev,0.6345381526104418,0.6234177215189873
emotion,jev,0.642570281124498,0.615625
emotion,jev,0.6506024096385542,0.6141975308641975
emotion,jev,0.6586345381526104,0.6067073170731707
emotion,jev,0.6666666666666666,0.6054216867469879
emotion,jev,0.6746987951807228,0.5982142857142857
emotion,jev,0.6827309236947792,0.5970588235294118
emotion,jev,0.6907630522088354,0.5959302325581395
emotion,jev,0.6987951807228916,0.5890804597701149
emotion,jev,0.7068273092369478,0.5823863636363636
emotion,jev,0.714859437751004,0.5758426966292135
emotion,jev,0.7228915662650602,0.5722222222222222
emotion,jev,0.7309236947791165,0.5686813186813187
emotion,jev,0.7389558232931727,0.5679347826086957
emotion,jev,0.7469879518072289,0.5672043010752689
emotion,jev,0.7550200803212851,0.5638297872340425
emotion,jev,0.7630522088353414,0.5605263157894737
emotion,jev,0.7710843373493976,0.5546875
emotion,jev,0.7791164658634538,0.5541237113402062
emotion,jev,0.7871485943775101,0.548469387755102
emotion,jev,0.7951807228915663,0.547979797979798
emotion,jev,0.8032128514056225,0.545
emotion,jev,0.8112449799196787,0.5420792079207921
emotion,jev,0.8192771084337349,0.5416666666666666
emotion,jev,0.8273092369477911,0.5388349514563107
emotion,jev,0.8353413654618473,0.5336538461538461
emotion,jev,0.8433734939759037,0.530952380952381
emotion,jev,0.8514056224899599,0.5306603773584906
emotion,jev,0.8594377510040161,0.530373831775701
emotion,jev,0.8674698795180723,0.5277777777777778
emotion,jev,0.8755020080321285,0.5275229357798165
emotion,jev,0.8835341365461847,0.5272727272727272
emotion,jev,0.891566265060241,0.527027027027027
emotion,jev,0.8995983935742972,0.5245535714285714
emotion,jev,0.9076305220883534,0.5199115044247787
emotion,jev,0.9156626506024096,0.5175438596491229
emotion,jev,0.9236947791164659,0.5130434782608696
emotion,jev,0.9317269076305221,0.5107758620689655
emotion,jev,0.9397590361445783,0.5149572649572649
emotion,jev,0.9477911646586346,0.5127118644067796
emotion,jev,0.9558232931726908,0.5105042016806722
emotion,jev,0.963855421686747,0.50625
emotion,jev,0.9718875502008032,0.5020661157024794
emotion,jev,0.9799196787148594,0.5020491803278688
emotion,jev,0.9879518072289156,0.5
emotion,jev,0.9959839357429718,0.4959677419354839
emotion,jev,1.0,0.4939759036144578
emotion,local_rlcd-0.6b,0.008032128514056224,0.25
emotion,local_rlcd-0.6b,0.01606425702811245,0.5
emotion,local_rlcd-0.6b,0.024096385542168676,0.4166666666666667
emotion,local_rlcd-0.6b,0.0321285140562249,0.5
emotion,local_rlcd-0.6b,0.040160642570281124,0.6
emotion,local_rlcd-0.6b,0.04819277108433735,0.6666666666666666
emotion,local_rlcd-0.6b,0.05622489959839357,0.6785714285714286
emotion,local_rlcd-0.6b,0.0642570281124498,0.6875
emotion,local_rlcd-0.6b,0.07228915662650602,0.7222222222222222
emotion,local_rlcd-0.6b,0.08032128514056225,0.725
emotion,local_rlcd-0.6b,0.08835341365461848,0.7272727272727273
emotion,local_rlcd-0.6b,0.0963855421686747,0.75
emotion,local_rlcd-0.6b,0.10441767068273092,0.75
emotion,local_rlcd-0.6b,0.11244979919678715,0.75
emotion,local_rlcd-0.6b,0.12048192771084337,0.7666666666666667
emotion,local_rlcd-0.6b,0.1285140562248996,0.78125
emotion,local_rlcd-0.6b,0.13654618473895583,0.7794117647058824
emotion,local_rlcd-0.6b,0.14457831325301204,0.7638888888888888
emotion,local_rlcd-0.6b,0.15261044176706828,0.75
emotion,local_rlcd-0.6b,0.1606425702811245,0.75
emotion,local_rlcd-0.6b,0.1686746987951807,0.7380952380952381
emotion,local_rlcd-0.6b,0.17670682730923695,0.7272727272727273
emotion,local_rlcd-0.6b,0.18473895582329317,0.717391304347826
emotion,local_rlcd-0.6b,0.1927710843373494,0.7083333333333334
emotion,local_rlcd-0.6b,0.20080321285140562,0.71
emotion,local_rlcd-0.6b,0.20883534136546184,0.6923076923076923
emotion,local_rlcd-0.6b,0.21686746987951808,0.7037037037037037
emotion,local_rlcd-0.6b,0.2248995983935743,0.7142857142857143
emotion,local_rlcd-0.6b,0.23293172690763053,0.7068965517241379
emotion,local_rlcd-0.6b,0.24096385542168675,0.7083333333333334
emotion,local_rlcd-0.6b,0.24899598393574296,0.7096774193548387
emotion,local_rlcd-0.6b,0.2570281124497992,0.7109375
emotion,local_rlcd-0.6b,0.26506024096385544,0.7196969696969697
emotion,local_rlcd-0.6b,0.27309236947791166,0.7205882352941176
emotion,local_rlcd-0.6b,0.28112449799196787,0.7071428571428572
emotion,local_rlcd-0.6b,0.2891566265060241,0.7013888888888888
emotion,local_rlcd-0.6b,0.2971887550200803,0.7027027027027027
emotion,local_rlcd-0.6b,0.30522088353413657,0.7105263157894737
emotion,local_rlcd-0.6b,0.3132530120481928,0.7051282051282052
emotion,local_rlcd-0.6b,0.321285140562249,0.7125
emotion,local_rlcd-0.6b,0.3293172690763052,0.7012195121951219
emotion,local_rlcd-0.6b,0.3373493975903614,0.7023809523809523
emotion,local_rlcd-0.6b,0.3453815261044177,0.6976744186046512
emotion,local_rlcd-0.6b,0.3534136546184739,0.6875
emotion,local_rlcd-0.6b,0.3614457831325301,0.6777777777777778
emotion,local_rlcd-0.6b,0.36947791164658633,0.6847826086956522
emotion,local_rlcd-0.6b,0.37751004016064255,0.675531914893617
emotion,local_rlcd-0.6b,0.3855421686746988,0.6822916666666666
emotion,local_rlcd-0.6b,0.39357429718875503,0.6785714285714286
emotion,local_rlcd-0.6b,0.40160642570281124,0.67
emotion,local_rlcd-0.6b,0.40963855421686746,0.6715686274509803
emotion,local_rlcd-0.6b,0.41767068273092367,0.6682692307692307
emotion,local_rlcd-0.6b,0.42570281124497994,0.6650943396226415
emotion,local_rlcd-0.6b,0.43373493975903615,0.6666666666666666
emotion,local_rlcd-0.6b,0.44176706827309237,0.6681818181818182
emotion,local_rlcd-0.6b,0.4497991967871486,0.6607142857142857
emotion,local_rlcd-0.6b,0.4578313253012048,0.6622807017543859
emotion,local_rlcd-0.6b,0.46586345381526106,0.6637931034482759
emotion,local_rlcd-0.6b,0.4738955823293173,0.6567796610169492
emotion,local_rlcd-0.6b,0.4819277108433735,0.65
emotion,local_rlcd-0.6b,0.4899598393574297,0.6516393442622951
emotion,local_rlcd-0.6b,0.4979919678714859,0.6532258064516129
emotion,local_rlcd-0.6b,0.5060240963855421,0.6468253968253969
emotion,local_rlcd-0.6b,0.5140562248995983,0.6484375
emotion,local_rlcd-0.6b,0.5220883534136547,0.65
emotion,local_rlcd-0.6b,0.5301204819277109,0.6477272727272727
emotion,local_rlcd-0.6b,0.5381526104417671,0.6417910447761194
emotion,local_rlcd-0.6b,0.5461847389558233,0.6433823529411765
emotion,local_rlcd-0.6b,0.5542168674698795,0.6413043478260869
emotion,local_rlcd-0.6b,0.5622489959839357,0.6392857142857142
emotion,local_rlcd-0.6b,0.570281124497992,0.6338028169014085
emotion,local_rlcd-0.6b,0.5783132530120482,0.6284722222222222
emotion,local_rlcd-0.6b,0.5863453815261044,0.6267123287671232
emotion,local_rlcd-0.6b,0.5943775100401606,0.625
emotion,local_rlcd-0.6b,0.6024096385542169,0.6233333333333333
emotion,local_rlcd-0.6b,0.6104417670682731,0.6151315789473685
emotion,local_rlcd-0.6b,0.6184738955823293,0.6136363636363636
emotion,local_rlcd-0.6b,0.6265060240963856,0.6089743589743589
emotion,local_rlcd-0.6b,0.6345381526104418,0.6012658227848101
emotion,local_rlcd-0.6b,0.642570281124498,0.603125
emotion,local_rlcd-0.6b,0.6506024096385542,0.6018518518518519
emotion,local_rlcd-0.6b,0.6586345381526104,0.5975609756097561
emotion,local_rlcd-0.6b,0.6666666666666666,0.5903614457831325
emotion,local_rlcd-0.6b,0.6746987951807228,0.5863095238095238
emotion,local_rlcd-0.6b,0.6827309236947792,0.5823529411764706
emotion,local_rlcd-0.6b,0.6907630522088354,0.5784883720930233
emotion,local_rlcd-0.6b,0.6987951807228916,0.5804597701149425
emotion,local_rlcd-0.6b,0.7068273092369478,0.5795454545454546
emotion,local_rlcd-0.6b,0.714859437751004,0.5730337078651685
emotion,local_rlcd-0.6b,0.7228915662650602,0.5722222222222222
emotion,local_rlcd-0.6b,0.7309236947791165,0.5714285714285714
emotion,local_rlcd-0.6b,0.7389558232931727,0.5679347826086957
emotion,local_rlcd-0.6b,0.7469879518072289,0.5645161290322581
emotion,local_rlcd-0.6b,0.7550200803212851,0.5638297872340425
emotion,local_rlcd-0.6b,0.7630522088353414,0.5631578947368421
emotion,local_rlcd-0.6b,0.7710843373493976,0.5598958333333334
emotion,local_rlcd-0.6b,0.7791164658634538,0.5541237113402062
emotion,local_rlcd-0.6b,0.7871485943775101,0.5510204081632653
emotion,local_rlcd-0.6b,0.7951807228915663,0.5505050505050505
emotion,local_rlcd-0.6b,0.8032128514056225,0.5475
emotion,local_rlcd-0.6b,0.8112449799196787,0.5470297029702971
emotion,local_rlcd-0.6b,0.8192771084337349,0.5490196078431373
emotion,local_rlcd-0.6b,0.8273092369477911,0.5461165048543689
emotion,local_rlcd-0.6b,0.8353413654618473,0.5432692307692307
emotion,local_rlcd-0.6b,0.8433734939759037,0.5380952380952381
emotion,local_rlcd-0.6b,0.8514056224899599,0.5377358490566038
emotion,local_rlcd-0.6b,0.8594377510040161,0.5350467289719626
emotion,local_rlcd-0.6b,0.8674698795180723,0.5300925925925926
emotion,local_rlcd-0.6b,0.8755020080321285,0.5321100917431193
emotion,local_rlcd-0.6b,0.8835341365461847,0.5318181818181819
emotion,local_rlcd-0.6b,0.891566265060241,0.5292792792792793
emotion,local_rlcd-0.6b,0.8995983935742972,0.5245535714285714
emotion,local_rlcd-0.6b,0.9076305220883534,0.5221238938053098
emotion,local_rlcd-0.6b,0.9156626506024096,0.5175438596491229
emotion,local_rlcd-0.6b,0.9236947791164659,0.5173913043478261
emotion,local_rlcd-0.6b,0.9317269076305221,0.5150862068965517
emotion,local_rlcd-0.6b,0.9397590361445783,0.5128205128205128
emotion,local_rlcd-0.6b,0.9477911646586346,0.5084745762711864
emotion,local_rlcd-0.6b,0.9558232931726908,0.5063025210084033
emotion,local_rlcd-0.6b,0.963855421686747,0.5041666666666667
emotion,local_rlcd-0.6b,0.9718875502008032,0.5041322314049587
emotion,local_rlcd-0.6b,0.9799196787148594,0.5020491803278688
emotion,local_rlcd-0.6b,0.9879518072289156,0.5020325203252033
emotion,local_rlcd-0.6b,0.9959839357429718,0.5
emotion,local_rlcd-0.6b,1.0,0.4979919678714859
flute,google_gemini-3.8-flash,0.01,1.0
flute,google_gemini-3.8-flash,0.02,1.0
flute,google_gemini-3.8-flash,0.03,1.0
flute,google_gemini-3.8-flash,0.04,1.0
flute,google_gemini-3.8-flash,0.05,1.0
flute,google_gemini-3.8-flash,0.06,1.0
flute,google_gemini-3.8-flash,0.07,1.0
flute,google_gemini-3.8-flash,0.08,1.0
flute,google_gemini-3.8-flash,0.09,1.0
flute,google_gemini-3.8-flash,0.1,1.0
flute,google_gemini-3.8-flash,0.11,1.0
flute,google_gemini-3.8-flash,0.12,1.0
flute,google_gemini-3.8-flash,0.13,1.0
flute,google_gemini-3.8-flash,0.14,1.0
flute,google_gemini-3.8-flash,0.15,1.0
flute,google_gemini-3.8-flash,0.16,1.0
flute,google_gemini-3.8-flash,0.17,1.0
flute,google_gemini-3.8-flash,0.18,1.0
flute,google_gemini-3.8-flash,0.19,1.0
flute,google_gemini-3.8-flash,0.2,0.98
flute,google_gemini-3.8-flash,0.21,0.9714285714285714
flute,google_gemini-3.8-flash,0.22,0.9636363636363636
flute,google_gemini-3.8-flash,0.23,0.9565217391304348
flute,google_gemini-3.8-flash,0.24,0.95
flute,google_gemini-3.8-flash,0.25,0.952
flute,google_gemini-3.8-flash,0.26,0.9538461538461539
flute,google_gemini-3.8-flash,0.27,0.9555555555555556
flute,google_gemini-3.8-flash,0.28,0.9571428571428572
flute,google_gemini-3.8-flash,0.29,0.9586206896551724
flute,google_gemini-3.8-flash,0.3,0.96
flute,google_gemini-3.8-flash,0.31,0.9612903225806452
flute,google_gemini-3.8-flash,0.32,0.9625
flute,google_gemini-3.8-flash,0.33,0.9636363636363636
flute,google_gemini-3.8-flash,0.34,0.9647058823529412
flute,google_gemini-3.8-flash,0.35,0.9657142857142857
flute,google_gemini-3.8-flash,0.36,0.9666666666666667
flute,google_gemini-3.8-flash,0.37,0.9675675675675676
flute,google_gemini-3.8-flash,0.38,0.968421052631579
flute,google_gemini-3.8-flash,0.39,0.9692307692307692
flute,google_gemini-3.8-flash,0.4,0.97
flute,google_gemini-3.8-flash,0.41,0.9707317073170731
flute,google_gemini-3.8-flash,0.42,0.9714285714285714
flute,google_gemini-3.8-flash,0.43,0.9720930232558139
flute,google_gemini-3.8-flash,0.44,0.9727272727272728
flute,google_gemini-3.8-flash,0.45,0.9733333333333334
flute,google_gemini-3.8-flash,0.46,0.9739130434782609
flute,google_gemini-3.8-flash,0.47,0.9744680851063829
flute,google_gemini-3.8-flash,0.48,0.975
flute,google_gemini-3.8-flash,0.49,0.9755102040816327
flute,google_gemini-3.8-flash,0.5,0.976
flute,google_gemini-3.8-flash,0.51,0.9764705882352941
flute,google_gemini-3.8-flash,0.52,0.9769230769230769
flute,google_gemini-3.8-flash,0.53,0.9773584905660377
flute,google_gemini-3.8-flash,0.54,0.9777777777777777
flute,google_gemini-3.8-flash,0.55,0.9781818181818182
flute,google_gemini-3.8-flash,0.56,0.9785714285714285
flute,google_gemini-3.8-flash,0.57,0.9789473684210527
flute,google_gemini-3.8-flash,0.58,0.9793103448275862
flute,google_gemini-3.8-flash,0.59,0.9796610169491525
flute,google_gemini-3.8-flash,0.6,0.98
flute,google_gemini-3.8-flash,0.61,0.980327868852459
flute,google_gemini-3.8-flash,0.62,0.9806451612903225
flute,google_gemini-3.8-flash,0.63,0.9809523809523809
flute,google_gemini-3.8-flash,0.64,0.98125
flute,google_gemini-3.8-flash,0.65,0.9815384615384616
flute,google_gemini-3.8-flash,0.66,0.9818181818181818
flute,google_gemini-3.8-flash,0.67,0.9761194029850746
flute,google_gemini-3.8-flash,0.68,0.9705882352941176
flute,google_gemini-3.8-flash,0.69,0.9652173913043478
flute,google_gemini-3.8-flash,0.7,0.9657142857142857
flute,google_gemini-3.8-flash,0.71,0.9661971830985916
flute,google_gemini-3.8-flash,0.72,0.9638888888888889
flute,google_gemini-3.8-flash,0.73,0.9616438356164384
flute,google_gemini-3.8-flash,0.74,0.9621621621621622
flute,google_gemini-3.8-flash,0.75,0.96
flute,google_gemini-3.8-flash,0.76,0.9605263157894737
flute,google_gemini-3.8-flash,0.77,0.9584415584415584
flute,google_gemini-3.8-flash,0.78,0.958974358974359
flute,google_gemini-3.8-flash,0.79,0.959493670886076
flute,google_gemini-3.8-flash,0.8,0.96
flute,google_gemini-3.8-flash,0.81,0.9604938271604938
flute,google_gemini-3.8-flash,0.82,0.9609756097560975
flute,google_gemini-3.8-flash,0.83,0.9590361445783132
flute,google_gemini-3.8-flash,0.84,0.9595238095238096
flute,google_gemini-3.8-flash,0.85,0.9576470588235294
flute,google_gemini-3.8-flash,0.86,0.9558139534883721
flute,google_gemini-3.8-flash,0.87,0.9563218390804598
flute,google_gemini-3.8-flash,0.88,0.9568181818181818
flute,google_gemini-3.8-flash,0.89,0.9573033707865168
flute,google_gemini-3.8-flash,0.9,0.9555555555555556
flute,google_gemini-3.8-flash,0.91,0.9516483516483516
flute,google_gemini-3.8-flash,0.92,0.95
flute,google_gemini-3.8-flash,0.93,0.946236559139785
flute,google_gemini-3.8-flash,0.94,0.9446808510638298
flute,google_gemini-3.8-flash,0.95,0.9431578947368421
flute,google_gemini-3.8-flash,0.96,0.9354166666666667
flute,google_gemini-3.8-flash,0.97,0.9360824742268041
flute,google_gemini-3.8-flash,0.98,0.9326530612244898
flute,google_gemini-3.8-flash,0.99,0.9292929292929293
flute,google_gemini-3.8-flash,1.0,0.926
flute,jev,0.01,1.0
flute,jev,0.02,1.0
flute,jev,0.03,1.0
flute,jev,0.04,1.0
flute,jev,0.05,1.0
flute,jev,0.06,1.0
flute,jev,0.07,1.0
flute,jev,0.08,1.0
flute,jev,0.09,1.0
flute,jev,0.1,1.0
flute,jev,0.11,1.0
flute,jev,0.12,1.0
flute,jev,0.13,1.0
flute,jev,0.14,1.0
flute,jev,0.15,1.0
flute,jev,0.16,1.0
flute,jev,0.17,1.0
flute,jev,0.18,1.0
flute,jev,0.19,1.0
flute,jev,0.2,1.0
flute,jev,0.21,1.0
flute,jev,0.22,0.990909090909091
flute,jev,0.23,0.991304347826087
flute,jev,0.24,0.9916666666666667
flute,jev,0.25,0.992
flute,jev,0.26,0.9923076923076923
flute,jev,0.27,0.9925925925925926
flute,jev,0.28,0.9928571428571429
flute,jev,0.29,0.993103448275862
flute,jev,0.3,0.9933333333333333
flute,jev,0.31,0.9870967741935484
flute,jev,0.32,0.9875
flute,jev,0.33,0.9878787878787879
flute,jev,0.34,0.9882352941176471
flute,jev,0.35,0.9885714285714285
flute,jev,0.36,0.9888888888888889
flute,jev,0.37,0.9891891891891892
flute,jev,0.38,0.9894736842105263
flute,jev,0.39,0.9897435897435898
flute,jev,0.4,0.99
flute,jev,0.41,0.9902439024390244
flute,jev,0.42,0.9904761904761905
flute,jev,0.43,0.9906976744186047
flute,jev,0.44,0.9818181818181818
flute,jev,0.45,0.9822222222222222
flute,jev,0.46,0.9826086956521739
flute,jev,0.47,0.9829787234042553
flute,jev,0.48,0.9833333333333333
flute,jev,0.49,0.9836734693877551
flute,jev,0.5,0.984
flute,jev,0.51,0.984313725490196
flute,jev,0.52,0.9846153846153847
flute,jev,0.53,0.9735849056603774
flute,jev,0.54,0.9740740740740741
flute,jev,0.55,0.9745454545454545
flute,jev,0.56,0.975
flute,jev,0.57,0.9719298245614035
flute,jev,0.58,0.9724137931034482
flute,jev,0.59,0.9728813559322034
flute,jev,0.6,0.9666666666666667
flute,jev,0.61,0.9672131147540983
flute,jev,0.62,0.967741935483871
flute,jev,0.63,0.9650793650793651
flute,jev,0.64,0.965625
flute,jev,0.65,0.9661538461538461
flute,jev,0.66,0.9666666666666667
flute,jev,0.67,0.9641791044776119
flute,jev,0.68,0.961764705882353
flute,jev,0.69,0.9623188405797102
flute,jev,0.7,0.9628571428571429
flute,jev,0.71,0.9633802816901409
flute,jev,0.72,0.9638888888888889
flute,jev,0.73,0.9616438356164384
flute,jev,0.74,0.9594594594594594
flute,jev,0.75,0.9546666666666667
flute,jev,0.76,0.9552631578947368
flute,jev,0.77,0.9454545454545454
flute,jev,0.78,0.9461538461538461
flute,jev,0.79,0.9443037974683545
flute,jev,0.8,0.9425
flute,jev,0.81,0.9382716049382716
flute,jev,0.82,0.9341463414634147
flute,jev,0.83,0.9349397590361446
flute,jev,0.84,0.9333333333333333
flute,jev,0.85,0.9317647058823529
flute,jev,0.86,0.9279069767441861
flute,jev,0.87,0.9241379310344827
flute,jev,0.88,0.9227272727272727
flute,jev,0.89,0.9191011235955057
flute,jev,0.9,0.9111111111111111
flute,jev,0.91,0.9076923076923077
flute,jev,0.92,0.9021739130434783
flute,jev,0.93,0.9032258064516129
flute,jev,0.94,0.8978723404255319
flute,jev,0.95,0.8926315789473684
flute,jev,0.96,0.8875
flute,jev,0.97,0.8804123711340206
flute,jev,0.98,0.8775510204081632
flute,jev,0.99,0.8707070707070707
flute,jev,1.0,0.864
flute,local_rlcd-0.6b,0.01,0.6
flute,local_rlcd-0.6b,0.02,0.7
flute,local_rlcd-0.6b,0.03,0.6666666666666666
flute,local_rlcd-0.6b,0.04,0.55
flute,local_rlcd-0.6b,0.05,0.44
flute,local_rlcd-0.6b,0.06,0.5
flute,local_rlcd-0.6b,0.07,0.4857142857142857
flute,local_rlcd-0.6b,0.08,0.5
flute,local_rlcd-0.6b,0.09,0.5111111111111111
flute,local_rlcd-0.6b,0.1,0.48
flute,local_rlcd-0.6b,0.11,0.4909090909090909
flute,local_rlcd-0.6b,0.12,0.48333333333333334
flute,local_rlcd-0.6b,0.13,0.46153846153846156
flute,local_rlcd-0.6b,0.14,0.44285714285714284
flute,local_rlcd-0.6b,0.15,0.44
flute,local_rlcd-0.6b,0.16,0.4125
flute,local_rlcd-0.6b,0.17,0.4235294117647059
flute,local_rlcd-0.6b,0.18,0.4444444444444444
flute,local_rlcd-0.6b,0.19,0.4421052631578947
flute,local_rlcd-0.6b,0.2,0.44
flute,local_rlcd-0.6b,0.21,0.4380952380952381
flute,local_rlcd-0.6b,0.22,0.45454545454545453
flute,local_rlcd-0.6b,0.23,0.4608695652173913
flute,local_rlcd-0.6b,0.24,0.4583333333333333
flute,local_rlcd-0.6b,0.25,0.456
flute,local_rlcd-0.6b,0.26,0.45384615384615384
flute,local_rlcd-0.6b,0.27,0.4444444444444444
flute,local_rlcd-0.6b,0.28,0.42857142857142855
flute,local_rlcd-0.6b,0.29,0.43448275862068964
flute,local_rlcd-0.6b,0.3,0.44
flute,local_rlcd-0.6b,0.31,0.432258064516129
flute,local_rlcd-0.6b,0.32,0.44375
flute,local_rlcd-0.6b,0.33,0.4484848484848485
flute,local_rlcd-0.6b,0.34,0.45294117647058824
flute,local_rlcd-0.6b,0.35,0.44571428571428573
flute,local_rlcd-0.6b,0.36,0.4388888888888889
flute,local_rlcd-0.6b,0.37,0.43243243243243246
flute,local_rlcd-0.6b,0.38,0.4368421052631579
flute,local_rlcd-0.6b,0.39,0.4307692307692308
flute,local_rlcd-0.6b,0.4,0.435
flute,local_rlcd-0.6b,0.41,0.43902439024390244
flute,local_rlcd-0.6b,0.42,0.42857142857142855
flute,local_rlcd-0.6b,0.43,0.4372093023255814
flute,local_rlcd-0.6b,0.44,0.43636363636363634
flute,local_rlcd-0.6b,0.45,0.4311111111111111
flute,local_rlcd-0.6b,0.46,0.4260869565217391
flute,local_rlcd-0.6b,0.47,0.4297872340425532
flute,local_rlcd-0.6b,0.48,0.42916666666666664
flute,local_rlcd-0.6b,0.49,0.4204081632653061
flute,local_rlcd-0.6b,0.5,0.416
flute,local_rlcd-0.6b,0.51,0.4196078431372549
flute,local_rlcd-0.6b,0.52,0.4230769230769231
flute,local_rlcd-0.6b,0.53,0.4226415094339623
flute,local_rlcd-0.6b,0.54,0.4148148148148148
flute,local_rlcd-0.6b,0.55,0.41454545454545455
flute,local_rlcd-0.6b,0.56,0.4142857142857143
flute,local_rlcd-0.6b,0.57,0.42105263157894735
flute,local_rlcd-0.6b,0.58,0.41724137931034483
flute,local_rlcd-0.6b,0.59,0.4101694915254237
flute,local_rlcd-0.6b,0.6,0.41
flute,local_rlcd-0.6b,0.61,0.4098360655737705
flute,local_rlcd-0.6b,0.62,0.4161290322580645
flute,local_rlcd-0.6b,0.63,0.4126984126984127
flute,local_rlcd-0.6b,0.64,0.4125
flute,local_rlcd-0.6b,0.65,0.40923076923076923
flute,local_rlcd-0.6b,0.66,0.4121212121212121
flute,local_rlcd-0.6b,0.67,0.41492537313432837
flute,local_rlcd-0.6b,0.68,0.4147058823529412
flute,local_rlcd-0.6b,0.69,0.4144927536231884
flute,local_rlcd-0.6b,0.7,0.4114285714285714
flute,local_rlcd-0.6b,0.71,0.4112676056338028
flute,local_rlcd-0.6b,0.72,0.4083333333333333
flute,local_rlcd-0.6b,0.73,0.40273972602739727
flute,local_rlcd-0.6b,0.74,0.4
flute,local_rlcd-0.6b,0.75,0.3973333333333333
flute,local_rlcd-0.6b,0.76,0.3973684210526316
flute,local_rlcd-0.6b,0.77,0.3948051948051948
flute,local_rlcd-0.6b,0.78,0.3923076923076923
flute,local_rlcd-0.6b,0.79,0.3949367088607595
flute,local_rlcd-0.6b,0.8,0.395
flute,local_rlcd-0.6b,0.81,0.3925925925925926
flute,local_rlcd-0.6b,0.82,0.3902439024390244
flute,local_rlcd-0.6b,0.83,0.3855421686746988
flute,local_rlcd-0.6b,0.84,0.38571428571428573
flute,local_rlcd-0.6b,0.85,0.3835294117647059
flute,local_rlcd-0.6b,0.86,0.3883720930232558
flute,local_rlcd-0.6b,0.87,0.38850574712643676
flute,local_rlcd-0.6b,0.88,0.38636363636363635
flute,local_rlcd-0.6b,0.89,0.3887640449438202
flute,local_rlcd-0.6b,0.9,0.38666666666666666
flute,local_rlcd-0.6b,0.91,0.38461538461538464
flute,local_rlcd-0.6b,0.92,0.3804347826086957
flute,local_rlcd-0.6b,0.93,0.38064516129032255
flute,local_rlcd-0.6b,0.94,0.37659574468085105
flute,local_rlcd-0.6b,0.95,0.37684210526315787
flute,local_rlcd-0.6b,0.96,0.3729166666666667
flute,local_rlcd-0.6b,0.97,0.3711340206185567
flute,local_rlcd-0.6b,0.98,0.3693877551020408
flute,local_rlcd-0.6b,0.99,0.36767676767676766
flute,local_rlcd-0.6b,1.0,0.364
ibc,google_gemini-3.8-flash,0.008032128514056224,1.0
ibc,google_gemini-3.8-flash,0.01606425702811245,1.0
ibc,google_gemini-3.8-flash,0.024096385542168676,1.0
ibc,google_gemini-3.8-flash,0.0321285140562249,1.0
ibc,google_gemini-3.8-flash,0.040160642570281124,1.0
ibc,google_gemini-3.8-flash,0.04819277108433735,1.0
ibc,google_gemini-3.8-flash,0.05622489959839357,1.0
ibc,google_gemini-3.8-flash,0.0642570281124498,1.0
ibc,google_gemini-3.8-flash,0.07228915662650602,0.9722222222222222
ibc,google_gemini-3.8-flash,0.08032128514056225,0.975
ibc,google_gemini-3.8-flash,0.08835341365461848,0.9318181818181818
ibc,google_gemini-3.8-flash,0.0963855421686747,0.9166666666666666
ibc,google_gemini-3.8-flash,0.10441767068273092,0.9230769230769231
ibc,google_gemini-3.8-flash,0.11244979919678715,0.9285714285714286
ibc,google_gemini-3.8-flash,0.12048192771084337,0.9333333333333333
ibc,google_gemini-3.8-flash,0.1285140562248996,0.921875
ibc,google_gemini-3.8-flash,0.13654618473895583,0.9264705882352942
ibc,google_gemini-3.8-flash,0.14457831325301204,0.9305555555555556
ibc,google_gemini-3.8-flash,0.15261044176706828,0.9078947368421053
ibc,google_gemini-3.8-flash,0.1606425702811245,0.9
ibc,google_gemini-3.8-flash,0.1686746987951807,0.8928571428571429
ibc,google_gemini-3.8-flash,0.17670682730923695,0.8863636363636364
ibc,google_gemini-3.8-flash,0.18473895582329317,0.8695652173913043
ibc,google_gemini-3.8-flash,0.1927710843373494,0.875
ibc,google_gemini-3.8-flash,0.20080321285140562,0.88
ibc,google_gemini-3.8-flash,0.20883534136546184,0.8846153846153846
ibc,google_gemini-3.8-flash,0.21686746987951808,0.8796296296296297
ibc,google_gemini-3.8-flash,0.2248995983935743,0.875
ibc,google_gemini-3.8-flash,0.23293172690763053,0.8706896551724138
ibc,google_gemini-3.8-flash,0.24096385542168675,0.8583333333333333
ibc,google_gemini-3.8-flash,0.24899598393574296,0.8387096774193549
ibc,google_gemini-3.8-flash,0.2570281124497992,0.828125
ibc,google_gemini-3.8-flash,0.26506024096385544,0.8106060606060606
ibc,google_gemini-3.8-flash,0.27309236947791166,0.8014705882352942
ibc,google_gemini-3.8-flash,0.28112449799196787,0.7857142857142857
ibc,google_gemini-3.8-flash,0.2891566265060241,0.7916666666666666
ibc,google_gemini-3.8-flash,0.2971887550200803,0.7905405405405406
ibc,google_gemini-3.8-flash,0.30522088353413657,0.7894736842105263
ibc,google_gemini-3.8-flash,0.3132530120481928,0.7948717948717948
ibc,google_gemini-3.8-flash,0.321285140562249,0.7875
ibc,google_gemini-3.8-flash,0.3293172690763052,0.7865853658536586
ibc,google_gemini-3.8-flash,0.3373493975903614,0.7797619047619048
ibc,google_gemini-3.8-flash,0.3453815261044177,0.7732558139534884
ibc,google_gemini-3.8-flash,0.3534136546184739,0.7670454545454546
ibc,google_gemini-3.8-flash,0.3614457831325301,0.7722222222222223
ibc,google_gemini-3.8-flash,0.36947791164658633,0.7663043478260869
ibc,google_gemini-3.8-flash,0.37751004016064255,0.7606382978723404
ibc,google_gemini-3.8-flash,0.3855421686746988,0.7604166666666666
ibc,google_gemini-3.8-flash,0.39357429718875503,0.7602040816326531
ibc,google_gemini-3.8-flash,0.40160642570281124,0.76
ibc,google_gemini-3.8-flash,0.40963855421686746,0.7598039215686274
ibc,google_gemini-3.8-flash,0.41767068273092367,0.7644230769230769
ibc,google_gemini-3.8-flash,0.42570281124497994,0.7641509433962265
ibc,google_gemini-3.8-flash,0.43373493975903615,0.7685185185185185
ibc,google_gemini-3.8-flash,0.44176706827309237,0.7727272727272727
ibc,google_gemini-3.8-flash,0.4497991967871486,0.7723214285714286
ibc,google_gemini-3.8-flash,0.4578313253012048,0.7631578947368421
ibc,google_gemini-3.8-flash,0.46586345381526106,0.7672413793103449
ibc,google_gemini-3.8-flash,0.4738955823293173,0.7711864406779662
ibc,google_gemini-3.8-flash,0.4819277108433735,0.7708333333333334
ibc,google_gemini-3.8-flash,0.4899598393574297,0.7745901639344263
ibc,google_gemini-3.8-flash,0.4979919678714859,0.7782258064516129
ibc,google_gemini-3.8-flash,0.5060240963855421,0.7777777777777778
ibc,google_gemini-3.8-flash,0.5140562248995983,0.77734375
ibc,google_gemini-3.8-flash,0.5220883534136547,0.7769230769230769
ibc,google_gemini-3.8-flash,0.5301204819277109,0.7727272727272727
ibc,google_gemini-3.8-flash,0.5381526104417671,0.7686567164179104
ibc,google_gemini-3.8-flash,0.5461847389558233,0.7610294117647058
ibc,google_gemini-3.8-flash,0.5542168674698795,0.7572463768115942
ibc,google_gemini-3.8-flash,0.5622489959839357,0.7571428571428571
ibc,google_gemini-3.8-flash,0.570281124497992,0.75
ibc,google_gemini-3.8-flash,0.5783132530120482,0.75
ibc,google_gemini-3.8-flash,0.5863453815261044,0.7465753424657534
ibc,google_gemini-3.8-flash,0.5943775100401606,0.7398648648648649
ibc,google_gemini-3.8-flash,0.6024096385542169,0.7333333333333333
ibc,google_gemini-3.8-flash,0.6104417670682731,0.7302631578947368
ibc,google_gemini-3.8-flash,0.6184738955823293,0.7272727272727273
ibc,google_gemini-3.8-flash,0.6265060240963856,0.7275641025641025
ibc,google_gemini-3.8-flash,0.6345381526104418,0.7278481012658228
ibc,google_gemini-3.8-flash,0.642570281124498,0.725
ibc,google_gemini-3.8-flash,0.6506024096385542,0.7191358024691358
ibc,google_gemini-3.8-flash,0.6586345381526104,0.7195121951219512
ibc,google_gemini-3.8-flash,0.6666666666666666,0.7198795180722891
ibc,google_gemini-3.8-flash,0.6746987951807228,0.7232142857142857
ibc,google_gemini-3.8-flash,0.6827309236947792,0.7235294117647059
ibc,google_gemini-3.8-flash,0.6907630522088354,0.7238372093023255
ibc,google_gemini-3.8-flash,0.6987951807228916,0.7270114942528736
ibc,google_gemini-3.8-flash,0.7068273092369478,0.7244318181818182
ibc,google_gemini-3.8-flash,0.714859437751004,0.7162921348314607
ibc,google_gemini-3.8-flash,0.7228915662650602,0.7166666666666667
ibc,google_gemini-3.8-flash,0.7309236947791165,0.7197802197802198
ibc,google_gemini-3.8-flash,0.7389558232931727,0.717391304347826
ibc,google_gemini-3.8-flash,0.7469879518072289,0.717741935483871
ibc,google_gemini-3.8-flash,0.7550200803212851,0.7180851063829787
ibc,google_gemini-3.8-flash,0.7630522088353414,0.718421052631579
ibc,google_gemini-3.8-flash,0.7710843373493976,0.7135416666666666
ibc,google_gemini-3.8-flash,0.7791164658634538,0.711340206185567
ibc,google_gemini-3.8-flash,0.7871485943775101,0.7040816326530612
ibc,google_gemini-3.8-flash,0.7951807228915663,0.6994949494949495
ibc,google_gemini-3.8-flash,0.8032128514056225,0.6925
ibc,google_gemini-3.8-flash,0.8112449799196787,0.6881188118811881
ibc,google_gemini-3.8-flash,0.8192771084337349,0.6838235294117647
ibc,google_gemini-3.8-flash,0.8273092369477911,0.6820388349514563
ibc,google_gemini-3.8-flash,0.8353413654618473,0.6826923076923077
ibc,google_gemini-3.8-flash,0.8433734939759037,0.6761904761904762
ibc,google_gemini-3.8-flash,0.8514056224899599,0.6721698113207547
ibc,google_gemini-3.8-flash,0.8594377510040161,0.6728971962616822
ibc,google_gemini-3.8-flash,0.8674698795180723,0.6689814814814815
ibc,google_gemini-3.8-flash,0.8755020080321285,0.6651376146788991
ibc,google_gemini-3.8-flash,0.8835341365461847,0.6590909090909091
ibc,google_gemini-3.8-flash,0.891566265060241,0.6599099099099099
ibc,google_gemini-3.8-flash,0.8995983935742972,0.6584821428571429
ibc,google_gemini-3.8-flash,0.9076305220883534,0.6592920353982301
ibc,google_gemini-3.8-flash,0.9156626506024096,0.6557017543859649
ibc,google_gemini-3.8-flash,0.9236947791164659,0.6521739130434783
ibc,google_gemini-3.8-flash,0.9317269076305221,0.6530172413793104
ibc,google_gemini-3.8-flash,0.9397590361445783,0.6517094017094017
ibc,google_gemini-3.8-flash,0.9477911646586346,0.6483050847457628
ibc,google_gemini-3.8-flash,0.9558232931726908,0.6449579831932774
ibc,google_gemini-3.8-flash,0.963855421686747,0.64375
ibc,google_gemini-3.8-flash,0.9718875502008032,0.640495867768595
ibc,google_gemini-3.8-flash,0.9799196787148594,0.6372950819672131
ibc,google_gemini-3.8-flash,0.9879518072289156,0.6361788617886179
ibc,google_gemini-3.8-flash,0.9959839357429718,0.6330645161290323
ibc,google_gemini-3.8-flash,1.0,0.6325301204819277
ibc,jev,0.008032128514056224,0.75
ibc,jev,0.01606425702811245,0.875
ibc,jev,0.024096385542168676,0.8333333333333334
ibc,jev,0.0321285140562249,0.875
ibc,jev,0.040160642570281124,0.9
ibc,jev,0.04819277108433735,0.9166666666666666
ibc,jev,0.05622489959839357,0.9285714285714286
ibc,jev,0.0642570281124498,0.90625
ibc,jev,0.07228915662650602,0.9166666666666666
ibc,jev,0.08032128514056225,0.925
ibc,jev,0.08835341365461848,0.9318181818181818
ibc,jev,0.0963855421686747,0.9375
ibc,jev,0.10441767068273092,0.9423076923076923
ibc,jev,0.11244979919678715,0.9285714285714286
ibc,jev,0.12048192771084337,0.9166666666666666
ibc,jev,0.1285140562248996,0.890625
ibc,jev,0.13654618473895583,0.8823529411764706
ibc,jev,0.14457831325301204,0.875
ibc,jev,0.15261044176706828,0.881578947368421
ibc,jev,0.1606425702811245,0.875
ibc,jev,0.1686746987951807,0.8690476190476191
ibc,jev,0.17670682730923695,0.875
ibc,jev,0.18473895582329317,0.8804347826086957
ibc,jev,0.1927710843373494,0.875
ibc,jev,0.20080321285140562,0.87
ibc,jev,0.20883534136546184,0.8653846153846154
ibc,jev,0.21686746987951808,0.8611111111111112
ibc,jev,0.2248995983935743,0.8660714285714286
ibc,jev,0.23293172690763053,0.8620689655172413
ibc,jev,0.24096385542168675,0.8583333333333333
ibc,jev,0.24899598393574296,0.8548387096774194
ibc,jev,0.2570281124497992,0.8359375
ibc,jev,0.26506024096385544,0.8257575757575758
ibc,jev,0.27309236947791166,0.8235294117647058
ibc,jev,0.28112449799196787,0.8214285714285714
ibc,jev,0.2891566265060241,0.8194444444444444
ibc,jev,0.2971887550200803,0.8175675675675675
ibc,jev,0.30522088353413657,0.8157894736842105
ibc,jev,0.3132530120481928,0.8205128205128205
ibc,jev,0.321285140562249,0.825
ibc,jev,0.3293172690763052,0.823170731707317
ibc,jev,0.3373493975903614,0.8273809523809523
ibc,jev,0.3453815261044177,0.8313953488372093
ibc,jev,0.3534136546184739,0.8238636363636364
ibc,jev,0.3614457831325301,0.8222222222222222
ibc,jev,0.36947791164658633,0.8206521739130435
ibc,jev,0.37751004016064255,0.8191489361702128
ibc,jev,0.3855421686746988,0.8125
ibc,jev,0.39357429718875503,0.8061224489795918
ibc,jev,0.40160642570281124,0.795
ibc,jev,0.40963855421686746,0.7990196078431373
ibc,jev,0.41767068273092367,0.7932692307692307
ibc,jev,0.42570281124497994,0.7924528301886793
ibc,jev,0.43373493975903615,0.7916666666666666
ibc,jev,0.44176706827309237,0.7909090909090909
ibc,jev,0.4497991967871486,0.7946428571428571
ibc,jev,0.4578313253012048,0.7894736842105263
ibc,jev,0.46586345381526106,0.7887931034482759
ibc,jev,0.4738955823293173,0.7838983050847458
ibc,jev,0.4819277108433735,0.775
ibc,jev,0.4899598393574297,0.7786885245901639
ibc,jev,0.4979919678714859,0.782258064516129
ibc,jev,0.5060240963855421,0.7817460317460317
ibc,jev,0.5140562248995983,0.78515625
ibc,jev,0.5220883534136547,0.7846153846153846
ibc,jev,0.5301204819277109,0.7765151515151515
ibc,jev,0.5381526104417671,0.7723880597014925
ibc,jev,0.5461847389558233,0.7757352941176471
ibc,jev,0.5542168674698795,0.7717391304347826
ibc,jev,0.5622489959839357,0.7678571428571429
ibc,jev,0.570281124497992,0.7640845070422535
ibc,jev,0.5783132530120482,0.7604166666666666
ibc,jev,0.5863453815261044,0.7568493150684932
ibc,jev,0.5943775100401606,0.7601351351351351
ibc,jev,0.6024096385542169,0.7533333333333333
ibc,jev,0.6104417670682731,0.7532894736842105
ibc,jev,0.6184738955823293,0.7532467532467533
ibc,jev,0.6265060240963856,0.75
ibc,jev,0.6345381526104418,0.7468354430379747
ibc,jev,0.642570281124498,0.746875
ibc,jev,0.6506024096385542,0.7469135802469136
ibc,jev,0.6586345381526104,0.7378048780487805
ibc,jev,0.6666666666666666,0.7379518072289156
ibc,jev,0.6746987951807228,0.7351190476190477
ibc,jev,0.6827309236947792,0.7352941176470589
ibc,jev,0.6907630522088354,0.7325581395348837
ibc,jev,0.6987951807228916,0.7270114942528736
ibc,jev,0.7068273092369478,0.7244318181818182
ibc,jev,0.714859437751004,0.7191011235955056
ibc,jev,0.7228915662650602,0.7138888888888889
ibc,jev,0.7309236947791165,0.7115384615384616
ibc,jev,0.7389558232931727,0.7119565217391305
ibc,jev,0.7469879518072289,0.7096774193548387
ibc,jev,0.7550200803212851,0.7047872340425532
ibc,jev,0.7630522088353414,0.7052631578947368
ibc,jev,0.7710843373493976,0.703125
ibc,jev,0.7791164658634538,0.6984536082474226
ibc,jev,0.7871485943775101,0.6989795918367347
ibc,jev,0.7951807228915663,0.696969696969697
ibc,jev,0.8032128514056225,0.6975
ibc,jev,0.8112449799196787,0.693069306930693
ibc,jev,0.8192771084337349,0.6911764705882353
ibc,jev,0.8273092369477911,0.6868932038834952
ibc,jev,0.8353413654618473,0.6826923076923077
ibc,jev,0.8433734939759037,0.6833333333333333
ibc,jev,0.8514056224899599,0.6792452830188679
ibc,jev,0.8594377510040161,0.6728971962616822
ibc,jev,0.8674698795180723,0.6689814814814815
ibc,jev,0.8755020080321285,0.6651376146788991
ibc,jev,0.8835341365461847,0.6659090909090909
ibc,jev,0.891566265060241,0.6644144144144144
ibc,jev,0.8995983935742972,0.6607142857142857
ibc,jev,0.9076305220883534,0.6570796460176991
ibc,jev,0.9156626506024096,0.6557017543859649
ibc,jev,0.9236947791164659,0.6521739130434783
ibc,jev,0.9317269076305221,0.6487068965517241
ibc,jev,0.9397590361445783,0.6431623931623932
ibc,jev,0.9477911646586346,0.6440677966101694
ibc,jev,0.9558232931726908,0.6428571428571429
ibc,jev,0.963855421686747,0.6395833333333333
ibc,jev,0.9718875502008032,0.6363636363636364
ibc,jev,0.9799196787148594,0.6372950819672131
ibc,jev,0.9879518072289156,0.6382113821138211
ibc,jev,0.9959839357429718,0.6350806451612904
ibc,jev,1.0,0.6325301204819277
ibc,local_rlcd-0.6b,0.008032128514056224,0.25
ibc,local_rlcd-0.6b,0.01606425702811245,0.25
ibc,local_rlcd-0.6b,0.024096385542168676,0.3333333333333333
ibc,local_rlcd-0.6b,0.0321285140562249,0.4375
ibc,local_rlcd-0.6b,0.040160642570281124,0.55
ibc,local_rlcd-0.6b,0.04819277108433735,0.625
ibc,local_rlcd-0.6b,0.05622489959839357,0.6071428571428571
ibc,local_rlcd-0.6b,0.0642570281124498,0.625
ibc,local_rlcd-0.6b,0.07228915662650602,0.6388888888888888
ibc,local_rlcd-0.6b,0.08032128514056225,0.625
ibc,local_rlcd-0.6b,0.08835341365461848,0.6136363636363636
ibc,local_rlcd-0.6b,0.0963855421686747,0.625
ibc,local_rlcd-0.6b,0.10441767068273092,0.6346153846153846
ibc,local_rlcd-0.6b,0.11244979919678715,0.6428571428571429
ibc,local_rlcd-0.6b,0.12048192771084337,0.6166666666666667
ibc,local_rlcd-0.6b,0.1285140562248996,0.59375
ibc,local_rlcd-0.6b,0.13654618473895583,0.5882352941176471
ibc,local_rlcd-0.6b,0.14457831325301204,0.5972222222222222
ibc,local_rlcd-0.6b,0.15261044176706828,0.5921052631578947
ibc,local_rlcd-0.6b,0.1606425702811245,0.6
ibc,local_rlcd-0.6b,0.1686746987951807,0.5952380952380952
ibc,local_rlcd-0.6b,0.17670682730923695,0.5795454545454546
ibc,local_rlcd-0.6b,0.18473895582329317,0.5760869565217391
ibc,local_rlcd-0.6b,0.1927710843373494,0.5729166666666666
ibc,local_rlcd-0.6b,0.20080321285140562,0.56
ibc,local_rlcd-0.6b,0.20883534136546184,0.5576923076923077
ibc,local_rlcd-0.6b,0.21686746987951808,0.5555555555555556
ibc,local_rlcd-0.6b,0.2248995983935743,0.5625
ibc,local_rlcd-0.6b,0.23293172690763053,0.5603448275862069
ibc,local_rlcd-0.6b,0.24096385542168675,0.5666666666666667
ibc,local_rlcd-0.6b,0.24899598393574296,0.5564516129032258
ibc,local_rlcd-0.6b,0.2570281124497992,0.546875
ibc,local_rlcd-0.6b,0.26506024096385544,0.5454545454545454
ibc,local_rlcd-0.6b,0.27309236947791166,0.5367647058823529
ibc,local_rlcd-0.6b,0.28112449799196787,0.5357142857142857
ibc,local_rlcd-0.6b,0.2891566265060241,0.5347222222222222
ibc,local_rlcd-0.6b,0.2971887550200803,0.5337837837837838
ibc,local_rlcd-0.6b,0.30522088353413657,0.5197368421052632
ibc,local_rlcd-0.6b,0.3132530120481928,0.5128205128205128
ibc,local_rlcd-0.6b,0.321285140562249,0.50625
ibc,local_rlcd-0.6b,0.3293172690763052,0.49390243902439024
ibc,local_rlcd-0.6b,0.3373493975903614,0.49404761904761907
ibc,local_rlcd-0.6b,0.3453815261044177,0.4941860465116279
ibc,local_rlcd-0.6b,0.3534136546184739,0.48863636363636365
ibc,local_rlcd-0.6b,0.3614457831325301,0.4777777777777778
ibc,local_rlcd-0.6b,0.36947791164658633,0.47282608695652173
ibc,local_rlcd-0.6b,0.37751004016064255,0.4627659574468085
ibc,local_rlcd-0.6b,0.3855421686746988,0.4583333333333333
ibc,local_rlcd-0.6b,0.39357429718875503,0.45918367346938777
ibc,local_rlcd-0.6b,0.40160642570281124,0.47
ibc,local_rlcd-0.6b,0.40963855421686746,0.46568627450980393
ibc,local_rlcd-0.6b,0.41767068273092367,0.46634615384615385
ibc,local_rlcd-0.6b,0.42570281124497994,0.4669811320754717
ibc,local_rlcd-0.6b,0.43373493975903615,0.4675925925925926
ibc,local_rlcd-0.6b,0.44176706827309237,0.4636363636363636
ibc,local_rlcd-0.6b,0.4497991967871486,0.45535714285714285
ibc,local_rlcd-0.6b,0.4578313253012048,0.45614035087719296
ibc,local_rlcd-0.6b,0.46586345381526106,0.4482758620689655
ibc,local_rlcd-0.6b,0.4738955823293173,0.4406779661016949
ibc,local_rlcd-0.6b,0.4819277108433735,0.44166666666666665
ibc,local_rlcd-0.6b,0.4899598393574297,0.4426229508196721
ibc,local_rlcd-0.6b,0.4979919678714859,0.43951612903225806
ibc,local_rlcd-0.6b,0.5060240963855421,0.4365079365079365
ibc,local_rlcd-0.6b,0.5140562248995983,0.4375
ibc,local_rlcd-0.6b,0.5220883534136547,0.4307692307692308
ibc,local_rlcd-0.6b,0.5301204819277109,0.42424242424242425
ibc,local_rlcd-0.6b,0.5381526104417671,0.4253731343283582
ibc,local_rlcd-0.6b,0.5461847389558233,0.4227941176470588
ibc,local_rlcd-0.6b,0.5542168674698795,0.42028985507246375
ibc,local_rlcd-0.6b,0.5622489959839357,0.42142857142857143
ibc,local_rlcd-0.6b,0.570281124497992,0.426056338028169
ibc,local_rlcd-0.6b,0.5783132530120482,0.4201388888888889
ibc,local_rlcd-0.6b,0.5863453815261044,0.4212328767123288
ibc,local_rlcd-0.6b,0.5943775100401606,0.4189189189189189
ibc,local_rlcd-0.6b,0.6024096385542169,0.41333333333333333
ibc,local_rlcd-0.6b,0.6104417670682731,0.41118421052631576
ibc,local_rlcd-0.6b,0.6184738955823293,0.4090909090909091
ibc,local_rlcd-0.6b,0.6265060240963856,0.41025641025641024
ibc,local_rlcd-0.6b,0.6345381526104418,0.4050632911392405
ibc,local_rlcd-0.6b,0.642570281124498,0.40625
ibc,local_rlcd-0.6b,0.6506024096385542,0.404320987654321
ibc,local_rlcd-0.6b,0.6586345381526104,0.40853658536585363
ibc,local_rlcd-0.6b,0.6666666666666666,0.4036144578313253
ibc,local_rlcd-0.6b,0.6746987951807228,0.4017857142857143
ibc,local_rlcd-0.6b,0.6827309236947792,0.39705882352941174
ibc,local_rlcd-0.6b,0.6907630522088354,0.3953488372093023
ibc,local_rlcd-0.6b,0.6987951807228916,0.3936781609195402
ibc,local_rlcd-0.6b,0.7068273092369478,0.38920454545454547
ibc,local_rlcd-0.6b,0.714859437751004,0.38764044943820225
ibc,local_rlcd-0.6b,0.7228915662650602,0.38333333333333336
ibc,local_rlcd-0.6b,0.7309236947791165,0.38461538461538464
ibc,local_rlcd-0.6b,0.7389558232931727,0.3804347826086957
ibc,local_rlcd-0.6b,0.7469879518072289,0.3790322580645161
ibc,local_rlcd-0.6b,0.7550200803212851,0.3803191489361702
ibc,local_rlcd-0.6b,0.7630522088353414,0.3763157894736842
ibc,local_rlcd-0.6b,0.7710843373493976,0.375
ibc,local_rlcd-0.6b,0.7791164658634538,0.3711340206185567
ibc,local_rlcd-0.6b,0.7871485943775101,0.37244897959183676
ibc,local_rlcd-0.6b,0.7951807228915663,0.37373737373737376
ibc,local_rlcd-0.6b,0.8032128514056225,0.37
ibc,local_rlcd-0.6b,0.8112449799196787,0.37623762376237624
ibc,local_rlcd-0.6b,0.8192771084337349,0.37745098039215685
ibc,local_rlcd-0.6b,0.8273092369477911,0.3762135922330097
ibc,local_rlcd-0.6b,0.8353413654618473,0.37740384615384615
ibc,local_rlcd-0.6b,0.8433734939759037,0.3761904761904762
ibc,local_rlcd-0.6b,0.8514056224899599,0.37264150943396224
ibc,local_rlcd-0.6b,0.8594377510040161,0.37149532710280375
ibc,local_rlcd-0.6b,0.8674698795180723,0.37037037037037035
ibc,local_rlcd-0.6b,0.8755020080321285,0.3669724770642202
ibc,local_rlcd-0.6b,0.8835341365461847,0.36363636363636365
ibc,local_rlcd-0.6b,0.891566265060241,0.36261261261261263
ibc,local_rlcd-0.6b,0.8995983935742972,0.3638392857142857
ibc,local_rlcd-0.6b,0.9076305220883534,0.36283185840707965
ibc,local_rlcd-0.6b,0.9156626506024096,0.35964912280701755
ibc,local_rlcd-0.6b,0.9236947791164659,0.36086956521739133
ibc,local_rlcd-0.6b,0.9317269076305221,0.3577586206896552
ibc,local_rlcd-0.6b,0.9397590361445783,0.35683760683760685
ibc,local_rlcd-0.6b,0.9477911646586346,0.3538135593220339
ibc,local_rlcd-0.6b,0.9558232931726908,0.35084033613445376
ibc,local_rlcd-0.6b,0.963855421686747,0.34791666666666665
ibc,local_rlcd-0.6b,0.9718875502008032,0.34710743801652894
ibc,local_rlcd-0.6b,0.9799196787148594,0.3463114754098361
ibc,local_rlcd-0.6b,0.9879518072289156,0.3434959349593496
ibc,local_rlcd-0.6b,0.9959839357429718,0.34274193548387094
ibc,local_rlcd-0.6b,1.0,0.3413654618473896
implicit_hate,google_gemini-3.8-flash,0.008438818565400843,0.25
implicit_hate,google_gemini-3.8-flash,0.016877637130801686,0.625
implicit_hate,google_gemini-3.8-flash,0.02531645569620253,0.6666666666666666
implicit_hate,google_gemini-3.8-flash,0.03375527426160337,0.5625
implicit_hate,google_gemini-3.8-flash,0.04219409282700422,0.5
implicit_hate,google_gemini-3.8-flash,0.05063291139240506,0.5
implicit_hate,google_gemini-3.8-flash,0.05907172995780591,0.5357142857142857
implicit_hate,google_gemini-3.8-flash,0.06751054852320675,0.5625
implicit_hate,google_gemini-3.8-flash,0.0759493670886076,0.5555555555555556
implicit_hate,google_gemini-3.8-flash,0.08438818565400844,0.6
implicit_hate,google_gemini-3.8-flash,0.09282700421940929,0.6136363636363636
implicit_hate,google_gemini-3.8-flash,0.10126582278481013,0.625
implicit_hate,google_gemini-3.8-flash,0.10970464135021098,0.6346153846153846
implicit_hate,google_gemini-3.8-flash,0.11814345991561181,0.625
implicit_hate,google_gemini-3.8-flash,0.12658227848101267,0.65
implicit_hate,google_gemini-3.8-flash,0.1350210970464135,0.65625
implicit_hate,google_gemini-3.8-flash,0.14345991561181434,0.6764705882352942
implicit_hate,google_gemini-3.8-flash,0.1518987341772152,0.6805555555555556
implicit_hate,google_gemini-3.8-flash,0.16033755274261605,0.6973684210526315
implicit_hate,google_gemini-3.8-flash,0.16877637130801687,0.7125
implicit_hate,google_gemini-3.8-flash,0.17721518987341772,0.7142857142857143
implicit_hate,google_gemini-3.8-flash,0.18565400843881857,0.7159090909090909
implicit_hate,google_gemini-3.8-flash,0.1940928270042194,0.7282608695652174
implicit_hate,google_gemini-3.8-flash,0.20253164556962025,0.7291666666666666
implicit_hate,google_gemini-3.8-flash,0.2109704641350211,0.72
implicit_hate,google_gemini-3.8-flash,0.21940928270042195,0.7019230769230769
implicit_hate,google_gemini-3.8-flash,0.22784810126582278,0.6944444444444444
implicit_hate,google_gemini-3.8-flash,0.23628691983122363,0.7053571428571429
implicit_hate,google_gemini-3.8-flash,0.24472573839662448,0.7155172413793104
implicit_hate,google_gemini-3.8-flash,0.25316455696202533,0.7083333333333334
implicit_hate,google_gemini-3.8-flash,0.2616033755274262,0.6935483870967742
implicit_hate,google_gemini-3.8-flash,0.270042194092827,0.6875
implicit_hate,google_gemini-3.8-flash,0.27848101265822783,0.6893939393939394
implicit_hate,google_gemini-3.8-flash,0.2869198312236287,0.6985294117647058
implicit_hate,google_gemini-3.8-flash,0.29535864978902954,0.7071428571428572
implicit_hate,google_gemini-3.8-flash,0.3037974683544304,0.7152777777777778
implicit_hate,google_gemini-3.8-flash,0.31223628691983124,0.7162162162162162
implicit_hate,google_gemini-3.8-flash,0.3206751054852321,0.7236842105263158
implicit_hate,google_gemini-3.8-flash,0.3291139240506329,0.7307692307692307
implicit_hate,google_gemini-3.8-flash,0.33755274261603374,0.7375
implicit_hate,google_gemini-3.8-flash,0.3459915611814346,0.7439024390243902
implicit_hate,google_gemini-3.8-flash,0.35443037974683544,0.7440476190476191
implicit_hate,google_gemini-3.8-flash,0.3628691983122363,0.75
implicit_hate,google_gemini-3.8-flash,0.37130801687763715,0.7386363636363636
implicit_hate,google_gemini-3.8-flash,0.379746835443038,0.7388888888888889
implicit_hate,google_gemini-3.8-flash,0.3881856540084388,0.7391304347826086
implicit_hate,google_gemini-3.8-flash,0.39662447257383965,0.7393617021276596
implicit_hate,google_gemini-3.8-flash,0.4050632911392405,0.734375
implicit_hate,google_gemini-3.8-flash,0.41350210970464135,0.7244897959183674
implicit_hate,google_gemini-3.8-flash,0.4219409282700422,0.72
implicit_hate,google_gemini-3.8-flash,0.43037974683544306,0.7156862745098039
implicit_hate,google_gemini-3.8-flash,0.4388185654008439,0.7163461538461539
implicit_hate,google_gemini-3.8-flash,0.4472573839662447,0.7169811320754716
implicit_hate,google_gemini-3.8-flash,0.45569620253164556,0.7083333333333334
implicit_hate,google_gemini-3.8-flash,0.4641350210970464,0.7
implicit_hate,google_gemini-3.8-flash,0.47257383966244726,0.6964285714285714
implicit_hate,google_gemini-3.8-flash,0.4810126582278481,0.6973684210526315
implicit_hate,google_gemini-3.8-flash,0.48945147679324896,0.6939655172413793
implicit_hate,google_gemini-3.8-flash,0.4978902953586498,0.6864406779661016
implicit_hate,google_gemini-3.8-flash,0.5063291139240507,0.6833333333333333
implicit_hate,google_gemini-3.8-flash,0.5147679324894515,0.680327868852459
implicit_hate,google_gemini-3.8-flash,0.5232067510548524,0.6774193548387096
implicit_hate,google_gemini-3.8-flash,0.5316455696202531,0.6746031746031746
implicit_hate,google_gemini-3.8-flash,0.540084388185654,0.67578125
implicit_hate,google_gemini-3.8-flash,0.5485232067510548,0.676923076923077
implicit_hate,google_gemini-3.8-flash,0.5569620253164557,0.678030303030303
implicit_hate,google_gemini-3.8-flash,0.5654008438818565,0.6716417910447762
implicit_hate,google_gemini-3.8-flash,0.5738396624472574,0.6691176470588235
implicit_hate,google_gemini-3.8-flash,0.5822784810126582,0.6666666666666666
implicit_hate,google_gemini-3.8-flash,0.5907172995780591,0.6642857142857143
implicit_hate,google_gemini-3.8-flash,0.5991561181434599,0.6690140845070423
implicit_hate,google_gemini-3.8-flash,0.6075949367088608,0.6666666666666666
implicit_hate,google_gemini-3.8-flash,0.6160337552742616,0.6678082191780822
implicit_hate,google_gemini-3.8-flash,0.6244725738396625,0.6722972972972973
implicit_hate,google_gemini-3.8-flash,0.6329113924050633,0.6733333333333333
implicit_hate,google_gemini-3.8-flash,0.6413502109704642,0.6743421052631579
implicit_hate,google_gemini-3.8-flash,0.6497890295358649,0.672077922077922
implicit_hate,google_gemini-3.8-flash,0.6582278481012658,0.6666666666666666
implicit_hate,google_gemini-3.8-flash,0.6666666666666666,0.6645569620253164
implicit_hate,google_gemini-3.8-flash,0.6751054852320675,0.6625
implicit_hate,google_gemini-3.8-flash,0.6835443037974683,0.6635802469135802
implicit_hate,google_gemini-3.8-flash,0.6919831223628692,0.6615853658536586
implicit_hate,google_gemini-3.8-flash,0.70042194092827,0.6656626506024096
implicit_hate,google_gemini-3.8-flash,0.7088607594936709,0.6607142857142857
implicit_hate,google_gemini-3.8-flash,0.7172995780590717,0.6588235294117647
implicit_hate,google_gemini-3.8-flash,0.7257383966244726,0.6569767441860465
implicit_hate,google_gemini-3.8-flash,0.7341772151898734,0.6522988505747126
implicit_hate,google_gemini-3.8-flash,0.7426160337552743,0.6477272727272727
implicit_hate,google_gemini-3.8-flash,0.7510548523206751,0.6432584269662921
implicit_hate,google_gemini-3.8-flash,0.759493670886076,0.6416666666666667
implicit_hate,google_gemini-3.8-flash,0.7679324894514767,0.6373626373626373
implicit_hate,google_gemini-3.8-flash,0.7763713080168776,0.6413043478260869
implicit_hate,google_gemini-3.8-flash,0.7848101265822784,0.6370967741935484
implicit_hate,google_gemini-3.8-flash,0.7932489451476793,0.6382978723404256
implicit_hate,google_gemini-3.8-flash,0.8016877637130801,0.6421052631578947
implicit_hate,google_gemini-3.8-flash,0.810126582278481,0.6432291666666666
implicit_hate,google_gemini-3.8-flash,0.8185654008438819,0.6443298969072165
implicit_hate,google_gemini-3.8-flash,0.8270042194092827,0.6428571428571429
implicit_hate,google_gemini-3.8-flash,0.8354430379746836,0.6439393939393939
implicit_hate,google_gemini-3.8-flash,0.8438818565400844,0.645
implicit_hate,google_gemini-3.8-flash,0.8523206751054853,0.6410891089108911
implicit_hate,google_gemini-3.8-flash,0.8607594936708861,0.6372549019607843
implicit_hate,google_gemini-3.8-flash,0.869198312236287,0.6359223300970874
implicit_hate,google_gemini-3.8-flash,0.8776371308016878,0.6298076923076923
implicit_hate,google_gemini-3.8-flash,0.8860759493670886,0.6261904761904762
implicit_hate,google_gemini-3.8-flash,0.8945147679324894,0.6202830188679245
implicit_hate,google_gemini-3.8-flash,0.9029535864978903,0.6191588785046729
implicit_hate,google_gemini-3.8-flash,0.9113924050632911,0.6134259259259259
implicit_hate,google_gemini-3.8-flash,0.919831223628692,0.6146788990825688
implicit_hate,google_gemini-3.8-flash,0.9282700421940928,0.6113636363636363
implicit_hate,google_gemini-3.8-flash,0.9367088607594937,0.6081081081081081
implicit_hate,google_gemini-3.8-flash,0.9451476793248945,0.6071428571428571
implicit_hate,google_gemini-3.8-flash,0.9535864978902954,0.6106194690265486
implicit_hate,google_gemini-3.8-flash,0.9620253164556962,0.6052631578947368
implicit_hate,google_gemini-3.8-flash,0.9704641350210971,0.6
implicit_hate,google_gemini-3.8-flash,0.9789029535864979,0.5948275862068966
implicit_hate,google_gemini-3.8-flash,0.9873417721518988,0.5918803418803419
implicit_hate,google_gemini-3.8-flash,0.9957805907172996,0.5889830508474576
implicit_hate,google_gemini-3.8-flash,1.0,0.5886075949367089
implicit_hate,jev,0.008032128514056224,0.75
implicit_hate,jev,0.01606425702811245,0.875
implicit_hate,jev,0.024096385542168676,0.9166666666666666
implicit_hate,jev,0.0321285140562249,0.875
implicit_hate,jev,0.040160642570281124,0.85
implicit_hate,jev,0.04819277108433735,0.875
implicit_hate,jev,0.05622489959839357,0.8571428571428571
implicit_hate,jev,0.0642570281124498,0.875
implicit_hate,jev,0.07228915662650602,0.8611111111111112
implicit_hate,jev,0.08032128514056225,0.85
implicit_hate,jev,0.08835341365461848,0.8409090909090909
implicit_hate,jev,0.0963855421686747,0.8541666666666666
implicit_hate,jev,0.10441767068273092,0.8653846153846154
implicit_hate,jev,0.11244979919678715,0.8214285714285714
implicit_hate,jev,0.12048192771084337,0.8
implicit_hate,jev,0.1285140562248996,0.78125
implicit_hate,jev,0.13654618473895583,0.7794117647058824
implicit_hate,jev,0.14457831325301204,0.7638888888888888
implicit_hate,jev,0.15261044176706828,0.7631578947368421
implicit_hate,jev,0.1606425702811245,0.75
implicit_hate,jev,0.1686746987951807,0.75
implicit_hate,jev,0.17670682730923695,0.7386363636363636
implicit_hate,jev,0.18473895582329317,0.7391304347826086
implicit_hate,jev,0.1927710843373494,0.7291666666666666
implicit_hate,jev,0.20080321285140562,0.74
implicit_hate,jev,0.20883534136546184,0.7211538461538461
implicit_hate,jev,0.21686746987951808,0.7129629629629629
implicit_hate,jev,0.2248995983935743,0.7053571428571429
implicit_hate,jev,0.23293172690763053,0.6982758620689655
implicit_hate,jev,0.24096385542168675,0.7
implicit_hate,jev,0.24899598393574296,0.7016129032258065
implicit_hate,jev,0.2570281124497992,0.6953125
implicit_hate,jev,0.26506024096385544,0.6818181818181818
implicit_hate,jev,0.27309236947791166,0.6838235294117647
implicit_hate,jev,0.28112449799196787,0.6857142857142857
implicit_hate,jev,0.2891566265060241,0.6736111111111112
implicit_hate,jev,0.2971887550200803,0.668918918918919
implicit_hate,jev,0.30522088353413657,0.6710526315789473
implicit_hate,jev,0.3132530120481928,0.6538461538461539
implicit_hate,jev,0.321285140562249,0.64375
implicit_hate,jev,0.3293172690763052,0.6463414634146342
implicit_hate,jev,0.3373493975903614,0.6369047619047619
implicit_hate,jev,0.3453815261044177,0.6337209302325582
implicit_hate,jev,0.3534136546184739,0.625
implicit_hate,jev,0.3614457831325301,0.6166666666666667
implicit_hate,jev,0.36947791164658633,0.6086956521739131
implicit_hate,jev,0.37751004016064255,0.6063829787234043
implicit_hate,jev,0.3855421686746988,0.5989583333333334
implicit_hate,jev,0.39357429718875503,0.5969387755102041
implicit_hate,jev,0.40160642570281124,0.595
implicit_hate,jev,0.40963855421686746,0.6029411764705882
implicit_hate,jev,0.41767068273092367,0.6057692307692307
implicit_hate,jev,0.42570281124497994,0.5990566037735849
implicit_hate,jev,0.43373493975903615,0.6064814814814815
implicit_hate,jev,0.44176706827309237,0.6045454545454545
implicit_hate,jev,0.4497991967871486,0.6071428571428571
implicit_hate,jev,0.4578313253012048,0.6096491228070176
implicit_hate,jev,0.46586345381526106,0.6077586206896551
implicit_hate,jev,0.4738955823293173,0.614406779661017
implicit_hate,jev,0.4819277108433735,0.6083333333333333
implicit_hate,jev,0.4899598393574297,0.6024590163934426
implicit_hate,jev,0.4979919678714859,0.6048387096774194
implicit_hate,jev,0.5060240963855421,0.5992063492063492
implicit_hate,jev,0.5140562248995983,0.6015625
implicit_hate,jev,0.5220883534136547,0.5961538461538461
implicit_hate,jev,0.5301204819277109,0.5946969696969697
implicit_hate,jev,0.5381526104417671,0.5932835820895522
implicit_hate,jev,0.5461847389558233,0.5882352941176471
implicit_hate,jev,0.5542168674698795,0.5833333333333334
implicit_hate,jev,0.5622489959839357,0.5785714285714286
implicit_hate,jev,0.570281124497992,0.5774647887323944
implicit_hate,jev,0.5783132530120482,0.5729166666666666
implicit_hate,jev,0.5863453815261044,0.5753424657534246
implicit_hate,jev,0.5943775100401606,0.5709459459459459
implicit_hate,jev,0.6024096385542169,0.57
implicit_hate,jev,0.6104417670682731,0.5657894736842105
implicit_hate,jev,0.6184738955823293,0.5616883116883117
implicit_hate,jev,0.6265060240963856,0.5576923076923077
implicit_hate,jev,0.6345381526104418,0.5569620253164557
implicit_hate,jev,0.642570281124498,0.55
implicit_hate,jev,0.6506024096385542,0.5462962962962963
implicit_hate,jev,0.6586345381526104,0.5426829268292683
implicit_hate,jev,0.6666666666666666,0.536144578313253
implicit_hate,jev,0.6746987951807228,0.5327380952380952
implicit_hate,jev,0.6827309236947792,0.5294117647058824
implicit_hate,jev,0.6907630522088354,0.5261627906976745
implicit_hate,jev,0.6987951807228916,0.5258620689655172
implicit_hate,jev,0.7068273092369478,0.5198863636363636
implicit_hate,jev,0.714859437751004,0.5140449438202247
implicit_hate,jev,0.7228915662650602,0.5083333333333333
implicit_hate,jev,0.7309236947791165,0.5027472527472527
implicit_hate,jev,0.7389558232931727,0.5
implicit_hate,jev,0.7469879518072289,0.49731182795698925
implicit_hate,jev,0.7550200803212851,0.4920212765957447
implicit_hate,jev,0.7630522088353414,0.48947368421052634
implicit_hate,jev,0.7710843373493976,0.4895833333333333
implicit_hate,jev,0.7791164658634538,0.4845360824742268
implicit_hate,jev,0.7871485943775101,0.4846938775510204
implicit_hate,jev,0.7951807228915663,0.4823232323232323
implicit_hate,jev,0.8032128514056225,0.4775
implicit_hate,jev,0.8112449799196787,0.47277227722772275
implicit_hate,jev,0.8192771084337349,0.4730392156862745
implicit_hate,jev,0.8273092369477911,0.47572815533980584
implicit_hate,jev,0.8353413654618473,0.47596153846153844
implicit_hate,jev,0.8433734939759037,0.4714285714285714
implicit_hate,jev,0.8514056224899599,0.4693396226415094
implicit_hate,jev,0.8594377510040161,0.4696261682242991
implicit_hate,jev,0.8674698795180723,0.4652777777777778
implicit_hate,jev,0.8755020080321285,0.463302752293578
implicit_hate,jev,0.8835341365461847,0.4590909090909091
implicit_hate,jev,0.891566265060241,0.4594594594594595
implicit_hate,jev,0.8995983935742972,0.46205357142857145
implicit_hate,jev,0.9076305220883534,0.46017699115044247
implicit_hate,jev,0.9156626506024096,0.4605263157894737
implicit_hate,jev,0.9236947791164659,0.45869565217391306
implicit_hate,jev,0.9317269076305221,0.4547413793103448
implicit_hate,jev,0.9397590361445783,0.452991452991453
implicit_hate,jev,0.9477911646586346,0.451271186440678
implicit_hate,jev,0.9558232931726908,0.4474789915966387
implicit_hate,jev,0.963855421686747,0.44375
implicit_hate,jev,0.9718875502008032,0.44214876033057854
implicit_hate,jev,0.9799196787148594,0.4405737704918033
implicit_hate,jev,0.9879518072289156,0.43902439024390244
implicit_hate,jev,0.9959839357429718,0.4415322580645161
implicit_hate,jev,1.0,0.44176706827309237
implicit_hate,local_rlcd-0.6b,0.008032128514056224,1.0
implicit_hate,local_rlcd-0.6b,0.01606425702811245,0.75
implicit_hate,local_rlcd-0.6b,0.024096385542168676,0.8333333333333334
implicit_hate,local_rlcd-0.6b,0.0321285140562249,0.75
implicit_hate,local_rlcd-0.6b,0.040160642570281124,0.65
implicit_hate,local_rlcd-0.6b,0.04819277108433735,0.6666666666666666
implicit_hate,local_rlcd-0.6b,0.05622489959839357,0.6071428571428571
implicit_hate,local_rlcd-0.6b,0.0642570281124498,0.53125
implicit_hate,local_rlcd-0.6b,0.07228915662650602,0.5
implicit_hate,local_rlcd-0.6b,0.08032128514056225,0.5
implicit_hate,local_rlcd-0.6b,0.08835341365461848,0.4772727272727273
implicit_hate,local_rlcd-0.6b,0.0963855421686747,0.4791666666666667
implicit_hate,local_rlcd-0.6b,0.10441767068273092,0.4423076923076923
implicit_hate,local_rlcd-0.6b,0.11244979919678715,0.4107142857142857
implicit_hate,local_rlcd-0.6b,0.12048192771084337,0.38333333333333336
implicit_hate,local_rlcd-0.6b,0.1285140562248996,0.375
implicit_hate,local_rlcd-0.6b,0.13654618473895583,0.36764705882352944
implicit_hate,local_rlcd-0.6b,0.14457831325301204,0.3472222222222222
implicit_hate,local_rlcd-0.6b,0.15261044176706828,0.35526315789473684
implicit_hate,local_rlcd-0.6b,0.1606425702811245,0.3625
implicit_hate,local_rlcd-0.6b,0.1686746987951807,0.35714285714285715
implicit_hate,local_rlcd-0.6b,0.17670682730923695,0.36363636363636365
implicit_hate,local_rlcd-0.6b,0.18473895582329317,0.358695652173913
implicit_hate,local_rlcd-0.6b,0.1927710843373494,0.3645833333333333
implicit_hate,local_rlcd-0.6b,0.20080321285140562,0.38
implicit_hate,local_rlcd-0.6b,0.20883534136546184,0.3942307692307692
implicit_hate,local_rlcd-0.6b,0.21686746987951808,0.3888888888888889
implicit_hate,local_rlcd-0.6b,0.2248995983935743,0.38392857142857145
implicit_hate,local_rlcd-0.6b,0.23293172690763053,0.3793103448275862
implicit_hate,local_rlcd-0.6b,0.24096385542168675,0.38333333333333336
implicit_hate,local_rlcd-0.6b,0.24899598393574296,0.3790322580645161
implicit_hate,local_rlcd-0.6b,0.2570281124497992,0.375
implicit_hate,local_rlcd-0.6b,0.26506024096385544,0.36363636363636365
implicit_hate,local_rlcd-0.6b,0.27309236947791166,0.375
implicit_hate,local_rlcd-0.6b,0.28112449799196787,0.37142857142857144
implicit_hate,local_rlcd-0.6b,0.2891566265060241,0.3611111111111111
implicit_hate,local_rlcd-0.6b,0.2971887550200803,0.3581081081081081
implicit_hate,local_rlcd-0.6b,0.30522088353413657,0.35526315789473684
implicit_hate,local_rlcd-0.6b,0.3132530120481928,0.358974358974359
implicit_hate,local_rlcd-0.6b,0.321285140562249,0.35625
implicit_hate,local_rlcd-0.6b,0.3293172690763052,0.35365853658536583
implicit_hate,local_rlcd-0.6b,0.3373493975903614,0.35119047619047616
implicit_hate,local_rlcd-0.6b,0.3453815261044177,0.3488372093023256
implicit_hate,local_rlcd-0.6b,0.3534136546184739,0.3522727272727273
implicit_hate,local_rlcd-0.6b,0.3614457831325301,0.35
implicit_hate,local_rlcd-0.6b,0.36947791164658633,0.3532608695652174
implicit_hate,local_rlcd-0.6b,0.37751004016064255,0.34574468085106386
implicit_hate,local_rlcd-0.6b,0.3855421686746988,0.3489583333333333
implicit_hate,local_rlcd-0.6b,0.39357429718875503,0.3469387755102041
implicit_hate,local_rlcd-0.6b,0.40160642570281124,0.345
implicit_hate,local_rlcd-0.6b,0.40963855421686746,0.3431372549019608
implicit_hate,local_rlcd-0.6b,0.41767068273092367,0.34134615384615385
implicit_hate,local_rlcd-0.6b,0.42570281124497994,0.33490566037735847
implicit_hate,local_rlcd-0.6b,0.43373493975903615,0.3287037037037037
implicit_hate,local_rlcd-0.6b,0.44176706827309237,0.32727272727272727
implicit_hate,local_rlcd-0.6b,0.4497991967871486,0.33035714285714285
implicit_hate,local_rlcd-0.6b,0.4578313253012048,0.32894736842105265
implicit_hate,local_rlcd-0.6b,0.46586345381526106,0.3275862068965517
implicit_hate,local_rlcd-0.6b,0.4738955823293173,0.3305084745762712
implicit_hate,local_rlcd-0.6b,0.4819277108433735,0.325
implicit_hate,local_rlcd-0.6b,0.4899598393574297,0.32786885245901637
implicit_hate,local_rlcd-0.6b,0.4979919678714859,0.32661290322580644
implicit_hate,local_rlcd-0.6b,0.5060240963855421,0.32936507936507936
implicit_hate,local_rlcd-0.6b,0.5140562248995983,0.328125
implicit_hate,local_rlcd-0.6b,0.5220883534136547,0.3230769230769231
implicit_hate,local_rlcd-0.6b,0.5301204819277109,0.32196969696969696
implicit_hate,local_rlcd-0.6b,0.5381526104417671,0.3208955223880597
implicit_hate,local_rlcd-0.6b,0.5461847389558233,0.31985294117647056
implicit_hate,local_rlcd-0.6b,0.5542168674698795,0.31521739130434784
implicit_hate,local_rlcd-0.6b,0.5622489959839357,0.32142857142857145
implicit_hate,local_rlcd-0.6b,0.570281124497992,0.3204225352112676
implicit_hate,local_rlcd-0.6b,0.5783132530120482,0.3229166666666667
implicit_hate,local_rlcd-0.6b,0.5863453815261044,0.3253424657534247
implicit_hate,local_rlcd-0.6b,0.5943775100401606,0.3277027027027027
implicit_hate,local_rlcd-0.6b,0.6024096385542169,0.32666666666666666
implicit_hate,local_rlcd-0.6b,0.6104417670682731,0.3223684210526316
implicit_hate,local_rlcd-0.6b,0.6184738955823293,0.3181818181818182
implicit_hate,local_rlcd-0.6b,0.6265060240963856,0.3173076923076923
implicit_hate,local_rlcd-0.6b,0.6345381526104418,0.31645569620253167
implicit_hate,local_rlcd-0.6b,0.642570281124498,0.315625
implicit_hate,local_rlcd-0.6b,0.6506024096385542,0.3148148148148148
implicit_hate,local_rlcd-0.6b,0.6586345381526104,0.3170731707317073
implicit_hate,local_rlcd-0.6b,0.6666666666666666,0.31626506024096385
implicit_hate,local_rlcd-0.6b,0.6746987951807228,0.31547619047619047
implicit_hate,local_rlcd-0.6b,0.6827309236947792,0.31470588235294117
implicit_hate,local_rlcd-0.6b,0.6907630522088354,0.313953488372093
implicit_hate,local_rlcd-0.6b,0.6987951807228916,0.3103448275862069
implicit_hate,local_rlcd-0.6b,0.7068273092369478,0.3153409090909091
implicit_hate,local_rlcd-0.6b,0.714859437751004,0.3202247191011236
implicit_hate,local_rlcd-0.6b,0.7228915662650602,0.3194444444444444
implicit_hate,local_rlcd-0.6b,0.7309236947791165,0.3159340659340659
implicit_hate,local_rlcd-0.6b,0.7389558232931727,0.31521739130434784
implicit_hate,local_rlcd-0.6b,0.7469879518072289,0.31451612903225806
implicit_hate,local_rlcd-0.6b,0.7550200803212851,0.31117021276595747
implicit_hate,local_rlcd-0.6b,0.7630522088353414,0.3105263157894737
implicit_hate,local_rlcd-0.6b,0.7710843373493976,0.3125
implicit_hate,local_rlcd-0.6b,0.7791164658634538,0.31443298969072164
implicit_hate,local_rlcd-0.6b,0.7871485943775101,0.3163265306122449
implicit_hate,local_rlcd-0.6b,0.7951807228915663,0.3181818181818182
implicit_hate,local_rlcd-0.6b,0.8032128514056225,0.315
implicit_hate,local_rlcd-0.6b,0.8112449799196787,0.3118811881188119
implicit_hate,local_rlcd-0.6b,0.8192771084337349,0.3112745098039216
implicit_hate,local_rlcd-0.6b,0.8273092369477911,0.3106796116504854
implicit_hate,local_rlcd-0.6b,0.8353413654618473,0.31009615384615385
implicit_hate,local_rlcd-0.6b,0.8433734939759037,0.30714285714285716
implicit_hate,local_rlcd-0.6b,0.8514056224899599,0.30660377358490565
implicit_hate,local_rlcd-0.6b,0.8594377510040161,0.308411214953271
implicit_hate,local_rlcd-0.6b,0.8674698795180723,0.3055555555555556
implicit_hate,local_rlcd-0.6b,0.8755020080321285,0.30275229357798167
implicit_hate,local_rlcd-0.6b,0.8835341365461847,0.3
implicit_hate,local_rlcd-0.6b,0.891566265060241,0.29954954954954954
implicit_hate,local_rlcd-0.6b,0.8995983935742972,0.296875
implicit_hate,local_rlcd-0.6b,0.9076305220883534,0.29646017699115046
implicit_hate,local_rlcd-0.6b,0.9156626506024096,0.29605263157894735
implicit_hate,local_rlcd-0.6b,0.9236947791164659,0.2956521739130435
implicit_hate,local_rlcd-0.6b,0.9317269076305221,0.2952586206896552
implicit_hate,local_rlcd-0.6b,0.9397590361445783,0.2948717948717949
implicit_hate,local_rlcd-0.6b,0.9477911646586346,0.2944915254237288
implicit_hate,local_rlcd-0.6b,0.9558232931726908,0.29411764705882354
implicit_hate,local_rlcd-0.6b,0.963855421686747,0.29375
implicit_hate,local_rlcd-0.6b,0.9718875502008032,0.29338842975206614
implicit_hate,local_rlcd-0.6b,0.9799196787148594,0.29098360655737704
implicit_hate,local_rlcd-0.6b,0.9879518072289156,0.2886178861788618
implicit_hate,local_rlcd-0.6b,0.9959839357429718,0.28830645161290325
implicit_hate,local_rlcd-0.6b,1.0,0.28714859437751006
indian_english_dialect,google_gemini-3.8-flash,0.007575757575757576,1.0
indian_english_dialect,google_gemini-3.8-flash,0.015151515151515152,1.0
indian_english_dialect,google_gemini-3.8-flash,0.022727272727272728,1.0
indian_english_dialect,google_gemini-3.8-flash,0.030303030303030304,1.0
indian_english_dialect,google_gemini-3.8-flash,0.03787878787878788,1.0
indian_english_dialect,google_gemini-3.8-flash,0.045454545454545456,0.9166666666666666
indian_english_dialect,google_gemini-3.8-flash,0.05303030303030303,0.9285714285714286
indian_english_dialect,google_gemini-3.8-flash,0.06060606060606061,0.9375
indian_english_dialect,google_gemini-3.8-flash,0.06818181818181818,0.9444444444444444
indian_english_dialect,google_gemini-3.8-flash,0.07575757575757576,0.95
indian_english_dialect,google_gemini-3.8-flash,0.08333333333333333,0.9090909090909091
indian_english_dialect,google_gemini-3.8-flash,0.09090909090909091,0.9166666666666666
indian_english_dialect,google_gemini-3.8-flash,0.09848484848484848,0.9230769230769231
indian_english_dialect,google_gemini-3.8-flash,0.10606060606060606,0.8928571428571429
indian_english_dialect,google_gemini-3.8-flash,0.11363636363636363,0.8666666666666667
indian_english_dialect,google_gemini-3.8-flash,0.12121212121212122,0.84375
indian_english_dialect,google_gemini-3.8-flash,0.12878787878787878,0.8529411764705882
indian_english_dialect,google_gemini-3.8-flash,0.13636363636363635,0.8611111111111112
indian_english_dialect,google_gemini-3.8-flash,0.14393939393939395,0.868421052631579
indian_english_dialect,google_gemini-3.8-flash,0.15151515151515152,0.875
indian_english_dialect,google_gemini-3.8-flash,0.1590909090909091,0.8571428571428571
indian_english_dialect,google_gemini-3.8-flash,0.16666666666666666,0.8636363636363636
indian_english_dialect,google_gemini-3.8-flash,0.17424242424242425,0.8695652173913043
indian_english_dialect,google_gemini-3.8-flash,0.18181818181818182,0.875
indian_english_dialect,google_gemini-3.8-flash,0.1893939393939394,0.88
indian_english_dialect,google_gemini-3.8-flash,0.19696969696969696,0.8846153846153846
indian_english_dialect,google_gemini-3.8-flash,0.20454545454545456,0.8888888888888888
indian_english_dialect,google_gemini-3.8-flash,0.21212121212121213,0.8571428571428571
indian_english_dialect,google_gemini-3.8-flash,0.2196969696969697,0.8620689655172413
indian_english_dialect,google_gemini-3.8-flash,0.22727272727272727,0.8666666666666667
indian_english_dialect,google_gemini-3.8-flash,0.23484848484848486,0.8709677419354839
indian_english_dialect,google_gemini-3.8-flash,0.24242424242424243,0.875
indian_english_dialect,google_gemini-3.8-flash,0.25,0.8636363636363636
indian_english_dialect,google_gemini-3.8-flash,0.25757575757575757,0.8529411764705882
indian_english_dialect,google_gemini-3.8-flash,0.26515151515151514,0.8428571428571429
indian_english_dialect,google_gemini-3.8-flash,0.2727272727272727,0.8472222222222222
indian_english_dialect,google_gemini-3.8-flash,0.2803030303030303,0.8378378378378378
indian_english_dialect,google_gemini-3.8-flash,0.2878787878787879,0.8421052631578947
indian_english_dialect,google_gemini-3.8-flash,0.29545454545454547,0.8333333333333334
indian_english_dialect,google_gemini-3.8-flash,0.30303030303030304,0.825
indian_english_dialect,google_gemini-3.8-flash,0.3106060606060606,0.8292682926829268
indian_english_dialect,google_gemini-3.8-flash,0.3181818181818182,0.8333333333333334
indian_english_dialect,google_gemini-3.8-flash,0.32575757575757575,0.8372093023255814
indian_english_dialect,google_gemini-3.8-flash,0.3333333333333333,0.8409090909090909
indian_english_dialect,google_gemini-3.8-flash,0.3409090909090909,0.8444444444444444
indian_english_dialect,google_gemini-3.8-flash,0.3484848484848485,0.8369565217391305
indian_english_dialect,google_gemini-3.8-flash,0.3560606060606061,0.8404255319148937
indian_english_dialect,google_gemini-3.8-flash,0.36363636363636365,0.8333333333333334
indian_english_dialect,google_gemini-3.8-flash,0.3712121212121212,0.8367346938775511
indian_english_dialect,google_gemini-3.8-flash,0.3787878787878788,0.83
indian_english_dialect,google_gemini-3.8-flash,0.38636363636363635,0.8333333333333334
indian_english_dialect,google_gemini-3.8-flash,0.3939393939393939,0.8365384615384616
indian_english_dialect,google_gemini-3.8-flash,0.4015151515151515,0.839622641509434
indian_english_dialect,google_gemini-3.8-flash,0.4090909090909091,0.8333333333333334
indian_english_dialect,google_gemini-3.8-flash,0.4166666666666667,0.8272727272727273
indian_english_dialect,google_gemini-3.8-flash,0.42424242424242425,0.8214285714285714
indian_english_dialect,google_gemini-3.8-flash,0.4318181818181818,0.8070175438596491
indian_english_dialect,google_gemini-3.8-flash,0.4393939393939394,0.8103448275862069
indian_english_dialect,google_gemini-3.8-flash,0.44696969696969696,0.8050847457627118
indian_english_dialect,google_gemini-3.8-flash,0.45454545454545453,0.7916666666666666
indian_english_dialect,google_gemini-3.8-flash,0.4621212121212121,0.7786885245901639
indian_english_dialect,google_gemini-3.8-flash,0.4696969696969697,0.7661290322580645
indian_english_dialect,google_gemini-3.8-flash,0.4772727272727273,0.7698412698412699
indian_english_dialect,google_gemini-3.8-flash,0.48484848484848486,0.765625
indian_english_dialect,google_gemini-3.8-flash,0.49242424242424243,0.7538461538461538
indian_english_dialect,google_gemini-3.8-flash,0.5,0.7575757575757576
indian_english_dialect,google_gemini-3.8-flash,0.5075757575757576,0.746268656716418
indian_english_dialect,google_gemini-3.8-flash,0.5151515151515151,0.7426470588235294
indian_english_dialect,google_gemini-3.8-flash,0.5227272727272727,0.7463768115942029
indian_english_dialect,google_gemini-3.8-flash,0.5303030303030303,0.7428571428571429
indian_english_dialect,google_gemini-3.8-flash,0.5378787878787878,0.7323943661971831
indian_english_dialect,google_gemini-3.8-flash,0.5454545454545454,0.7291666666666666
indian_english_dialect,google_gemini-3.8-flash,0.553030303030303,0.7191780821917808
indian_english_dialect,google_gemini-3.8-flash,0.5606060606060606,0.7094594594594594
indian_english_dialect,google_gemini-3.8-flash,0.5681818181818182,0.7133333333333334
indian_english_dialect,google_gemini-3.8-flash,0.5757575757575758,0.7039473684210527
indian_english_dialect,google_gemini-3.8-flash,0.5833333333333334,0.7012987012987013
indian_english_dialect,google_gemini-3.8-flash,0.5909090909090909,0.6987179487179487
indian_english_dialect,google_gemini-3.8-flash,0.5984848484848485,0.7025316455696202
indian_english_dialect,google_gemini-3.8-flash,0.6060606060606061,0.7
indian_english_dialect,google_gemini-3.8-flash,0.6136363636363636,0.691358024691358
indian_english_dialect,google_gemini-3.8-flash,0.6212121212121212,0.6951219512195121
indian_english_dialect,google_gemini-3.8-flash,0.6287878787878788,0.6867469879518072
indian_english_dialect,google_gemini-3.8-flash,0.6363636363636364,0.6785714285714286
indian_english_dialect,google_gemini-3.8-flash,0.6439393939393939,0.6705882352941176
indian_english_dialect,google_gemini-3.8-flash,0.6515151515151515,0.6686046511627907
indian_english_dialect,google_gemini-3.8-flash,0.6590909090909091,0.6609195402298851
indian_english_dialect,google_gemini-3.8-flash,0.6666666666666666,0.6534090909090909
indian_english_dialect,google_gemini-3.8-flash,0.6742424242424242,0.6460674157303371
indian_english_dialect,google_gemini-3.8-flash,0.6818181818181818,0.6444444444444445
indian_english_dialect,google_gemini-3.8-flash,0.6893939393939394,0.6373626373626373
indian_english_dialect,google_gemini-3.8-flash,0.696969696969697,0.6413043478260869
indian_english_dialect,google_gemini-3.8-flash,0.7045454545454546,0.6344086021505376
indian_english_dialect,google_gemini-3.8-flash,0.7121212121212122,0.6329787234042553
indian_english_dialect,google_gemini-3.8-flash,0.7196969696969697,0.6263157894736842
indian_english_dialect,google_gemini-3.8-flash,0.7272727272727273,0.6197916666666666
indian_english_dialect,google_gemini-3.8-flash,0.7348484848484849,0.6134020618556701
indian_english_dialect,google_gemini-3.8-flash,0.7424242424242424,0.6071428571428571
indian_english_dialect,google_gemini-3.8-flash,0.75,0.6060606060606061
indian_english_dialect,google_gemini-3.8-flash,0.7575757575757576,0.6
indian_english_dialect,google_gemini-3.8-flash,0.7651515151515151,0.594059405940594
indian_english_dialect,google_gemini-3.8-flash,0.7727272727272727,0.5882352941176471
indian_english_dialect,google_gemini-3.8-flash,0.7803030303030303,0.5825242718446602
indian_english_dialect,google_gemini-3.8-flash,0.7878787878787878,0.5769230769230769
indian_english_dialect,google_gemini-3.8-flash,0.7954545454545454,0.5761904761904761
indian_english_dialect,google_gemini-3.8-flash,0.803030303030303,0.5707547169811321
indian_english_dialect,google_gemini-3.8-flash,0.8106060606060606,0.5654205607476636
indian_english_dialect,google_gemini-3.8-flash,0.8181818181818182,0.5601851851851852
indian_english_dialect,google_gemini-3.8-flash,0.8257575757575758,0.555045871559633
indian_english_dialect,google_gemini-3.8-flash,0.8333333333333334,0.5545454545454546
indian_english_dialect,google_gemini-3.8-flash,0.8409090909090909,0.5540540540540541
indian_english_dialect,google_gemini-3.8-flash,0.8484848484848485,0.5491071428571429
indian_english_dialect,google_gemini-3.8-flash,0.8560606060606061,0.5442477876106194
indian_english_dialect,google_gemini-3.8-flash,0.8636363636363636,0.5394736842105263
indian_english_dialect,google_gemini-3.8-flash,0.8712121212121212,0.5347826086956522
indian_english_dialect,google_gemini-3.8-flash,0.8787878787878788,0.5301724137931034
indian_english_dialect,google_gemini-3.8-flash,0.8863636363636364,0.5256410256410257
indian_english_dialect,google_gemini-3.8-flash,0.8939393939393939,0.5211864406779662
indian_english_dialect,google_gemini-3.8-flash,0.9015151515151515,0.5168067226890757
indian_english_dialect,google_gemini-3.8-flash,0.9090909090909091,0.5125
indian_english_dialect,google_gemini-3.8-flash,0.9166666666666666,0.5082644628099173
indian_english_dialect,google_gemini-3.8-flash,0.9242424242424242,0.5040983606557377
indian_english_dialect,google_gemini-3.8-flash,0.9318181818181818,0.5
indian_english_dialect,google_gemini-3.8-flash,0.9393939393939394,0.4959677419354839
indian_english_dialect,google_gemini-3.8-flash,0.946969696969697,0.492
indian_english_dialect,google_gemini-3.8-flash,0.9545454545454546,0.4880952380952381
indian_english_dialect,google_gemini-3.8-flash,0.9621212121212122,0.484251968503937
indian_english_dialect,google_gemini-3.8-flash,0.9696969696969697,0.48046875
indian_english_dialect,google_gemini-3.8-flash,0.9772727272727273,0.47674418604651164
indian_english_dialect,google_gemini-3.8-flash,0.9848484848484849,0.47307692307692306
indian_english_dialect,google_gemini-3.8-flash,0.9924242424242424,0.46946564885496184
indian_english_dialect,google_gemini-3.8-flash,1.0,0.4659090909090909
indian_english_dialect,jev,0.007518796992481203,1.0
indian_english_dialect,jev,0.015037593984962405,1.0
indian_english_dialect,jev,0.022556390977443608,1.0
indian_english_dialect,jev,0.03007518796992481,1.0
indian_english_dialect,jev,0.03759398496240601,1.0
indian_english_dialect,jev,0.045112781954887216,1.0
indian_english_dialect,jev,0.05263157894736842,1.0
indian_english_dialect,jev,0.06015037593984962,1.0
indian_english_dialect,jev,0.06766917293233082,1.0
indian_english_dialect,jev,0.07518796992481203,1.0
indian_english_dialect,jev,0.08270676691729323,1.0
indian_english_dialect,jev,0.09022556390977443,1.0
indian_english_dialect,jev,0.09774436090225563,1.0
indian_english_dialect,jev,0.10526315789473684,1.0
indian_english_dialect,jev,0.11278195488721804,1.0
indian_english_dialect,jev,0.12030075187969924,1.0
indian_english_dialect,jev,0.12781954887218044,1.0
indian_english_dialect,jev,0.13533834586466165,1.0
indian_english_dialect,jev,0.14285714285714285,1.0
indian_english_dialect,jev,0.15037593984962405,1.0
indian_english_dialect,jev,0.15789473684210525,1.0
indian_english_dialect,jev,0.16541353383458646,1.0
indian_english_dialect,jev,0.17293233082706766,1.0
indian_english_dialect,jev,0.18045112781954886,1.0
indian_english_dialect,jev,0.18796992481203006,1.0
indian_english_dialect,jev,0.19548872180451127,1.0
indian_english_dialect,jev,0.20300751879699247,0.9629629629629629
indian_english_dialect,jev,0.21052631578947367,0.9464285714285714
indian_english_dialect,jev,0.21804511278195488,0.9310344827586207
indian_english_dialect,jev,0.22556390977443608,0.9166666666666666
indian_english_dialect,jev,0.23308270676691728,0.9032258064516129
indian_english_dialect,jev,0.24060150375939848,0.90625
indian_english_dialect,jev,0.24812030075187969,0.9090909090909091
indian_english_dialect,jev,0.2556390977443609,0.9117647058823529
indian_english_dialect,jev,0.2631578947368421,0.9142857142857143
indian_english_dialect,jev,0.2706766917293233,0.9166666666666666
indian_english_dialect,jev,0.2781954887218045,0.918918918918919
indian_english_dialect,jev,0.2857142857142857,0.9210526315789473
indian_english_dialect,jev,0.2932330827067669,0.9102564102564102
indian_english_dialect,jev,0.3007518796992481,0.9125
indian_english_dialect,jev,0.3082706766917293,0.9146341463414634
indian_english_dialect,jev,0.3157894736842105,0.9166666666666666
indian_english_dialect,jev,0.3233082706766917,0.9186046511627907
indian_english_dialect,jev,0.3308270676691729,0.9204545454545454
indian_english_dialect,jev,0.3383458646616541,0.9222222222222223
indian_english_dialect,jev,0.3458646616541353,0.9239130434782609
indian_english_dialect,jev,0.3533834586466165,0.9148936170212766
indian_english_dialect,jev,0.3609022556390977,0.9166666666666666
indian_english_dialect,jev,0.3684210526315789,0.9081632653061225
indian_english_dialect,jev,0.37593984962406013,0.91
indian_english_dialect,jev,0.38345864661654133,0.9019607843137255
indian_english_dialect,jev,0.39097744360902253,0.8942307692307693
indian_english_dialect,jev,0.39849624060150374,0.8962264150943396
indian_english_dialect,jev,0.40601503759398494,0.8981481481481481
indian_english_dialect,jev,0.41353383458646614,0.9
indian_english_dialect,jev,0.42105263157894735,0.9017857142857143
indian_english_dialect,jev,0.42857142857142855,0.8947368421052632
indian_english_dialect,jev,0.43609022556390975,0.8879310344827587
indian_english_dialect,jev,0.44360902255639095,0.8898305084745762
indian_english_dialect,jev,0.45112781954887216,0.8916666666666667
indian_english_dialect,jev,0.45864661654135336,0.8852459016393442
indian_english_dialect,jev,0.46616541353383456,0.8790322580645161
indian_english_dialect,jev,0.47368421052631576,0.873015873015873
indian_english_dialect,jev,0.48120300751879697,0.875
indian_english_dialect,jev,0.48872180451127817,0.8769230769230769
indian_english_dialect,jev,0.49624060150375937,0.8787878787878788
indian_english_dialect,jev,0.5037593984962406,0.8731343283582089
indian_english_dialect,jev,0.5112781954887218,0.8676470588235294
indian_english_dialect,jev,0.518796992481203,0.8695652173913043
indian_english_dialect,jev,0.5263157894736842,0.8642857142857143
indian_english_dialect,jev,0.5338345864661654,0.8591549295774648
indian_english_dialect,jev,0.5413533834586466,0.8611111111111112
indian_english_dialect,jev,0.5488721804511278,0.863013698630137
indian_english_dialect,jev,0.556390977443609,0.8581081081081081
indian_english_dialect,jev,0.5639097744360902,0.8466666666666667
indian_english_dialect,jev,0.5714285714285714,0.8421052631578947
indian_english_dialect,jev,0.5789473684210527,0.8441558441558441
indian_english_dialect,jev,0.5864661654135338,0.8461538461538461
indian_english_dialect,jev,0.5939849624060151,0.8481012658227848
indian_english_dialect,jev,0.6015037593984962,0.84375
indian_english_dialect,jev,0.6090225563909775,0.8395061728395061
indian_english_dialect,jev,0.6165413533834586,0.8353658536585366
indian_english_dialect,jev,0.6240601503759399,0.8313253012048193
indian_english_dialect,jev,0.631578947368421,0.8273809523809523
indian_english_dialect,jev,0.6390977443609023,0.8294117647058824
indian_english_dialect,jev,0.6466165413533834,0.8197674418604651
indian_english_dialect,jev,0.6541353383458647,0.8103448275862069
indian_english_dialect,jev,0.6616541353383458,0.8125
indian_english_dialect,jev,0.6691729323308271,0.8146067415730337
indian_english_dialect,jev,0.6766917293233082,0.8166666666666667
indian_english_dialect,jev,0.6842105263157895,0.8131868131868132
indian_english_dialect,jev,0.6917293233082706,0.8152173913043478
indian_english_dialect,jev,0.6992481203007519,0.8118279569892473
indian_english_dialect,jev,0.706766917293233,0.8138297872340425
indian_english_dialect,jev,0.7142857142857143,0.8105263157894737
indian_english_dialect,jev,0.7218045112781954,0.8125
indian_english_dialect,jev,0.7293233082706767,0.8144329896907216
indian_english_dialect,jev,0.7368421052631579,0.8163265306122449
indian_english_dialect,jev,0.7443609022556391,0.8181818181818182
indian_english_dialect,jev,0.7518796992481203,0.815
indian_english_dialect,jev,0.7593984962406015,0.8118811881188119
indian_english_dialect,jev,0.7669172932330827,0.8088235294117647
indian_english_dialect,jev,0.7744360902255639,0.8058252427184466
indian_english_dialect,jev,0.7819548872180451,0.8028846153846154
indian_english_dialect,jev,0.7894736842105263,0.8
indian_english_dialect,jev,0.7969924812030075,0.8018867924528302
indian_english_dialect,jev,0.8045112781954887,0.7990654205607477
indian_english_dialect,jev,0.8120300751879699,0.7962962962962963
indian_english_dialect,jev,0.8195488721804511,0.7935779816513762
indian_english_dialect,jev,0.8270676691729323,0.7863636363636364
indian_english_dialect,jev,0.8345864661654135,0.7792792792792793
indian_english_dialect,jev,0.8421052631578947,0.7767857142857143
indian_english_dialect,jev,0.849624060150376,0.7787610619469026
indian_english_dialect,jev,0.8571428571428571,0.7807017543859649
indian_english_dialect,jev,0.8646616541353384,0.7739130434782608
indian_english_dialect,jev,0.8721804511278195,0.7672413793103449
indian_english_dialect,jev,0.8796992481203008,0.7606837606837606
indian_english_dialect,jev,0.8872180451127819,0.7542372881355932
indian_english_dialect,jev,0.8947368421052632,0.7521008403361344
indian_english_dialect,jev,0.9022556390977443,0.7458333333333333
indian_english_dialect,jev,0.9097744360902256,0.743801652892562
indian_english_dialect,jev,0.9172932330827067,0.7418032786885246
indian_english_dialect,jev,0.924812030075188,0.7398373983739838
indian_english_dialect,jev,0.9323308270676691,0.7379032258064516
indian_english_dialect,jev,0.9398496240601504,0.736
indian_english_dialect,jev,0.9473684210526315,0.7341269841269841
indian_english_dialect,jev,0.9548872180451128,0.7283464566929134
indian_english_dialect,jev,0.9624060150375939,0.72265625
indian_english_dialect,jev,0.9699248120300752,0.7170542635658915
indian_english_dialect,jev,0.9774436090225563,0.7153846153846154
indian_english_dialect,jev,0.9849624060150376,0.7137404580152672
indian_english_dialect,jev,0.9924812030075187,0.7121212121212122
indian_english_dialect,jev,1.0,0.7105263157894737
indian_english_dialect,local_rlcd-0.6b,0.007518796992481203,0.0
indian_english_dialect,local_rlcd-0.6b,0.015037593984962405,0.0
indian_english_dialect,local_rlcd-0.6b,0.022556390977443608,0.0
indian_english_dialect,local_rlcd-0.6b,0.03007518796992481,0.125
indian_english_dialect,local_rlcd-0.6b,0.03759398496240601,0.1
indian_english_dialect,local_rlcd-0.6b,0.045112781954887216,0.08333333333333333
indian_english_dialect,local_rlcd-0.6b,0.05263157894736842,0.14285714285714285
indian_english_dialect,local_rlcd-0.6b,0.06015037593984962,0.25
indian_english_dialect,local_rlcd-0.6b,0.06766917293233082,0.2777777777777778
indian_english_dialect,local_rlcd-0.6b,0.07518796992481203,0.25
indian_english_dialect,local_rlcd-0.6b,0.08270676691729323,0.22727272727272727
indian_english_dialect,local_rlcd-0.6b,0.09022556390977443,0.20833333333333334
indian_english_dialect,local_rlcd-0.6b,0.09774436090225563,0.19230769230769232
indian_english_dialect,local_rlcd-0.6b,0.10526315789473684,0.17857142857142858
indian_english_dialect,local_rlcd-0.6b,0.11278195488721804,0.16666666666666666
indian_english_dialect,local_rlcd-0.6b,0.12030075187969924,0.1875
indian_english_dialect,local_rlcd-0.6b,0.12781954887218044,0.17647058823529413
indian_english_dialect,local_rlcd-0.6b,0.13533834586466165,0.16666666666666666
indian_english_dialect,local_rlcd-0.6b,0.14285714285714285,0.18421052631578946
indian_english_dialect,local_rlcd-0.6b,0.15037593984962405,0.2
indian_english_dialect,local_rlcd-0.6b,0.15789473684210525,0.19047619047619047
indian_english_dialect,local_rlcd-0.6b,0.16541353383458646,0.18181818181818182
indian_english_dialect,local_rlcd-0.6b,0.17293233082706766,0.17391304347826086
indian_english_dialect,local_rlcd-0.6b,0.18045112781954886,0.1875
indian_english_dialect,local_rlcd-0.6b,0.18796992481203006,0.18
indian_english_dialect,local_rlcd-0.6b,0.19548872180451127,0.17307692307692307
indian_english_dialect,local_rlcd-0.6b,0.20300751879699247,0.16666666666666666
indian_english_dialect,local_rlcd-0.6b,0.21052631578947367,0.17857142857142858
indian_english_dialect,local_rlcd-0.6b,0.21804511278195488,0.1724137931034483
indian_english_dialect,local_rlcd-0.6b,0.22556390977443608,0.16666666666666666
indian_english_dialect,local_rlcd-0.6b,0.23308270676691728,0.16129032258064516
indian_english_dialect,local_rlcd-0.6b,0.24060150375939848,0.171875
indian_english_dialect,local_rlcd-0.6b,0.24812030075187969,0.16666666666666666
indian_english_dialect,local_rlcd-0.6b,0.2556390977443609,0.16176470588235295
indian_english_dialect,local_rlcd-0.6b,0.2631578947368421,0.15714285714285714
indian_english_dialect,local_rlcd-0.6b,0.2706766917293233,0.16666666666666666
indian_english_dialect,local_rlcd-0.6b,0.2781954887218045,0.16216216216216217
indian_english_dialect,local_rlcd-0.6b,0.2857142857142857,0.15789473684210525
indian_english_dialect,local_rlcd-0.6b,0.2932330827067669,0.15384615384615385
indian_english_dialect,local_rlcd-0.6b,0.3007518796992481,0.15
indian_english_dialect,local_rlcd-0.6b,0.3082706766917293,0.14634146341463414
indian_english_dialect,local_rlcd-0.6b,0.3157894736842105,0.14285714285714285
indian_english_dialect,local_rlcd-0.6b,0.3233082706766917,0.13953488372093023
indian_english_dialect,local_rlcd-0.6b,0.3308270676691729,0.14772727272727273
indian_english_dialect,local_rlcd-0.6b,0.3383458646616541,0.14444444444444443
indian_english_dialect,local_rlcd-0.6b,0.3458646616541353,0.14130434782608695
indian_english_dialect,local_rlcd-0.6b,0.3533834586466165,0.13829787234042554
indian_english_dialect,local_rlcd-0.6b,0.3609022556390977,0.13541666666666666
indian_english_dialect,local_rlcd-0.6b,0.3684210526315789,0.1326530612244898
indian_english_dialect,local_rlcd-0.6b,0.37593984962406013,0.14
indian_english_dialect,local_rlcd-0.6b,0.38345864661654133,0.14705882352941177
indian_english_dialect,local_rlcd-0.6b,0.39097744360902253,0.14423076923076922
indian_english_dialect,local_rlcd-0.6b,0.39849624060150374,0.14150943396226415
indian_english_dialect,local_rlcd-0.6b,0.40601503759398494,0.1574074074074074
indian_english_dialect,local_rlcd-0.6b,0.41353383458646614,0.15454545454545454
indian_english_dialect,local_rlcd-0.6b,0.42105263157894735,0.15178571428571427
indian_english_dialect,local_rlcd-0.6b,0.42857142857142855,0.14912280701754385
indian_english_dialect,local_rlcd-0.6b,0.43609022556390975,0.14655172413793102
indian_english_dialect,local_rlcd-0.6b,0.44360902255639095,0.1440677966101695
indian_english_dialect,local_rlcd-0.6b,0.45112781954887216,0.14166666666666666
indian_english_dialect,local_rlcd-0.6b,0.45864661654135336,0.13934426229508196
indian_english_dialect,local_rlcd-0.6b,0.46616541353383456,0.13709677419354838
indian_english_dialect,local_rlcd-0.6b,0.47368421052631576,0.1349206349206349
indian_english_dialect,local_rlcd-0.6b,0.48120300751879697,0.1328125
indian_english_dialect,local_rlcd-0.6b,0.48872180451127817,0.13076923076923078
indian_english_dialect,local_rlcd-0.6b,0.49624060150375937,0.13636363636363635
indian_english_dialect,local_rlcd-0.6b,0.5037593984962406,0.13432835820895522
indian_english_dialect,local_rlcd-0.6b,0.5112781954887218,0.1323529411764706
indian_english_dialect,local_rlcd-0.6b,0.518796992481203,0.13768115942028986
indian_english_dialect,local_rlcd-0.6b,0.5263157894736842,0.1357142857142857
indian_english_dialect,local_rlcd-0.6b,0.5338345864661654,0.13380281690140844
indian_english_dialect,local_rlcd-0.6b,0.5413533834586466,0.13194444444444445
indian_english_dialect,local_rlcd-0.6b,0.5488721804511278,0.136986301369863
indian_english_dialect,local_rlcd-0.6b,0.556390977443609,0.13513513513513514
indian_english_dialect,local_rlcd-0.6b,0.5639097744360902,0.13333333333333333
indian_english_dialect,local_rlcd-0.6b,0.5714285714285714,0.13157894736842105
indian_english_dialect,local_rlcd-0.6b,0.5789473684210527,0.13636363636363635
indian_english_dialect,local_rlcd-0.6b,0.5864661654135338,0.1346153846153846
indian_english_dialect,local_rlcd-0.6b,0.5939849624060151,0.13924050632911392
indian_english_dialect,local_rlcd-0.6b,0.6015037593984962,0.1375
indian_english_dialect,local_rlcd-0.6b,0.6090225563909775,0.13580246913580246
indian_english_dialect,local_rlcd-0.6b,0.6165413533834586,0.14634146341463414
indian_english_dialect,local_rlcd-0.6b,0.6240601503759399,0.14457831325301204
indian_english_dialect,local_rlcd-0.6b,0.631578947368421,0.14285714285714285
indian_english_dialect,local_rlcd-0.6b,0.6390977443609023,0.14705882352941177
indian_english_dialect,local_rlcd-0.6b,0.6466165413533834,0.14534883720930233
indian_english_dialect,local_rlcd-0.6b,0.6541353383458647,0.14367816091954022
indian_english_dialect,local_rlcd-0.6b,0.6616541353383458,0.14772727272727273
indian_english_dialect,local_rlcd-0.6b,0.6691729323308271,0.15168539325842698
indian_english_dialect,local_rlcd-0.6b,0.6766917293233082,0.15
indian_english_dialect,local_rlcd-0.6b,0.6842105263157895,0.14835164835164835
indian_english_dialect,local_rlcd-0.6b,0.6917293233082706,0.14673913043478262
indian_english_dialect,local_rlcd-0.6b,0.6992481203007519,0.15053763440860216
indian_english_dialect,local_rlcd-0.6b,0.706766917293233,0.14893617021276595
indian_english_dialect,local_rlcd-0.6b,0.7142857142857143,0.14736842105263157
indian_english_dialect,local_rlcd-0.6b,0.7218045112781954,0.14583333333333334
indian_english_dialect,local_rlcd-0.6b,0.7293233082706767,0.14432989690721648
indian_english_dialect,local_rlcd-0.6b,0.7368421052631579,0.14285714285714285
indian_english_dialect,local_rlcd-0.6b,0.7443609022556391,0.15151515151515152
indian_english_dialect,local_rlcd-0.6b,0.7518796992481203,0.155
indian_english_dialect,local_rlcd-0.6b,0.7593984962406015,0.15346534653465346
indian_english_dialect,local_rlcd-0.6b,0.7669172932330827,0.1568627450980392
indian_english_dialect,local_rlcd-0.6b,0.7744360902255639,0.1553398058252427
indian_english_dialect,local_rlcd-0.6b,0.7819548872180451,0.15384615384615385
indian_english_dialect,local_rlcd-0.6b,0.7894736842105263,0.1523809523809524
indian_english_dialect,local_rlcd-0.6b,0.7969924812030075,0.1509433962264151
indian_english_dialect,local_rlcd-0.6b,0.8045112781954887,0.1542056074766355
indian_english_dialect,local_rlcd-0.6b,0.8120300751879699,0.1574074074074074
indian_english_dialect,local_rlcd-0.6b,0.8195488721804511,0.1559633027522936
indian_english_dialect,local_rlcd-0.6b,0.8270676691729323,0.15454545454545454
indian_english_dialect,local_rlcd-0.6b,0.8345864661654135,0.15765765765765766
indian_english_dialect,local_rlcd-0.6b,0.8421052631578947,0.15625
indian_english_dialect,local_rlcd-0.6b,0.849624060150376,0.1592920353982301
indian_english_dialect,local_rlcd-0.6b,0.8571428571428571,0.16228070175438597
indian_english_dialect,local_rlcd-0.6b,0.8646616541353384,0.1608695652173913
indian_english_dialect,local_rlcd-0.6b,0.8721804511278195,0.15948275862068967
indian_english_dialect,local_rlcd-0.6b,0.8796992481203008,0.1623931623931624
indian_english_dialect,local_rlcd-0.6b,0.8872180451127819,0.16101694915254236
indian_english_dialect,local_rlcd-0.6b,0.8947368421052632,0.15966386554621848
indian_english_dialect,local_rlcd-0.6b,0.9022556390977443,0.15833333333333333
indian_english_dialect,local_rlcd-0.6b,0.9097744360902256,0.15702479338842976
indian_english_dialect,local_rlcd-0.6b,0.9172932330827067,0.1557377049180328
indian_english_dialect,local_rlcd-0.6b,0.924812030075188,0.15447154471544716
indian_english_dialect,local_rlcd-0.6b,0.9323308270676691,0.1532258064516129
indian_english_dialect,local_rlcd-0.6b,0.9398496240601504,0.152
indian_english_dialect,local_rlcd-0.6b,0.9473684210526315,0.15079365079365079
indian_english_dialect,local_rlcd-0.6b,0.9548872180451128,0.14960629921259844
indian_english_dialect,local_rlcd-0.6b,0.9624060150375939,0.1484375
indian_english_dialect,local_rlcd-0.6b,0.9699248120300752,0.14728682170542637
indian_english_dialect,local_rlcd-0.6b,0.9774436090225563,0.14615384615384616
indian_english_dialect,local_rlcd-0.6b,0.9849624060150376,0.1450381679389313
indian_english_dialect,local_rlcd-0.6b,0.9924812030075187,0.14393939393939395
indian_english_dialect,local_rlcd-0.6b,1.0,0.14285714285714285
media_ideology,google_gemini-3.8-flash,0.008032128514056224,1.0
media_ideology,google_gemini-3.8-flash,0.01606425702811245,1.0
media_ideology,google_gemini-3.8-flash,0.024096385542168676,1.0
media_ideology,google_gemini-3.8-flash,0.0321285140562249,1.0
media_ideology,google_gemini-3.8-flash,0.040160642570281124,1.0
media_ideology,google_gemini-3.8-flash,0.04819277108433735,1.0
media_ideology,google_gemini-3.8-flash,0.05622489959839357,1.0
media_ideology,google_gemini-3.8-flash,0.0642570281124498,1.0
media_ideology,google_gemini-3.8-flash,0.07228915662650602,1.0
media_ideology,google_gemini-3.8-flash,0.08032128514056225,1.0
media_ideology,google_gemini-3.8-flash,0.08835341365461848,1.0
media_ideology,google_gemini-3.8-flash,0.0963855421686747,1.0
media_ideology,google_gemini-3.8-flash,0.10441767068273092,1.0
media_ideology,google_gemini-3.8-flash,0.11244979919678715,1.0
media_ideology,google_gemini-3.8-flash,0.12048192771084337,1.0
media_ideology,google_gemini-3.8-flash,0.1285140562248996,1.0
media_ideology,google_gemini-3.8-flash,0.13654618473895583,1.0
media_ideology,google_gemini-3.8-flash,0.14457831325301204,1.0
media_ideology,google_gemini-3.8-flash,0.15261044176706828,1.0
media_ideology,google_gemini-3.8-flash,0.1606425702811245,1.0
media_ideology,google_gemini-3.8-flash,0.1686746987951807,1.0
media_ideology,google_gemini-3.8-flash,0.17670682730923695,1.0
media_ideology,google_gemini-3.8-flash,0.18473895582329317,1.0
media_ideology,google_gemini-3.8-flash,0.1927710843373494,1.0
media_ideology,google_gemini-3.8-flash,0.20080321285140562,1.0
media_ideology,google_gemini-3.8-flash,0.20883534136546184,0.9903846153846154
media_ideology,google_gemini-3.8-flash,0.21686746987951808,0.9907407407407407
media_ideology,google_gemini-3.8-flash,0.2248995983935743,0.9910714285714286
media_ideology,google_gemini-3.8-flash,0.23293172690763053,0.9913793103448276
media_ideology,google_gemini-3.8-flash,0.24096385542168675,0.9916666666666667
media_ideology,google_gemini-3.8-flash,0.24899598393574296,0.9919354838709677
media_ideology,google_gemini-3.8-flash,0.2570281124497992,0.9921875
media_ideology,google_gemini-3.8-flash,0.26506024096385544,0.9924242424242424
media_ideology,google_gemini-3.8-flash,0.27309236947791166,0.9926470588235294
media_ideology,google_gemini-3.8-flash,0.28112449799196787,0.9928571428571429
media_ideology,google_gemini-3.8-flash,0.2891566265060241,0.9930555555555556
media_ideology,google_gemini-3.8-flash,0.2971887550200803,0.9932432432432432
media_ideology,google_gemini-3.8-flash,0.30522088353413657,0.993421052631579
media_ideology,google_gemini-3.8-flash,0.3132530120481928,0.9935897435897436
media_ideology,google_gemini-3.8-flash,0.321285140562249,0.99375
media_ideology,google_gemini-3.8-flash,0.3293172690763052,0.9939024390243902
media_ideology,google_gemini-3.8-flash,0.3373493975903614,0.9940476190476191
media_ideology,google_gemini-3.8-flash,0.3453815261044177,0.9941860465116279
media_ideology,google_gemini-3.8-flash,0.3534136546184739,0.9943181818181818
media_ideology,google_gemini-3.8-flash,0.3614457831325301,0.9944444444444445
media_ideology,google_gemini-3.8-flash,0.36947791164658633,0.9945652173913043
media_ideology,google_gemini-3.8-flash,0.37751004016064255,0.9946808510638298
media_ideology,google_gemini-3.8-flash,0.3855421686746988,0.9947916666666666
media_ideology,google_gemini-3.8-flash,0.39357429718875503,0.9948979591836735
media_ideology,google_gemini-3.8-flash,0.40160642570281124,0.995
media_ideology,google_gemini-3.8-flash,0.40963855421686746,0.9950980392156863
media_ideology,google_gemini-3.8-flash,0.41767068273092367,0.9951923076923077
media_ideology,google_gemini-3.8-flash,0.42570281124497994,0.9952830188679245
media_ideology,google_gemini-3.8-flash,0.43373493975903615,0.9953703703703703
media_ideology,google_gemini-3.8-flash,0.44176706827309237,0.9954545454545455
media_ideology,google_gemini-3.8-flash,0.4497991967871486,0.9955357142857143
media_ideology,google_gemini-3.8-flash,0.4578313253012048,0.9956140350877193
media_ideology,google_gemini-3.8-flash,0.46586345381526106,0.9956896551724138
media_ideology,google_gemini-3.8-flash,0.4738955823293173,0.9957627118644068
media_ideology,google_gemini-3.8-flash,0.4819277108433735,0.9958333333333333
media_ideology,google_gemini-3.8-flash,0.4899598393574297,0.9795081967213115
media_ideology,google_gemini-3.8-flash,0.4979919678714859,0.9798387096774194
media_ideology,google_gemini-3.8-flash,0.5060240963855421,0.9761904761904762
media_ideology,google_gemini-3.8-flash,0.5140562248995983,0.96484375
media_ideology,google_gemini-3.8-flash,0.5220883534136547,0.9576923076923077
media_ideology,google_gemini-3.8-flash,0.5301204819277109,0.9583333333333334
media_ideology,google_gemini-3.8-flash,0.5381526104417671,0.9552238805970149
media_ideology,google_gemini-3.8-flash,0.5461847389558233,0.9485294117647058
media_ideology,google_gemini-3.8-flash,0.5542168674698795,0.9420289855072463
media_ideology,google_gemini-3.8-flash,0.5622489959839357,0.9392857142857143
media_ideology,google_gemini-3.8-flash,0.570281124497992,0.9330985915492958
media_ideology,google_gemini-3.8-flash,0.5783132530120482,0.9270833333333334
media_ideology,google_gemini-3.8-flash,0.5863453815261044,0.9246575342465754
media_ideology,google_gemini-3.8-flash,0.5943775100401606,0.9256756756756757
media_ideology,google_gemini-3.8-flash,0.6024096385542169,0.9266666666666666
media_ideology,google_gemini-3.8-flash,0.6104417670682731,0.9276315789473685
media_ideology,google_gemini-3.8-flash,0.6184738955823293,0.922077922077922
media_ideology,google_gemini-3.8-flash,0.6265060240963856,0.9134615384615384
media_ideology,google_gemini-3.8-flash,0.6345381526104418,0.9113924050632911
media_ideology,google_gemini-3.8-flash,0.642570281124498,0.9125
media_ideology,google_gemini-3.8-flash,0.6506024096385542,0.9074074074074074
media_ideology,google_gemini-3.8-flash,0.6586345381526104,0.9054878048780488
media_ideology,google_gemini-3.8-flash,0.6666666666666666,0.9066265060240963
media_ideology,google_gemini-3.8-flash,0.6746987951807228,0.9047619047619048
media_ideology,google_gemini-3.8-flash,0.6827309236947792,0.9029411764705882
media_ideology,google_gemini-3.8-flash,0.6907630522088354,0.9011627906976745
media_ideology,google_gemini-3.8-flash,0.6987951807228916,0.9022988505747126
media_ideology,google_gemini-3.8-flash,0.7068273092369478,0.9034090909090909
media_ideology,google_gemini-3.8-flash,0.714859437751004,0.901685393258427
media_ideology,google_gemini-3.8-flash,0.7228915662650602,0.9027777777777778
media_ideology,google_gemini-3.8-flash,0.7309236947791165,0.9038461538461539
media_ideology,google_gemini-3.8-flash,0.7389558232931727,0.8967391304347826
media_ideology,google_gemini-3.8-flash,0.7469879518072289,0.8897849462365591
media_ideology,google_gemini-3.8-flash,0.7550200803212851,0.8882978723404256
media_ideology,google_gemini-3.8-flash,0.7630522088353414,0.8842105263157894
media_ideology,google_gemini-3.8-flash,0.7710843373493976,0.8776041666666666
media_ideology,google_gemini-3.8-flash,0.7791164658634538,0.8711340206185567
media_ideology,google_gemini-3.8-flash,0.7871485943775101,0.8724489795918368
media_ideology,google_gemini-3.8-flash,0.7951807228915663,0.8737373737373737
media_ideology,google_gemini-3.8-flash,0.8032128514056225,0.865
media_ideology,google_gemini-3.8-flash,0.8112449799196787,0.8638613861386139
media_ideology,google_gemini-3.8-flash,0.8192771084337349,0.8602941176470589
media_ideology,google_gemini-3.8-flash,0.8273092369477911,0.8616504854368932
media_ideology,google_gemini-3.8-flash,0.8353413654618473,0.8629807692307693
media_ideology,google_gemini-3.8-flash,0.8433734939759037,0.861904761904762
media_ideology,google_gemini-3.8-flash,0.8514056224899599,0.8584905660377359
media_ideology,google_gemini-3.8-flash,0.8594377510040161,0.8551401869158879
media_ideology,google_gemini-3.8-flash,0.8674698795180723,0.8518518518518519
media_ideology,google_gemini-3.8-flash,0.8755020080321285,0.8463302752293578
media_ideology,google_gemini-3.8-flash,0.8835341365461847,0.8431818181818181
media_ideology,google_gemini-3.8-flash,0.891566265060241,0.8400900900900901
media_ideology,google_gemini-3.8-flash,0.8995983935742972,0.8392857142857143
media_ideology,google_gemini-3.8-flash,0.9076305220883534,0.838495575221239
media_ideology,google_gemini-3.8-flash,0.9156626506024096,0.8399122807017544
media_ideology,google_gemini-3.8-flash,0.9236947791164659,0.841304347826087
media_ideology,google_gemini-3.8-flash,0.9317269076305221,0.8405172413793104
media_ideology,google_gemini-3.8-flash,0.9397590361445783,0.8418803418803419
media_ideology,google_gemini-3.8-flash,0.9477911646586346,0.8432203389830508
media_ideology,google_gemini-3.8-flash,0.9558232931726908,0.8382352941176471
media_ideology,google_gemini-3.8-flash,0.963855421686747,0.8333333333333334
media_ideology,google_gemini-3.8-flash,0.9718875502008032,0.8326446280991735
media_ideology,google_gemini-3.8-flash,0.9799196787148594,0.8340163934426229
media_ideology,google_gemini-3.8-flash,0.9879518072289156,0.8313008130081301
media_ideology,google_gemini-3.8-flash,0.9959839357429718,0.8286290322580645
media_ideology,google_gemini-3.8-flash,1.0,0.8253012048192772
media_ideology,jev,0.008032128514056224,1.0
media_ideology,jev,0.01606425702811245,1.0
media_ideology,jev,0.024096385542168676,1.0
media_ideology,jev,0.0321285140562249,1.0
media_ideology,jev,0.040160642570281124,1.0
media_ideology,jev,0.04819277108433735,1.0
media_ideology,jev,0.05622489959839357,1.0
media_ideology,jev,0.0642570281124498,1.0
media_ideology,jev,0.07228915662650602,1.0
media_ideology,jev,0.08032128514056225,1.0
media_ideology,jev,0.08835341365461848,0.9772727272727273
media_ideology,jev,0.0963855421686747,0.9791666666666666
media_ideology,jev,0.10441767068273092,0.9807692307692307
media_ideology,jev,0.11244979919678715,0.9821428571428571
media_ideology,jev,0.12048192771084337,0.9833333333333333
media_ideology,jev,0.1285140562248996,0.984375
media_ideology,jev,0.13654618473895583,0.9852941176470589
media_ideology,jev,0.14457831325301204,0.9722222222222222
media_ideology,jev,0.15261044176706828,0.9736842105263158
media_ideology,jev,0.1606425702811245,0.975
media_ideology,jev,0.1686746987951807,0.9761904761904762
media_ideology,jev,0.17670682730923695,0.9772727272727273
media_ideology,jev,0.18473895582329317,0.9782608695652174
media_ideology,jev,0.1927710843373494,0.96875
media_ideology,jev,0.20080321285140562,0.97
media_ideology,jev,0.20883534136546184,0.9615384615384616
media_ideology,jev,0.21686746987951808,0.9537037037037037
media_ideology,jev,0.2248995983935743,0.9553571428571429
media_ideology,jev,0.23293172690763053,0.9568965517241379
media_ideology,jev,0.24096385542168675,0.9416666666666667
media_ideology,jev,0.24899598393574296,0.9274193548387096
media_ideology,jev,0.2570281124497992,0.8984375
media_ideology,jev,0.26506024096385544,0.8939393939393939
media_ideology,jev,0.27309236947791166,0.8897058823529411
media_ideology,jev,0.28112449799196787,0.8928571428571429
media_ideology,jev,0.2891566265060241,0.8958333333333334
media_ideology,jev,0.2971887550200803,0.8986486486486487
media_ideology,jev,0.30522088353413657,0.8881578947368421
media_ideology,jev,0.3132530120481928,0.8717948717948718
media_ideology,jev,0.321285140562249,0.8625
media_ideology,jev,0.3293172690763052,0.8597560975609756
media_ideology,jev,0.3373493975903614,0.8571428571428571
media_ideology,jev,0.3453815261044177,0.8546511627906976
media_ideology,jev,0.3534136546184739,0.8465909090909091
media_ideology,jev,0.3614457831325301,0.8388888888888889
media_ideology,jev,0.36947791164658633,0.8369565217391305
media_ideology,jev,0.37751004016064255,0.8351063829787234
media_ideology,jev,0.3855421686746988,0.8385416666666666
media_ideology,jev,0.39357429718875503,0.8418367346938775
media_ideology,jev,0.40160642570281124,0.84
media_ideology,jev,0.40963855421686746,0.8382352941176471
media_ideology,jev,0.41767068273092367,0.8365384615384616
media_ideology,jev,0.42570281124497994,0.8301886792452831
media_ideology,jev,0.43373493975903615,0.8194444444444444
media_ideology,jev,0.44176706827309237,0.8227272727272728
media_ideology,jev,0.4497991967871486,0.8125
media_ideology,jev,0.4578313253012048,0.8114035087719298
media_ideology,jev,0.46586345381526106,0.8103448275862069
media_ideology,jev,0.4738955823293173,0.8135593220338984
media_ideology,jev,0.4819277108433735,0.8083333333333333
media_ideology,jev,0.4899598393574297,0.8073770491803278
media_ideology,jev,0.4979919678714859,0.8024193548387096
media_ideology,jev,0.5060240963855421,0.7976190476190477
media_ideology,jev,0.5140562248995983,0.796875
media_ideology,jev,0.5220883534136547,0.7923076923076923
media_ideology,jev,0.5301204819277109,0.7878787878787878
media_ideology,jev,0.5381526104417671,0.7835820895522388
media_ideology,jev,0.5461847389558233,0.7757352941176471
media_ideology,jev,0.5542168674698795,0.7681159420289855
media_ideology,jev,0.5622489959839357,0.7642857142857142
media_ideology,jev,0.570281124497992,0.7605633802816901
media_ideology,jev,0.5783132530120482,0.7569444444444444
media_ideology,jev,0.5863453815261044,0.7602739726027398
media_ideology,jev,0.5943775100401606,0.7601351351351351
media_ideology,jev,0.6024096385542169,0.7566666666666667
media_ideology,jev,0.6104417670682731,0.7467105263157895
media_ideology,jev,0.6184738955823293,0.7467532467532467
media_ideology,jev,0.6265060240963856,0.7371794871794872
media_ideology,jev,0.6345381526104418,0.7373417721518988
media_ideology,jev,0.642570281124498,0.734375
media_ideology,jev,0.6506024096385542,0.7283950617283951
media_ideology,jev,0.6586345381526104,0.7317073170731707
media_ideology,jev,0.6666666666666666,0.7289156626506024
media_ideology,jev,0.6746987951807228,0.7291666666666666
media_ideology,jev,0.6827309236947792,0.7323529411764705
media_ideology,jev,0.6907630522088354,0.7267441860465116
media_ideology,jev,0.6987951807228916,0.7241379310344828
media_ideology,jev,0.7068273092369478,0.7244318181818182
media_ideology,jev,0.714859437751004,0.7191011235955056
media_ideology,jev,0.7228915662650602,0.7138888888888889
media_ideology,jev,0.7309236947791165,0.7115384615384616
media_ideology,jev,0.7389558232931727,0.7119565217391305
media_ideology,jev,0.7469879518072289,0.7123655913978495
media_ideology,jev,0.7550200803212851,0.7101063829787234
media_ideology,jev,0.7630522088353414,0.7078947368421052
media_ideology,jev,0.7710843373493976,0.703125
media_ideology,jev,0.7791164658634538,0.7061855670103093
media_ideology,jev,0.7871485943775101,0.701530612244898
media_ideology,jev,0.7951807228915663,0.696969696969697
media_ideology,jev,0.8032128514056225,0.69
media_ideology,jev,0.8112449799196787,0.6881188118811881
media_ideology,jev,0.8192771084337349,0.6887254901960784
media_ideology,jev,0.8273092369477911,0.6820388349514563
media_ideology,jev,0.8353413654618473,0.6826923076923077
media_ideology,jev,0.8433734939759037,0.6785714285714286
media_ideology,jev,0.8514056224899599,0.6768867924528302
media_ideology,jev,0.8594377510040161,0.677570093457944
media_ideology,jev,0.8674698795180723,0.6759259259259259
media_ideology,jev,0.8755020080321285,0.6720183486238532
media_ideology,jev,0.8835341365461847,0.6704545454545454
media_ideology,jev,0.891566265060241,0.6711711711711712
media_ideology,jev,0.8995983935742972,0.671875
media_ideology,jev,0.9076305220883534,0.672566371681416
media_ideology,jev,0.9156626506024096,0.668859649122807
media_ideology,jev,0.9236947791164659,0.6673913043478261
media_ideology,jev,0.9317269076305221,0.6637931034482759
media_ideology,jev,0.9397590361445783,0.6623931623931624
media_ideology,jev,0.9477911646586346,0.6610169491525424
media_ideology,jev,0.9558232931726908,0.6596638655462185
media_ideology,jev,0.963855421686747,0.65625
media_ideology,jev,0.9718875502008032,0.6528925619834711
media_ideology,jev,0.9799196787148594,0.6536885245901639
media_ideology,jev,0.9879518072289156,0.6524390243902439
media_ideology,jev,0.9959839357429718,0.6491935483870968
media_ideology,jev,1.0,0.6485943775100401
media_ideology,local_rlcd-0.6b,0.008032128514056224,0.25
media_ideology,local_rlcd-0.6b,0.01606425702811245,0.375
media_ideology,local_rlcd-0.6b,0.024096385542168676,0.25
media_ideology,local_rlcd-0.6b,0.0321285140562249,0.1875
media_ideology,local_rlcd-0.6b,0.040160642570281124,0.25
media_ideology,local_rlcd-0.6b,0.04819277108433735,0.3333333333333333
media_ideology,local_rlcd-0.6b,0.05622489959839357,0.2857142857142857
media_ideology,local_rlcd-0.6b,0.0642570281124498,0.28125
media_ideology,local_rlcd-0.6b,0.07228915662650602,0.25
media_ideology,local_rlcd-0.6b,0.08032128514056225,0.225
media_ideology,local_rlcd-0.6b,0.08835341365461848,0.25
media_ideology,local_rlcd-0.6b,0.0963855421686747,0.2708333333333333
media_ideology,local_rlcd-0.6b,0.10441767068273092,0.3076923076923077
media_ideology,local_rlcd-0.6b,0.11244979919678715,0.32142857142857145
media_ideology,local_rlcd-0.6b,0.12048192771084337,0.31666666666666665
media_ideology,local_rlcd-0.6b,0.1285140562248996,0.34375
media_ideology,local_rlcd-0.6b,0.13654618473895583,0.3382352941176471
media_ideology,local_rlcd-0.6b,0.14457831325301204,0.3472222222222222
media_ideology,local_rlcd-0.6b,0.15261044176706828,0.35526315789473684
media_ideology,local_rlcd-0.6b,0.1606425702811245,0.3625
media_ideology,local_rlcd-0.6b,0.1686746987951807,0.36904761904761907
media_ideology,local_rlcd-0.6b,0.17670682730923695,0.38636363636363635
media_ideology,local_rlcd-0.6b,0.18473895582329317,0.391304347826087
media_ideology,local_rlcd-0.6b,0.1927710843373494,0.3958333333333333
media_ideology,local_rlcd-0.6b,0.20080321285140562,0.4
media_ideology,local_rlcd-0.6b,0.20883534136546184,0.40384615384615385
media_ideology,local_rlcd-0.6b,0.21686746987951808,0.4166666666666667
media_ideology,local_rlcd-0.6b,0.2248995983935743,0.4107142857142857
media_ideology,local_rlcd-0.6b,0.23293172690763053,0.4051724137931034
media_ideology,local_rlcd-0.6b,0.24096385542168675,0.4
media_ideology,local_rlcd-0.6b,0.24899598393574296,0.3870967741935484
media_ideology,local_rlcd-0.6b,0.2570281124497992,0.390625
media_ideology,local_rlcd-0.6b,0.26506024096385544,0.38636363636363635
media_ideology,local_rlcd-0.6b,0.27309236947791166,0.39705882352941174
media_ideology,local_rlcd-0.6b,0.28112449799196787,0.4
media_ideology,local_rlcd-0.6b,0.2891566265060241,0.3958333333333333
media_ideology,local_rlcd-0.6b,0.2971887550200803,0.39864864864864863
media_ideology,local_rlcd-0.6b,0.30522088353413657,0.40131578947368424
media_ideology,local_rlcd-0.6b,0.3132530120481928,0.40384615384615385
media_ideology,local_rlcd-0.6b,0.321285140562249,0.40625
media_ideology,local_rlcd-0.6b,0.3293172690763052,0.40853658536585363
media_ideology,local_rlcd-0.6b,0.3373493975903614,0.40476190476190477
media_ideology,local_rlcd-0.6b,0.3453815261044177,0.4011627906976744
media_ideology,local_rlcd-0.6b,0.3534136546184739,0.4090909090909091
media_ideology,local_rlcd-0.6b,0.3614457831325301,0.4166666666666667
media_ideology,local_rlcd-0.6b,0.36947791164658633,0.41304347826086957
media_ideology,local_rlcd-0.6b,0.37751004016064255,0.4095744680851064
media_ideology,local_rlcd-0.6b,0.3855421686746988,0.4166666666666667
media_ideology,local_rlcd-0.6b,0.39357429718875503,0.413265306122449
media_ideology,local_rlcd-0.6b,0.40160642570281124,0.41
media_ideology,local_rlcd-0.6b,0.40963855421686746,0.4019607843137255
media_ideology,local_rlcd-0.6b,0.41767068273092367,0.40865384615384615
media_ideology,local_rlcd-0.6b,0.42570281124497994,0.41037735849056606
media_ideology,local_rlcd-0.6b,0.43373493975903615,0.4027777777777778
media_ideology,local_rlcd-0.6b,0.44176706827309237,0.4
media_ideology,local_rlcd-0.6b,0.4497991967871486,0.4017857142857143
media_ideology,local_rlcd-0.6b,0.4578313253012048,0.40350877192982454
media_ideology,local_rlcd-0.6b,0.46586345381526106,0.39655172413793105
media_ideology,local_rlcd-0.6b,0.4738955823293173,0.3940677966101695
media_ideology,local_rlcd-0.6b,0.4819277108433735,0.3958333333333333
media_ideology,local_rlcd-0.6b,0.4899598393574297,0.39344262295081966
media_ideology,local_rlcd-0.6b,0.4979919678714859,0.3951612903225806
media_ideology,local_rlcd-0.6b,0.5060240963855421,0.39285714285714285
media_ideology,local_rlcd-0.6b,0.5140562248995983,0.39453125
media_ideology,local_rlcd-0.6b,0.5220883534136547,0.3923076923076923
media_ideology,local_rlcd-0.6b,0.5301204819277109,0.39015151515151514
media_ideology,local_rlcd-0.6b,0.5381526104417671,0.3917910447761194
media_ideology,local_rlcd-0.6b,0.5461847389558233,0.39338235294117646
media_ideology,local_rlcd-0.6b,0.5542168674698795,0.391304347826087
media_ideology,local_rlcd-0.6b,0.5622489959839357,0.4
media_ideology,local_rlcd-0.6b,0.570281124497992,0.397887323943662
media_ideology,local_rlcd-0.6b,0.5783132530120482,0.3993055555555556
media_ideology,local_rlcd-0.6b,0.5863453815261044,0.3938356164383562
media_ideology,local_rlcd-0.6b,0.5943775100401606,0.3885135135135135
media_ideology,local_rlcd-0.6b,0.6024096385542169,0.39
media_ideology,local_rlcd-0.6b,0.6104417670682731,0.3881578947368421
media_ideology,local_rlcd-0.6b,0.6184738955823293,0.38961038961038963
media_ideology,local_rlcd-0.6b,0.6265060240963856,0.3942307692307692
media_ideology,local_rlcd-0.6b,0.6345381526104418,0.39556962025316456
media_ideology,local_rlcd-0.6b,0.642570281124498,0.390625
media_ideology,local_rlcd-0.6b,0.6506024096385542,0.39814814814814814
media_ideology,local_rlcd-0.6b,0.6586345381526104,0.4024390243902439
media_ideology,local_rlcd-0.6b,0.6666666666666666,0.39759036144578314
media_ideology,local_rlcd-0.6b,0.6746987951807228,0.39880952380952384
media_ideology,local_rlcd-0.6b,0.6827309236947792,0.4
media_ideology,local_rlcd-0.6b,0.6907630522088354,0.4011627906976744
media_ideology,local_rlcd-0.6b,0.6987951807228916,0.4051724137931034
media_ideology,local_rlcd-0.6b,0.7068273092369478,0.4090909090909091
media_ideology,local_rlcd-0.6b,0.714859437751004,0.4101123595505618
media_ideology,local_rlcd-0.6b,0.7228915662650602,0.4083333333333333
media_ideology,local_rlcd-0.6b,0.7309236947791165,0.4065934065934066
media_ideology,local_rlcd-0.6b,0.7389558232931727,0.4048913043478261
media_ideology,local_rlcd-0.6b,0.7469879518072289,0.4032258064516129
media_ideology,local_rlcd-0.6b,0.7550200803212851,0.4015957446808511
media_ideology,local_rlcd-0.6b,0.7630522088353414,0.4
media_ideology,local_rlcd-0.6b,0.7710843373493976,0.3984375
media_ideology,local_rlcd-0.6b,0.7791164658634538,0.39690721649484534
media_ideology,local_rlcd-0.6b,0.7871485943775101,0.39540816326530615
media_ideology,local_rlcd-0.6b,0.7951807228915663,0.3939393939393939
media_ideology,local_rlcd-0.6b,0.8032128514056225,0.395
media_ideology,local_rlcd-0.6b,0.8112449799196787,0.3910891089108911
media_ideology,local_rlcd-0.6b,0.8192771084337349,0.3872549019607843
media_ideology,local_rlcd-0.6b,0.8273092369477911,0.38349514563106796
media_ideology,local_rlcd-0.6b,0.8353413654618473,0.3798076923076923
media_ideology,local_rlcd-0.6b,0.8433734939759037,0.3761904761904762
media_ideology,local_rlcd-0.6b,0.8514056224899599,0.37264150943396224
media_ideology,local_rlcd-0.6b,0.8594377510040161,0.37383177570093457
media_ideology,local_rlcd-0.6b,0.8674698795180723,0.37037037037037035
media_ideology,local_rlcd-0.6b,0.8755020080321285,0.36926605504587157
media_ideology,local_rlcd-0.6b,0.8835341365461847,0.3704545454545455
media_ideology,local_rlcd-0.6b,0.891566265060241,0.3738738738738739
media_ideology,local_rlcd-0.6b,0.8995983935742972,0.37276785714285715
media_ideology,local_rlcd-0.6b,0.9076305220883534,0.3694690265486726
media_ideology,local_rlcd-0.6b,0.9156626506024096,0.3684210526315789
media_ideology,local_rlcd-0.6b,0.9236947791164659,0.3695652173913043
media_ideology,local_rlcd-0.6b,0.9317269076305221,0.36853448275862066
media_ideology,local_rlcd-0.6b,0.9397590361445783,0.3696581196581197
media_ideology,local_rlcd-0.6b,0.9477911646586346,0.3707627118644068
media_ideology,local_rlcd-0.6b,0.9558232931726908,0.3697478991596639
media_ideology,local_rlcd-0.6b,0.963855421686747,0.36875
media_ideology,local_rlcd-0.6b,0.9718875502008032,0.365702479338843
media_ideology,local_rlcd-0.6b,0.9799196787148594,0.36270491803278687
media_ideology,local_rlcd-0.6b,0.9879518072289156,0.3597560975609756
media_ideology,local_rlcd-0.6b,0.9959839357429718,0.3588709677419355
media_ideology,local_rlcd-0.6b,1.0,0.357429718875502
mrf,google_gemini-3.8-flash,0.01,1.0
mrf,google_gemini-3.8-flash,0.02,0.9
mrf,google_gemini-3.8-flash,0.03,0.9333333333333333
mrf,google_gemini-3.8-flash,0.04,0.9
mrf,google_gemini-3.8-flash,0.05,0.88
mrf,google_gemini-3.8-flash,0.06,0.9
mrf,google_gemini-3.8-flash,0.07,0.9142857142857143
mrf,google_gemini-3.8-flash,0.08,0.875
mrf,google_gemini-3.8-flash,0.09,0.8888888888888888
mrf,google_gemini-3.8-flash,0.1,0.9
mrf,google_gemini-3.8-flash,0.11,0.9090909090909091
mrf,google_gemini-3.8-flash,0.12,0.9
mrf,google_gemini-3.8-flash,0.13,0.8923076923076924
mrf,google_gemini-3.8-flash,0.14,0.9
mrf,google_gemini-3.8-flash,0.15,0.8666666666666667
mrf,google_gemini-3.8-flash,0.16,0.85
mrf,google_gemini-3.8-flash,0.17,0.8470588235294118
mrf,google_gemini-3.8-flash,0.18,0.8555555555555555
mrf,google_gemini-3.8-flash,0.19,0.8631578947368421
mrf,google_gemini-3.8-flash,0.2,0.86
mrf,google_gemini-3.8-flash,0.21,0.8476190476190476
mrf,google_gemini-3.8-flash,0.22,0.8545454545454545
mrf,google_gemini-3.8-flash,0.23,0.8608695652173913
mrf,google_gemini-3.8-flash,0.24,0.8666666666666667
mrf,google_gemini-3.8-flash,0.25,0.872
mrf,google_gemini-3.8-flash,0.26,0.8769230769230769
mrf,google_gemini-3.8-flash,0.27,0.8814814814814815
mrf,google_gemini-3.8-flash,0.28,0.8857142857142857
mrf,google_gemini-3.8-flash,0.29,0.8896551724137931
mrf,google_gemini-3.8-flash,0.3,0.8933333333333333
mrf,google_gemini-3.8-flash,0.31,0.896774193548387
mrf,google_gemini-3.8-flash,0.32,0.9
mrf,google_gemini-3.8-flash,0.33,0.9030303030303031
mrf,google_gemini-3.8-flash,0.34,0.9058823529411765
mrf,google_gemini-3.8-flash,0.35,0.9085714285714286
mrf,google_gemini-3.8-flash,0.36,0.9111111111111111
mrf,google_gemini-3.8-flash,0.37,0.9135135135135135
mrf,google_gemini-3.8-flash,0.38,0.9157894736842105
mrf,google_gemini-3.8-flash,0.39,0.9179487179487179
mrf,google_gemini-3.8-flash,0.4,0.92
mrf,google_gemini-3.8-flash,0.41,0.9219512195121952
mrf,google_gemini-3.8-flash,0.42,0.9238095238095239
mrf,google_gemini-3.8-flash,0.43,0.9255813953488372
mrf,google_gemini-3.8-flash,0.44,0.9272727272727272
mrf,google_gemini-3.8-flash,0.45,0.9111111111111111
mrf,google_gemini-3.8-flash,0.46,0.9
mrf,google_gemini-3.8-flash,0.47,0.8978723404255319
mrf,google_gemini-3.8-flash,0.48,0.8916666666666667
mrf,google_gemini-3.8-flash,0.49,0.8734693877551021
mrf,google_gemini-3.8-flash,0.5,0.868
mrf,google_gemini-3.8-flash,0.51,0.8588235294117647
mrf,google_gemini-3.8-flash,0.52,0.85
mrf,google_gemini-3.8-flash,0.53,0.8415094339622642
mrf,google_gemini-3.8-flash,0.54,0.837037037037037
mrf,google_gemini-3.8-flash,0.55,0.8290909090909091
mrf,google_gemini-3.8-flash,0.56,0.8142857142857143
mrf,google_gemini-3.8-flash,0.57,0.8140350877192982
mrf,google_gemini-3.8-flash,0.58,0.8137931034482758
mrf,google_gemini-3.8-flash,0.59,0.8135593220338984
mrf,google_gemini-3.8-flash,0.6,0.8033333333333333
mrf,google_gemini-3.8-flash,0.61,0.7934426229508197
mrf,google_gemini-3.8-flash,0.62,0.7870967741935484
mrf,google_gemini-3.8-flash,0.63,0.780952380952381
mrf,google_gemini-3.8-flash,0.64,0.784375
mrf,google_gemini-3.8-flash,0.65,0.7846153846153846
mrf,google_gemini-3.8-flash,0.66,0.7818181818181819
mrf,google_gemini-3.8-flash,0.67,0.7791044776119403
mrf,google_gemini-3.8-flash,0.68,0.7823529411764706
mrf,google_gemini-3.8-flash,0.69,0.7855072463768116
mrf,google_gemini-3.8-flash,0.7,0.7885714285714286
mrf,google_gemini-3.8-flash,0.71,0.7915492957746478
mrf,google_gemini-3.8-flash,0.72,0.7944444444444444
mrf,google_gemini-3.8-flash,0.73,0.7972602739726027
mrf,google_gemini-3.8-flash,0.74,0.8
mrf,google_gemini-3.8-flash,0.75,0.8026666666666666
mrf,google_gemini-3.8-flash,0.76,0.8052631578947368
mrf,google_gemini-3.8-flash,0.77,0.8077922077922078
mrf,google_gemini-3.8-flash,0.78,0.8102564102564103
mrf,google_gemini-3.8-flash,0.79,0.8126582278481013
mrf,google_gemini-3.8-flash,0.8,0.815
mrf,google_gemini-3.8-flash,0.81,0.817283950617284
mrf,google_gemini-3.8-flash,0.82,0.8195121951219512
mrf,google_gemini-3.8-flash,0.83,0.8216867469879519
mrf,google_gemini-3.8-flash,0.84,0.8238095238095238
mrf,google_gemini-3.8-flash,0.85,0.8258823529411765
mrf,google_gemini-3.8-flash,0.86,0.827906976744186
mrf,google_gemini-3.8-flash,0.87,0.8298850574712644
mrf,google_gemini-3.8-flash,0.88,0.8318181818181818
mrf,google_gemini-3.8-flash,0.89,0.8337078651685393
mrf,google_gemini-3.8-flash,0.9,0.8355555555555556
mrf,google_gemini-3.8-flash,0.91,0.8373626373626374
mrf,google_gemini-3.8-flash,0.92,0.8391304347826087
mrf,google_gemini-3.8-flash,0.93,0.8408602150537634
mrf,google_gemini-3.8-flash,0.94,0.8404255319148937
mrf,google_gemini-3.8-flash,0.95,0.8357894736842105
mrf,google_gemini-3.8-flash,0.96,0.8333333333333334
mrf,google_gemini-3.8-flash,0.97,0.8268041237113402
mrf,google_gemini-3.8-flash,0.98,0.8244897959183674
mrf,google_gemini-3.8-flash,0.99,0.8262626262626263
mrf,google_gemini-3.8-flash,1.0,0.826
mrf,jev,0.01,1.0
mrf,jev,0.02,0.9
mrf,jev,0.03,0.9333333333333333
mrf,jev,0.04,0.95
mrf,jev,0.05,0.96
mrf,jev,0.06,0.9666666666666667
mrf,jev,0.07,0.9714285714285714
mrf,jev,0.08,0.95
mrf,jev,0.09,0.9555555555555556
mrf,jev,0.1,0.96
mrf,jev,0.11,0.9636363636363636
mrf,jev,0.12,0.9666666666666667
mrf,jev,0.13,0.9692307692307692
mrf,jev,0.14,0.9714285714285714
mrf,jev,0.15,0.96
mrf,jev,0.16,0.9625
mrf,jev,0.17,0.9411764705882353
mrf,jev,0.18,0.9444444444444444
mrf,jev,0.19,0.9368421052631579
mrf,jev,0.2,0.94
mrf,jev,0.21,0.9428571428571428
mrf,jev,0.22,0.9363636363636364
mrf,jev,0.23,0.9391304347826087
mrf,jev,0.24,0.925
mrf,jev,0.25,0.928
mrf,jev,0.26,0.9307692307692308
mrf,jev,0.27,0.9333333333333333
mrf,jev,0.28,0.9357142857142857
mrf,jev,0.29,0.9379310344827586
mrf,jev,0.3,0.92
mrf,jev,0.31,0.9161290322580645
mrf,jev,0.32,0.91875
mrf,jev,0.33,0.9212121212121213
mrf,jev,0.34,0.9235294117647059
mrf,jev,0.35,0.92
mrf,jev,0.36,0.9222222222222223
mrf,jev,0.37,0.9243243243243243
mrf,jev,0.38,0.9210526315789473
mrf,jev,0.39,0.9128205128205128
mrf,jev,0.4,0.915
mrf,jev,0.41,0.9170731707317074
mrf,jev,0.42,0.919047619047619
mrf,jev,0.43,0.9162790697674419
mrf,jev,0.44,0.9181818181818182
mrf,jev,0.45,0.9155555555555556
mrf,jev,0.46,0.9043478260869565
mrf,jev,0.47,0.9063829787234042
mrf,jev,0.48,0.8916666666666667
mrf,jev,0.49,0.889795918367347
mrf,jev,0.5,0.888
mrf,jev,0.51,0.8901960784313725
mrf,jev,0.52,0.8923076923076924
mrf,jev,0.53,0.8905660377358491
mrf,jev,0.54,0.8888888888888888
mrf,jev,0.55,0.8909090909090909
mrf,jev,0.56,0.8892857142857142
mrf,jev,0.57,0.8912280701754386
mrf,jev,0.58,0.8862068965517241
mrf,jev,0.59,0.8847457627118644
mrf,jev,0.6,0.8833333333333333
mrf,jev,0.61,0.8786885245901639
mrf,jev,0.62,0.8806451612903226
mrf,jev,0.63,0.8825396825396825
mrf,jev,0.64,0.88125
mrf,jev,0.65,0.88
mrf,jev,0.66,0.8787878787878788
mrf,jev,0.67,0.8746268656716418
mrf,jev,0.68,0.8735294117647059
mrf,jev,0.69,0.8753623188405797
mrf,jev,0.7,0.8714285714285714
mrf,jev,0.71,0.8704225352112676
mrf,jev,0.72,0.8694444444444445
mrf,jev,0.73,0.8684931506849315
mrf,jev,0.74,0.8675675675675676
mrf,jev,0.75,0.8693333333333333
mrf,jev,0.76,0.8631578947368421
mrf,jev,0.77,0.8623376623376623
mrf,jev,0.78,0.8641025641025641
mrf,jev,0.79,0.8582278481012658
mrf,jev,0.8,0.8575
mrf,jev,0.81,0.8592592592592593
mrf,jev,0.82,0.8536585365853658
mrf,jev,0.83,0.8530120481927711
mrf,jev,0.84,0.85
mrf,jev,0.85,0.8470588235294118
mrf,jev,0.86,0.8465116279069768
mrf,jev,0.87,0.8436781609195402
mrf,jev,0.88,0.8409090909090909
mrf,jev,0.89,0.8426966292134831
mrf,jev,0.9,0.8377777777777777
mrf,jev,0.91,0.8395604395604396
mrf,jev,0.92,0.8347826086956521
mrf,jev,0.93,0.8301075268817204
mrf,jev,0.94,0.823404255319149
mrf,jev,0.95,0.8189473684210526
mrf,jev,0.96,0.8145833333333333
mrf,jev,0.97,0.8123711340206186
mrf,jev,0.98,0.810204081632653
mrf,jev,0.99,0.804040404040404
mrf,jev,1.0,0.8
mrf,local_rlcd-0.6b,0.01,1.0
mrf,local_rlcd-0.6b,0.02,1.0
mrf,local_rlcd-0.6b,0.03,1.0
mrf,local_rlcd-0.6b,0.04,1.0
mrf,local_rlcd-0.6b,0.05,1.0
mrf,local_rlcd-0.6b,0.06,1.0
mrf,local_rlcd-0.6b,0.07,1.0
mrf,local_rlcd-0.6b,0.08,0.95
mrf,local_rlcd-0.6b,0.09,0.9555555555555556
mrf,local_rlcd-0.6b,0.1,0.96
mrf,local_rlcd-0.6b,0.11,0.9636363636363636
mrf,local_rlcd-0.6b,0.12,0.95
mrf,local_rlcd-0.6b,0.13,0.9384615384615385
mrf,local_rlcd-0.6b,0.14,0.9285714285714286
mrf,local_rlcd-0.6b,0.15,0.92
mrf,local_rlcd-0.6b,0.16,0.9
mrf,local_rlcd-0.6b,0.17,0.9058823529411765
mrf,local_rlcd-0.6b,0.18,0.8777777777777778
mrf,local_rlcd-0.6b,0.19,0.8631578947368421
mrf,local_rlcd-0.6b,0.2,0.84
mrf,local_rlcd-0.6b,0.21,0.8285714285714286
mrf,local_rlcd-0.6b,0.22,0.8363636363636363
mrf,local_rlcd-0.6b,0.23,0.8260869565217391
mrf,local_rlcd-0.6b,0.24,0.8333333333333334
mrf,local_rlcd-0.6b,0.25,0.816
mrf,local_rlcd-0.6b,0.26,0.823076923076923
mrf,local_rlcd-0.6b,0.27,0.8222222222222222
mrf,local_rlcd-0.6b,0.28,0.8214285714285714
mrf,local_rlcd-0.6b,0.29,0.8137931034482758
mrf,local_rlcd-0.6b,0.3,0.8
mrf,local_rlcd-0.6b,0.31,0.7870967741935484
mrf,local_rlcd-0.6b,0.32,0.78125
mrf,local_rlcd-0.6b,0.33,0.7757575757575758
mrf,local_rlcd-0.6b,0.34,0.7705882352941177
mrf,local_rlcd-0.6b,0.35,0.7657142857142857
mrf,local_rlcd-0.6b,0.36,0.7611111111111111
mrf,local_rlcd-0.6b,0.37,0.7621621621621621
mrf,local_rlcd-0.6b,0.38,0.7578947368421053
mrf,local_rlcd-0.6b,0.39,0.7487179487179487
mrf,local_rlcd-0.6b,0.4,0.745
mrf,local_rlcd-0.6b,0.41,0.7365853658536585
mrf,local_rlcd-0.6b,0.42,0.7333333333333333
mrf,local_rlcd-0.6b,0.43,0.7395348837209302
mrf,local_rlcd-0.6b,0.44,0.7272727272727273
mrf,local_rlcd-0.6b,0.45,0.7244444444444444
mrf,local_rlcd-0.6b,0.46,0.7086956521739131
mrf,local_rlcd-0.6b,0.47,0.6936170212765957
mrf,local_rlcd-0.6b,0.48,0.6916666666666667
mrf,local_rlcd-0.6b,0.49,0.6857142857142857
mrf,local_rlcd-0.6b,0.5,0.68
mrf,local_rlcd-0.6b,0.51,0.6784313725490196
mrf,local_rlcd-0.6b,0.52,0.676923076923077
mrf,local_rlcd-0.6b,0.53,0.6754716981132075
mrf,local_rlcd-0.6b,0.54,0.6666666666666666
mrf,local_rlcd-0.6b,0.55,0.6654545454545454
mrf,local_rlcd-0.6b,0.56,0.6607142857142857
mrf,local_rlcd-0.6b,0.57,0.656140350877193
mrf,local_rlcd-0.6b,0.58,0.6551724137931034
mrf,local_rlcd-0.6b,0.59,0.6542372881355932
mrf,local_rlcd-0.6b,0.6,0.6466666666666666
mrf,local_rlcd-0.6b,0.61,0.6459016393442623
mrf,local_rlcd-0.6b,0.62,0.6451612903225806
mrf,local_rlcd-0.6b,0.63,0.6444444444444445
mrf,local_rlcd-0.6b,0.64,0.6375
mrf,local_rlcd-0.6b,0.65,0.6369230769230769
mrf,local_rlcd-0.6b,0.66,0.6393939393939394
mrf,local_rlcd-0.6b,0.67,0.6447761194029851
mrf,local_rlcd-0.6b,0.68,0.6470588235294118
mrf,local_rlcd-0.6b,0.69,0.6521739130434783
mrf,local_rlcd-0.6b,0.7,0.6542857142857142
mrf,local_rlcd-0.6b,0.71,0.6591549295774648
mrf,local_rlcd-0.6b,0.72,0.6611111111111111
mrf,local_rlcd-0.6b,0.73,0.6575342465753424
mrf,local_rlcd-0.6b,0.74,0.6513513513513514
mrf,local_rlcd-0.6b,0.75,0.6453333333333333
mrf,local_rlcd-0.6b,0.76,0.6394736842105263
mrf,local_rlcd-0.6b,0.77,0.6363636363636364
mrf,local_rlcd-0.6b,0.78,0.6307692307692307
mrf,local_rlcd-0.6b,0.79,0.6253164556962025
mrf,local_rlcd-0.6b,0.8,0.625
mrf,local_rlcd-0.6b,0.81,0.6271604938271605
mrf,local_rlcd-0.6b,0.82,0.6268292682926829
mrf,local_rlcd-0.6b,0.83,0.6289156626506024
mrf,local_rlcd-0.6b,0.84,0.6309523809523809
mrf,local_rlcd-0.6b,0.85,0.6282352941176471
mrf,local_rlcd-0.6b,0.86,0.6302325581395349
mrf,local_rlcd-0.6b,0.87,0.6252873563218391
mrf,local_rlcd-0.6b,0.88,0.6272727272727273
mrf,local_rlcd-0.6b,0.89,0.6247191011235955
mrf,local_rlcd-0.6b,0.9,0.6244444444444445
mrf,local_rlcd-0.6b,0.91,0.6241758241758242
mrf,local_rlcd-0.6b,0.92,0.6217391304347826
mrf,local_rlcd-0.6b,0.93,0.6172043010752688
mrf,local_rlcd-0.6b,0.94,0.6170212765957447
mrf,local_rlcd-0.6b,0.95,0.6189473684210526
mrf,local_rlcd-0.6b,0.96,0.6166666666666667
mrf,local_rlcd-0.6b,0.97,0.6123711340206186
mrf,local_rlcd-0.6b,0.98,0.6122448979591837
mrf,local_rlcd-0.6b,0.99,0.6101010101010101
mrf,local_rlcd-0.6b,1.0,0.606
persuasion,google_gemini-3.8-flash,0.009216589861751152,0.75
persuasion,google_gemini-3.8-flash,0.018433179723502304,0.75
persuasion,google_gemini-3.8-flash,0.027649769585253458,0.8333333333333334
persuasion,google_gemini-3.8-flash,0.03686635944700461,0.875
persuasion,google_gemini-3.8-flash,0.04608294930875576,0.9
persuasion,google_gemini-3.8-flash,0.055299539170506916,0.9166666666666666
persuasion,google_gemini-3.8-flash,0.06451612903225806,0.8928571428571429
persuasion,google_gemini-3.8-flash,0.07373271889400922,0.90625
persuasion,google_gemini-3.8-flash,0.08294930875576037,0.9166666666666666
persuasion,google_gemini-3.8-flash,0.09216589861751152,0.925
persuasion,google_gemini-3.8-flash,0.10138248847926268,0.9318181818181818
persuasion,google_gemini-3.8-flash,0.11059907834101383,0.9375
persuasion,google_gemini-3.8-flash,0.11981566820276497,0.9423076923076923
persuasion,google_gemini-3.8-flash,0.12903225806451613,0.9464285714285714
persuasion,google_gemini-3.8-flash,0.1382488479262673,0.95
persuasion,google_gemini-3.8-flash,0.14746543778801843,0.953125
persuasion,google_gemini-3.8-flash,0.15668202764976957,0.9558823529411765
persuasion,google_gemini-3.8-flash,0.16589861751152074,0.9583333333333334
persuasion,google_gemini-3.8-flash,0.17511520737327188,0.9605263157894737
persuasion,google_gemini-3.8-flash,0.18433179723502305,0.9625
persuasion,google_gemini-3.8-flash,0.1935483870967742,0.9642857142857143
persuasion,google_gemini-3.8-flash,0.20276497695852536,0.9659090909090909
persuasion,google_gemini-3.8-flash,0.2119815668202765,0.967391304347826
persuasion,google_gemini-3.8-flash,0.22119815668202766,0.9583333333333334
persuasion,google_gemini-3.8-flash,0.2304147465437788,0.96
persuasion,google_gemini-3.8-flash,0.23963133640552994,0.9615384615384616
persuasion,google_gemini-3.8-flash,0.2488479262672811,0.9629629629629629
persuasion,google_gemini-3.8-flash,0.25806451612903225,0.9553571428571429
persuasion,google_gemini-3.8-flash,0.2672811059907834,0.9568965517241379
persuasion,google_gemini-3.8-flash,0.2764976958525346,0.95
persuasion,google_gemini-3.8-flash,0.2857142857142857,0.9516129032258065
persuasion,google_gemini-3.8-flash,0.29493087557603687,0.9453125
persuasion,google_gemini-3.8-flash,0.30414746543778803,0.946969696969697
persuasion,google_gemini-3.8-flash,0.31336405529953915,0.9485294117647058
persuasion,google_gemini-3.8-flash,0.3225806451612903,0.95
persuasion,google_gemini-3.8-flash,0.3317972350230415,0.9513888888888888
persuasion,google_gemini-3.8-flash,0.34101382488479265,0.9527027027027027
persuasion,google_gemini-3.8-flash,0.35023041474654376,0.9473684210526315
persuasion,google_gemini-3.8-flash,0.35944700460829493,0.9487179487179487
persuasion,google_gemini-3.8-flash,0.3686635944700461,0.95
persuasion,google_gemini-3.8-flash,0.3778801843317972,0.9512195121951219
persuasion,google_gemini-3.8-flash,0.3870967741935484,0.9523809523809523
persuasion,google_gemini-3.8-flash,0.39631336405529954,0.9534883720930233
persuasion,google_gemini-3.8-flash,0.4055299539170507,0.9488636363636364
persuasion,google_gemini-3.8-flash,0.4147465437788018,0.95
persuasion,google_gemini-3.8-flash,0.423963133640553,0.9510869565217391
persuasion,google_gemini-3.8-flash,0.43317972350230416,0.9521276595744681
persuasion,google_gemini-3.8-flash,0.4423963133640553,0.953125
persuasion,google_gemini-3.8-flash,0.45161290322580644,0.9540816326530612
persuasion,google_gemini-3.8-flash,0.4608294930875576,0.955
persuasion,google_gemini-3.8-flash,0.4700460829493088,0.9558823529411765
persuasion,google_gemini-3.8-flash,0.4792626728110599,0.9519230769230769
persuasion,google_gemini-3.8-flash,0.48847926267281105,0.9481132075471698
persuasion,google_gemini-3.8-flash,0.4976958525345622,0.9351851851851852
persuasion,google_gemini-3.8-flash,0.5069124423963134,0.9318181818181818
persuasion,google_gemini-3.8-flash,0.5161290322580645,0.9151785714285714
persuasion,google_gemini-3.8-flash,0.5253456221198156,0.9078947368421053
persuasion,google_gemini-3.8-flash,0.5345622119815668,0.896551724137931
persuasion,google_gemini-3.8-flash,0.543778801843318,0.885593220338983
persuasion,google_gemini-3.8-flash,0.5529953917050692,0.875
persuasion,google_gemini-3.8-flash,0.5622119815668203,0.8647540983606558
persuasion,google_gemini-3.8-flash,0.5714285714285714,0.8548387096774194
persuasion,google_gemini-3.8-flash,0.5806451612903226,0.8412698412698413
persuasion,google_gemini-3.8-flash,0.5898617511520737,0.828125
persuasion,google_gemini-3.8-flash,0.5990783410138248,0.8192307692307692
persuasion,google_gemini-3.8-flash,0.6082949308755761,0.8106060606060606
persuasion,google_gemini-3.8-flash,0.6175115207373272,0.8059701492537313
persuasion,google_gemini-3.8-flash,0.6267281105990783,0.7977941176470589
persuasion,google_gemini-3.8-flash,0.6359447004608295,0.7934782608695652
persuasion,google_gemini-3.8-flash,0.6451612903225806,0.7892857142857143
persuasion,google_gemini-3.8-flash,0.6543778801843319,0.7816901408450704
persuasion,google_gemini-3.8-flash,0.663594470046083,0.78125
persuasion,google_gemini-3.8-flash,0.6728110599078341,0.7808219178082192
persuasion,google_gemini-3.8-flash,0.6820276497695853,0.7837837837837838
persuasion,google_gemini-3.8-flash,0.6912442396313364,0.7866666666666666
persuasion,google_gemini-3.8-flash,0.7004608294930875,0.7894736842105263
persuasion,google_gemini-3.8-flash,0.7096774193548387,0.7857142857142857
persuasion,google_gemini-3.8-flash,0.7188940092165899,0.7756410256410257
persuasion,google_gemini-3.8-flash,0.728110599078341,0.7721518987341772
persuasion,google_gemini-3.8-flash,0.7373271889400922,0.775
persuasion,google_gemini-3.8-flash,0.7465437788018433,0.7777777777777778
persuasion,google_gemini-3.8-flash,0.7557603686635944,0.7804878048780488
persuasion,google_gemini-3.8-flash,0.7649769585253456,0.7831325301204819
persuasion,google_gemini-3.8-flash,0.7741935483870968,0.7827380952380952
persuasion,google_gemini-3.8-flash,0.783410138248848,0.7852941176470588
persuasion,google_gemini-3.8-flash,0.7926267281105991,0.7877906976744186
persuasion,google_gemini-3.8-flash,0.8018433179723502,0.7873563218390804
persuasion,google_gemini-3.8-flash,0.8110599078341014,0.7897727272727273
persuasion,google_gemini-3.8-flash,0.8202764976958525,0.7921348314606742
persuasion,google_gemini-3.8-flash,0.8294930875576036,0.7916666666666666
persuasion,google_gemini-3.8-flash,0.8387096774193549,0.7939560439560439
persuasion,google_gemini-3.8-flash,0.847926267281106,0.7907608695652174
persuasion,google_gemini-3.8-flash,0.8571428571428571,0.782258064516129
persuasion,google_gemini-3.8-flash,0.8663594470046083,0.773936170212766
persuasion,google_gemini-3.8-flash,0.8755760368663594,0.7684210526315789
persuasion,google_gemini-3.8-flash,0.8847926267281107,0.7630208333333334
persuasion,google_gemini-3.8-flash,0.8940092165898618,0.7551546391752577
persuasion,google_gemini-3.8-flash,0.9032258064516129,0.75
persuasion,google_gemini-3.8-flash,0.9124423963133641,0.7474747474747475
persuasion,google_gemini-3.8-flash,0.9216589861751152,0.745
persuasion,google_gemini-3.8-flash,0.9308755760368663,0.7425742574257426
persuasion,google_gemini-3.8-flash,0.9400921658986175,0.7401960784313726
persuasion,google_gemini-3.8-flash,0.9493087557603687,0.7427184466019418
persuasion,google_gemini-3.8-flash,0.9585253456221198,0.7403846153846154
persuasion,google_gemini-3.8-flash,0.967741935483871,0.7404761904761905
persuasion,google_gemini-3.8-flash,0.9769585253456221,0.7405660377358491
persuasion,google_gemini-3.8-flash,0.9861751152073732,0.7383177570093458
persuasion,google_gemini-3.8-flash,0.9953917050691244,0.7337962962962963
persuasion,google_gemini-3.8-flash,1.0,0.7350230414746544
persuasion,jev,0.009216589861751152,0.75
persuasion,jev,0.018433179723502304,0.875
persuasion,jev,0.027649769585253458,0.8333333333333334
persuasion,jev,0.03686635944700461,0.6875
persuasion,jev,0.04608294930875576,0.75
persuasion,jev,0.055299539170506916,0.75
persuasion,jev,0.06451612903225806,0.7142857142857143
persuasion,jev,0.07373271889400922,0.75
persuasion,jev,0.08294930875576037,0.7777777777777778
persuasion,jev,0.09216589861751152,0.725
persuasion,jev,0.10138248847926268,0.75
persuasion,jev,0.11059907834101383,0.7291666666666666
persuasion,jev,0.11981566820276497,0.7307692307692307
persuasion,jev,0.12903225806451613,0.7321428571428571
persuasion,jev,0.1382488479262673,0.7333333333333333
persuasion,jev,0.14746543778801843,0.703125
persuasion,jev,0.15668202764976957,0.7058823529411765
persuasion,jev,0.16589861751152074,0.7083333333333334
persuasion,jev,0.17511520737327188,0.7105263157894737
persuasion,jev,0.18433179723502305,0.7
persuasion,jev,0.1935483870967742,0.7023809523809523
persuasion,jev,0.20276497695852536,0.7159090909090909
persuasion,jev,0.2119815668202765,0.7065217391304348
persuasion,jev,0.22119815668202766,0.7083333333333334
persuasion,jev,0.2304147465437788,0.7
persuasion,jev,0.23963133640552994,0.6826923076923077
persuasion,jev,0.2488479262672811,0.6944444444444444
persuasion,jev,0.25806451612903225,0.6964285714285714
persuasion,jev,0.2672811059907834,0.6896551724137931
persuasion,jev,0.2764976958525346,0.6833333333333333
persuasion,jev,0.2857142857142857,0.6935483870967742
persuasion,jev,0.29493087557603687,0.6953125
persuasion,jev,0.30414746543778803,0.6893939393939394
persuasion,jev,0.31336405529953915,0.6911764705882353
persuasion,jev,0.3225806451612903,0.6857142857142857
persuasion,jev,0.3317972350230415,0.6805555555555556
persuasion,jev,0.34101382488479265,0.6824324324324325
persuasion,jev,0.35023041474654376,0.6907894736842105
persuasion,jev,0.35944700460829493,0.6923076923076923
persuasion,jev,0.3686635944700461,0.68125
persuasion,jev,0.3778801843317972,0.6829268292682927
persuasion,jev,0.3870967741935484,0.6845238095238095
persuasion,jev,0.39631336405529954,0.6918604651162791
persuasion,jev,0.4055299539170507,0.6818181818181818
persuasion,jev,0.4147465437788018,0.6888888888888889
persuasion,jev,0.423963133640553,0.6847826086956522
persuasion,jev,0.43317972350230416,0.6914893617021277
persuasion,jev,0.4423963133640553,0.6927083333333334
persuasion,jev,0.45161290322580644,0.6938775510204082
persuasion,jev,0.4608294930875576,0.695
persuasion,jev,0.4700460829493088,0.6862745098039216
persuasion,jev,0.4792626728110599,0.6875
persuasion,jev,0.48847926267281105,0.6933962264150944
persuasion,jev,0.4976958525345622,0.6851851851851852
persuasion,jev,0.5069124423963134,0.6772727272727272
persuasion,jev,0.5161290322580645,0.6785714285714286
persuasion,jev,0.5253456221198156,0.6798245614035088
persuasion,jev,0.5345622119815668,0.6724137931034483
persuasion,jev,0.543778801843318,0.6694915254237288
persuasion,jev,0.5529953917050692,0.675
persuasion,jev,0.5622119815668203,0.6762295081967213
persuasion,jev,0.5714285714285714,0.6774193548387096
persuasion,jev,0.5806451612903226,0.6746031746031746
persuasion,jev,0.5898617511520737,0.671875
persuasion,jev,0.5990783410138248,0.6692307692307692
persuasion,jev,0.6082949308755761,0.6628787878787878
persuasion,jev,0.6175115207373272,0.6604477611940298
persuasion,jev,0.6267281105990783,0.6544117647058824
persuasion,jev,0.6359447004608295,0.6521739130434783
persuasion,jev,0.6451612903225806,0.6535714285714286
persuasion,jev,0.6543778801843319,0.6584507042253521
persuasion,jev,0.663594470046083,0.65625
persuasion,jev,0.6728110599078341,0.6506849315068494
persuasion,jev,0.6820276497695853,0.6418918918918919
persuasion,jev,0.6912442396313364,0.64
persuasion,jev,0.7004608294930875,0.6414473684210527
persuasion,jev,0.7096774193548387,0.6396103896103896
persuasion,jev,0.7188940092165899,0.6378205128205128
persuasion,jev,0.728110599078341,0.6360759493670886
persuasion,jev,0.7373271889400922,0.634375
persuasion,jev,0.7465437788018433,0.6327160493827161
persuasion,jev,0.7557603686635944,0.6310975609756098
persuasion,jev,0.7649769585253456,0.6325301204819277
persuasion,jev,0.7741935483870968,0.6279761904761905
persuasion,jev,0.783410138248848,0.6264705882352941
persuasion,jev,0.7926267281105991,0.625
persuasion,jev,0.8018433179723502,0.6235632183908046
persuasion,jev,0.8110599078341014,0.6278409090909091
persuasion,jev,0.8202764976958525,0.6320224719101124
persuasion,jev,0.8294930875576036,0.6305555555555555
persuasion,jev,0.8387096774193549,0.6346153846153846
persuasion,jev,0.847926267281106,0.6304347826086957
persuasion,jev,0.8571428571428571,0.6290322580645161
persuasion,jev,0.8663594470046083,0.6303191489361702
persuasion,jev,0.8755760368663594,0.6263157894736842
persuasion,jev,0.8847926267281107,0.6302083333333334
persuasion,jev,0.8940092165898618,0.6314432989690721
persuasion,jev,0.9032258064516129,0.625
persuasion,jev,0.9124423963133641,0.6237373737373737
persuasion,jev,0.9216589861751152,0.6225
persuasion,jev,0.9308755760368663,0.6237623762376238
persuasion,jev,0.9400921658986175,0.6225490196078431
persuasion,jev,0.9493087557603687,0.6213592233009708
persuasion,jev,0.9585253456221198,0.6177884615384616
persuasion,jev,0.967741935483871,0.6142857142857143
persuasion,jev,0.9769585253456221,0.6108490566037735
persuasion,jev,0.9861751152073732,0.6074766355140186
persuasion,jev,0.9953917050691244,0.6041666666666666
persuasion,jev,1.0,0.6036866359447005
persuasion,local_rlcd-0.6b,0.009216589861751152,0.5
persuasion,local_rlcd-0.6b,0.018433179723502304,0.5
persuasion,local_rlcd-0.6b,0.027649769585253458,0.5833333333333334
persuasion,local_rlcd-0.6b,0.03686635944700461,0.5625
persuasion,local_rlcd-0.6b,0.04608294930875576,0.5
persuasion,local_rlcd-0.6b,0.055299539170506916,0.5
persuasion,local_rlcd-0.6b,0.06451612903225806,0.4642857142857143
persuasion,local_rlcd-0.6b,0.07373271889400922,0.46875
persuasion,local_rlcd-0.6b,0.08294930875576037,0.4166666666666667
persuasion,local_rlcd-0.6b,0.09216589861751152,0.425
persuasion,local_rlcd-0.6b,0.10138248847926268,0.45454545454545453
persuasion,local_rlcd-0.6b,0.11059907834101383,0.5
persuasion,local_rlcd-0.6b,0.11981566820276497,0.5
persuasion,local_rlcd-0.6b,0.12903225806451613,0.5178571428571429
persuasion,local_rlcd-0.6b,0.1382488479262673,0.5
persuasion,local_rlcd-0.6b,0.14746543778801843,0.515625
persuasion,local_rlcd-0.6b,0.15668202764976957,0.5147058823529411
persuasion,local_rlcd-0.6b,0.16589861751152074,0.5277777777777778
persuasion,local_rlcd-0.6b,0.17511520737327188,0.5263157894736842
persuasion,local_rlcd-0.6b,0.18433179723502305,0.5125
persuasion,local_rlcd-0.6b,0.1935483870967742,0.5238095238095238
persuasion,local_rlcd-0.6b,0.20276497695852536,0.5113636363636364
persuasion,local_rlcd-0.6b,0.2119815668202765,0.5217391304347826
persuasion,local_rlcd-0.6b,0.22119815668202766,0.5416666666666666
persuasion,local_rlcd-0.6b,0.2304147465437788,0.54
persuasion,local_rlcd-0.6b,0.23963133640552994,0.5384615384615384
persuasion,local_rlcd-0.6b,0.2488479262672811,0.5555555555555556
persuasion,local_rlcd-0.6b,0.25806451612903225,0.5446428571428571
persuasion,local_rlcd-0.6b,0.2672811059907834,0.5431034482758621
persuasion,local_rlcd-0.6b,0.2764976958525346,0.55
persuasion,local_rlcd-0.6b,0.2857142857142857,0.5483870967741935
persuasion,local_rlcd-0.6b,0.29493087557603687,0.5546875
persuasion,local_rlcd-0.6b,0.30414746543778803,0.5606060606060606
persuasion,local_rlcd-0.6b,0.31336405529953915,0.5588235294117647
persuasion,local_rlcd-0.6b,0.3225806451612903,0.5642857142857143
persuasion,local_rlcd-0.6b,0.3317972350230415,0.5625
persuasion,local_rlcd-0.6b,0.34101382488479265,0.5608108108108109
persuasion,local_rlcd-0.6b,0.35023041474654376,0.5592105263157895
persuasion,local_rlcd-0.6b,0.35944700460829493,0.5641025641025641
persuasion,local_rlcd-0.6b,0.3686635944700461,0.56875
persuasion,local_rlcd-0.6b,0.3778801843317972,0.5609756097560976
persuasion,local_rlcd-0.6b,0.3870967741935484,0.5535714285714286
persuasion,local_rlcd-0.6b,0.39631336405529954,0.5523255813953488
persuasion,local_rlcd-0.6b,0.4055299539170507,0.5568181818181818
persuasion,local_rlcd-0.6b,0.4147465437788018,0.5611111111111111
persuasion,local_rlcd-0.6b,0.423963133640553,0.5597826086956522
persuasion,local_rlcd-0.6b,0.43317972350230416,0.5638297872340425
persuasion,local_rlcd-0.6b,0.4423963133640553,0.5572916666666666
persuasion,local_rlcd-0.6b,0.45161290322580644,0.5561224489795918
persuasion,local_rlcd-0.6b,0.4608294930875576,0.55
persuasion,local_rlcd-0.6b,0.4700460829493088,0.5490196078431373
persuasion,local_rlcd-0.6b,0.4792626728110599,0.5528846153846154
persuasion,local_rlcd-0.6b,0.48847926267281105,0.5566037735849056
persuasion,local_rlcd-0.6b,0.4976958525345622,0.5555555555555556
persuasion,local_rlcd-0.6b,0.5069124423963134,0.5590909090909091
persuasion,local_rlcd-0.6b,0.5161290322580645,0.5535714285714286
persuasion,local_rlcd-0.6b,0.5253456221198156,0.5482456140350878
persuasion,local_rlcd-0.6b,0.5345622119815668,0.5431034482758621
persuasion,local_rlcd-0.6b,0.543778801843318,0.5466101694915254
persuasion,local_rlcd-0.6b,0.5529953917050692,0.55
persuasion,local_rlcd-0.6b,0.5622119815668203,0.5532786885245902
persuasion,local_rlcd-0.6b,0.5714285714285714,0.5483870967741935
persuasion,local_rlcd-0.6b,0.5806451612903226,0.5515873015873016
persuasion,local_rlcd-0.6b,0.5898617511520737,0.55078125
persuasion,local_rlcd-0.6b,0.5990783410138248,0.5538461538461539
persuasion,local_rlcd-0.6b,0.6082949308755761,0.553030303030303
persuasion,local_rlcd-0.6b,0.6175115207373272,0.5522388059701493
persuasion,local_rlcd-0.6b,0.6267281105990783,0.5514705882352942
persuasion,local_rlcd-0.6b,0.6359447004608295,0.5507246376811594
persuasion,local_rlcd-0.6b,0.6451612903225806,0.5464285714285714
persuasion,local_rlcd-0.6b,0.6543778801843319,0.5492957746478874
persuasion,local_rlcd-0.6b,0.663594470046083,0.5486111111111112
persuasion,local_rlcd-0.6b,0.6728110599078341,0.547945205479452
persuasion,local_rlcd-0.6b,0.6820276497695853,0.5506756756756757
persuasion,local_rlcd-0.6b,0.6912442396313364,0.55
persuasion,local_rlcd-0.6b,0.7004608294930875,0.555921052631579
persuasion,local_rlcd-0.6b,0.7096774193548387,0.551948051948052
persuasion,local_rlcd-0.6b,0.7188940092165899,0.5512820512820513
persuasion,local_rlcd-0.6b,0.728110599078341,0.5506329113924051
persuasion,local_rlcd-0.6b,0.7373271889400922,0.546875
persuasion,local_rlcd-0.6b,0.7465437788018433,0.5462962962962963
persuasion,local_rlcd-0.6b,0.7557603686635944,0.5457317073170732
persuasion,local_rlcd-0.6b,0.7649769585253456,0.5451807228915663
persuasion,local_rlcd-0.6b,0.7741935483870968,0.5476190476190477
persuasion,local_rlcd-0.6b,0.783410138248848,0.5470588235294118
persuasion,local_rlcd-0.6b,0.7926267281105991,0.5494186046511628
persuasion,local_rlcd-0.6b,0.8018433179723502,0.5459770114942529
persuasion,local_rlcd-0.6b,0.8110599078341014,0.5454545454545454
persuasion,local_rlcd-0.6b,0.8202764976958525,0.5449438202247191
persuasion,local_rlcd-0.6b,0.8294930875576036,0.5444444444444444
persuasion,local_rlcd-0.6b,0.8387096774193549,0.5384615384615384
persuasion,local_rlcd-0.6b,0.847926267281106,0.5380434782608695
persuasion,local_rlcd-0.6b,0.8571428571428571,0.5376344086021505
persuasion,local_rlcd-0.6b,0.8663594470046083,0.5372340425531915
persuasion,local_rlcd-0.6b,0.8755760368663594,0.5394736842105263
persuasion,local_rlcd-0.6b,0.8847926267281107,0.5390625
persuasion,local_rlcd-0.6b,0.8940092165898618,0.5412371134020618
persuasion,local_rlcd-0.6b,0.9032258064516129,0.5408163265306123
persuasion,local_rlcd-0.6b,0.9124423963133641,0.5404040404040404
persuasion,local_rlcd-0.6b,0.9216589861751152,0.5425
persuasion,local_rlcd-0.6b,0.9308755760368663,0.5445544554455446
persuasion,local_rlcd-0.6b,0.9400921658986175,0.5490196078431373
persuasion,local_rlcd-0.6b,0.9493087557603687,0.5461165048543689
persuasion,local_rlcd-0.6b,0.9585253456221198,0.5456730769230769
persuasion,local_rlcd-0.6b,0.967741935483871,0.5452380952380952
persuasion,local_rlcd-0.6b,0.9769585253456221,0.5400943396226415
persuasion,local_rlcd-0.6b,0.9861751152073732,0.5420560747663551
persuasion,local_rlcd-0.6b,0.9953917050691244,0.5393518518518519
persuasion,local_rlcd-0.6b,1.0,0.5391705069124424
raop,google_gemini-3.8-flash,0.007537688442211055,1.0
raop,google_gemini-3.8-flash,0.01507537688442211,1.0
raop,google_gemini-3.8-flash,0.022613065326633167,1.0
raop,google_gemini-3.8-flash,0.03015075376884422,1.0
raop,google_gemini-3.8-flash,0.03768844221105527,1.0
raop,google_gemini-3.8-flash,0.04522613065326633,1.0
raop,google_gemini-3.8-flash,0.052763819095477386,1.0
raop,google_gemini-3.8-flash,0.06030150753768844,1.0
raop,google_gemini-3.8-flash,0.0678391959798995,1.0
raop,google_gemini-3.8-flash,0.07537688442211055,1.0
raop,google_gemini-3.8-flash,0.0829145728643216,1.0
raop,google_gemini-3.8-flash,0.09045226130653267,1.0
raop,google_gemini-3.8-flash,0.09798994974874371,1.0
raop,google_gemini-3.8-flash,0.10552763819095477,1.0
raop,google_gemini-3.8-flash,0.11306532663316583,1.0
raop,google_gemini-3.8-flash,0.12060301507537688,1.0
raop,google_gemini-3.8-flash,0.12814070351758794,1.0
raop,google_gemini-3.8-flash,0.135678391959799,1.0
raop,google_gemini-3.8-flash,0.14321608040201006,1.0
raop,google_gemini-3.8-flash,0.1507537688442211,1.0
raop,google_gemini-3.8-flash,0.15829145728643215,0.9841269841269841
raop,google_gemini-3.8-flash,0.1658291457286432,0.9848484848484849
raop,google_gemini-3.8-flash,0.17336683417085427,0.9710144927536232
raop,google_gemini-3.8-flash,0.18090452261306533,0.9722222222222222
raop,google_gemini-3.8-flash,0.1884422110552764,0.9733333333333334
raop,google_gemini-3.8-flash,0.19597989949748743,0.9743589743589743
raop,google_gemini-3.8-flash,0.20351758793969849,0.9629629629629629
raop,google_gemini-3.8-flash,0.21105527638190955,0.9523809523809523
raop,google_gemini-3.8-flash,0.2185929648241206,0.9310344827586207
raop,google_gemini-3.8-flash,0.22613065326633167,0.9222222222222223
raop,google_gemini-3.8-flash,0.23366834170854273,0.9139784946236559
raop,google_gemini-3.8-flash,0.24120603015075376,0.8958333333333334
raop,google_gemini-3.8-flash,0.24874371859296482,0.8888888888888888
raop,google_gemini-3.8-flash,0.2562814070351759,0.8627450980392157
raop,google_gemini-3.8-flash,0.2638190954773869,0.8571428571428571
raop,google_gemini-3.8-flash,0.271356783919598,0.8518518518518519
raop,google_gemini-3.8-flash,0.27889447236180903,0.8558558558558559
raop,google_gemini-3.8-flash,0.2864321608040201,0.8596491228070176
raop,google_gemini-3.8-flash,0.29396984924623115,0.8632478632478633
raop,google_gemini-3.8-flash,0.3015075376884422,0.8666666666666667
raop,google_gemini-3.8-flash,0.30904522613065327,0.8699186991869918
raop,google_gemini-3.8-flash,0.3165829145728643,0.873015873015873
raop,google_gemini-3.8-flash,0.3241206030150754,0.875968992248062
raop,google_gemini-3.8-flash,0.3316582914572864,0.8787878787878788
raop,google_gemini-3.8-flash,0.3391959798994975,0.8814814814814815
raop,google_gemini-3.8-flash,0.34673366834170855,0.8840579710144928
raop,google_gemini-3.8-flash,0.3542713567839196,0.8794326241134752
raop,google_gemini-3.8-flash,0.36180904522613067,0.8819444444444444
raop,google_gemini-3.8-flash,0.3693467336683417,0.8843537414965986
raop,google_gemini-3.8-flash,0.3768844221105528,0.88
raop,google_gemini-3.8-flash,0.3844221105527638,0.8823529411764706
raop,google_gemini-3.8-flash,0.39195979899497485,0.8782051282051282
raop,google_gemini-3.8-flash,0.39949748743718594,0.8805031446540881
raop,google_gemini-3.8-flash,0.40703517587939697,0.8765432098765432
raop,google_gemini-3.8-flash,0.41457286432160806,0.8727272727272727
raop,google_gemini-3.8-flash,0.4221105527638191,0.8690476190476191
raop,google_gemini-3.8-flash,0.4296482412060301,0.8713450292397661
raop,google_gemini-3.8-flash,0.4371859296482412,0.8735632183908046
raop,google_gemini-3.8-flash,0.44472361809045224,0.8757062146892656
raop,google_gemini-3.8-flash,0.45226130653266333,0.8777777777777778
raop,google_gemini-3.8-flash,0.45979899497487436,0.8797814207650273
raop,google_gemini-3.8-flash,0.46733668341708545,0.8817204301075269
raop,google_gemini-3.8-flash,0.4748743718592965,0.8835978835978836
raop,google_gemini-3.8-flash,0.4824120603015075,0.8802083333333334
raop,google_gemini-3.8-flash,0.4899497487437186,0.882051282051282
raop,google_gemini-3.8-flash,0.49748743718592964,0.8838383838383839
raop,google_gemini-3.8-flash,0.5050251256281407,0.8805970149253731
raop,google_gemini-3.8-flash,0.5125628140703518,0.8823529411764706
raop,google_gemini-3.8-flash,0.5201005025125628,0.8840579710144928
raop,google_gemini-3.8-flash,0.5276381909547738,0.8809523809523809
raop,google_gemini-3.8-flash,0.535175879396985,0.8826291079812206
raop,google_gemini-3.8-flash,0.542713567839196,0.8796296296296297
raop,google_gemini-3.8-flash,0.550251256281407,0.8767123287671232
raop,google_gemini-3.8-flash,0.5577889447236181,0.8693693693693694
raop,google_gemini-3.8-flash,0.5653266331658291,0.8622222222222222
raop,google_gemini-3.8-flash,0.5728643216080402,0.8552631578947368
raop,google_gemini-3.8-flash,0.5804020100502513,0.8484848484848485
raop,google_gemini-3.8-flash,0.5879396984924623,0.8504273504273504
raop,google_gemini-3.8-flash,0.5954773869346733,0.8438818565400844
raop,google_gemini-3.8-flash,0.6030150753768844,0.8375
raop,google_gemini-3.8-flash,0.6105527638190955,0.8353909465020576
raop,google_gemini-3.8-flash,0.6180904522613065,0.8292682926829268
raop,google_gemini-3.8-flash,0.6256281407035176,0.8273092369477911
raop,google_gemini-3.8-flash,0.6331658291457286,0.8253968253968254
raop,google_gemini-3.8-flash,0.6407035175879398,0.8156862745098039
raop,google_gemini-3.8-flash,0.6482412060301508,0.813953488372093
raop,google_gemini-3.8-flash,0.6557788944723618,0.8122605363984674
raop,google_gemini-3.8-flash,0.6633165829145728,0.8068181818181818
raop,google_gemini-3.8-flash,0.6708542713567839,0.8052434456928839
raop,google_gemini-3.8-flash,0.678391959798995,0.8037037037037037
raop,google_gemini-3.8-flash,0.6859296482412061,0.8058608058608059
raop,google_gemini-3.8-flash,0.6934673366834171,0.8079710144927537
raop,google_gemini-3.8-flash,0.7010050251256281,0.8100358422939068
raop,google_gemini-3.8-flash,0.7085427135678392,0.8085106382978723
raop,google_gemini-3.8-flash,0.7160804020100503,0.8105263157894737
raop,google_gemini-3.8-flash,0.7236180904522613,0.8090277777777778
raop,google_gemini-3.8-flash,0.7311557788944724,0.8109965635738832
raop,google_gemini-3.8-flash,0.7386934673366834,0.8129251700680272
raop,google_gemini-3.8-flash,0.7462311557788944,0.8148148148148148
raop,google_gemini-3.8-flash,0.7537688442211056,0.81
raop,google_gemini-3.8-flash,0.7613065326633166,0.8085808580858086
raop,google_gemini-3.8-flash,0.7688442211055276,0.8104575163398693
raop,google_gemini-3.8-flash,0.7763819095477387,0.8058252427184466
raop,google_gemini-3.8-flash,0.7839195979899497,0.8012820512820513
raop,google_gemini-3.8-flash,0.7914572864321608,0.7968253968253968
raop,google_gemini-3.8-flash,0.7989949748743719,0.7924528301886793
raop,google_gemini-3.8-flash,0.8065326633165829,0.7912772585669782
raop,google_gemini-3.8-flash,0.8140703517587939,0.7839506172839507
raop,google_gemini-3.8-flash,0.821608040201005,0.7828746177370031
raop,google_gemini-3.8-flash,0.8291457286432161,0.7818181818181819
raop,google_gemini-3.8-flash,0.8366834170854272,0.7807807807807807
raop,google_gemini-3.8-flash,0.8442211055276382,0.7797619047619048
raop,google_gemini-3.8-flash,0.8517587939698492,0.7817109144542773
raop,google_gemini-3.8-flash,0.8592964824120602,0.783625730994152
raop,google_gemini-3.8-flash,0.8668341708542714,0.7855072463768116
raop,google_gemini-3.8-flash,0.8743718592964824,0.7816091954022989
raop,google_gemini-3.8-flash,0.8819095477386935,0.7834757834757835
raop,google_gemini-3.8-flash,0.8894472361809045,0.7824858757062146
raop,google_gemini-3.8-flash,0.8969849246231156,0.7759103641456583
raop,google_gemini-3.8-flash,0.9045226130653267,0.7694444444444445
raop,google_gemini-3.8-flash,0.9120603015075377,0.7713498622589532
raop,google_gemini-3.8-flash,0.9195979899497487,0.7704918032786885
raop,google_gemini-3.8-flash,0.9271356783919598,0.7669376693766937
raop,google_gemini-3.8-flash,0.9346733668341709,0.7634408602150538
raop,google_gemini-3.8-flash,0.9422110552763819,0.7626666666666667
raop,google_gemini-3.8-flash,0.949748743718593,0.7566137566137566
raop,google_gemini-3.8-flash,0.957286432160804,0.7532808398950132
raop,google_gemini-3.8-flash,0.964824120603015,0.75
raop,google_gemini-3.8-flash,0.9723618090452262,0.7441860465116279
raop,google_gemini-3.8-flash,0.9798994974874372,0.7384615384615385
raop,google_gemini-3.8-flash,0.9874371859296482,0.732824427480916
raop,google_gemini-3.8-flash,0.9949748743718593,0.7297979797979798
raop,google_gemini-3.8-flash,1.0,0.7286432160804021
raop,jev,0.007518796992481203,1.0
raop,jev,0.015037593984962405,1.0
raop,jev,0.022556390977443608,1.0
raop,jev,0.03007518796992481,1.0
raop,jev,0.03759398496240601,1.0
raop,jev,0.045112781954887216,1.0
raop,jev,0.05263157894736842,1.0
raop,jev,0.06015037593984962,1.0
raop,jev,0.06766917293233082,0.9259259259259259
raop,jev,0.07518796992481203,0.9
raop,jev,0.08270676691729323,0.9090909090909091
raop,jev,0.09022556390977443,0.9166666666666666
raop,jev,0.09774436090225563,0.9230769230769231
raop,jev,0.10526315789473684,0.9285714285714286
raop,jev,0.11278195488721804,0.9333333333333333
raop,jev,0.12030075187969924,0.9166666666666666
raop,jev,0.12781954887218044,0.9215686274509803
raop,jev,0.13533834586466165,0.9259259259259259
raop,jev,0.14285714285714285,0.9298245614035088
raop,jev,0.15037593984962405,0.9333333333333333
raop,jev,0.15789473684210525,0.9365079365079365
raop,jev,0.16541353383458646,0.9393939393939394
raop,jev,0.17293233082706766,0.927536231884058
raop,jev,0.18045112781954886,0.9166666666666666
raop,jev,0.18796992481203006,0.8933333333333333
raop,jev,0.19548872180451127,0.8846153846153846
raop,jev,0.20300751879699247,0.8888888888888888
raop,jev,0.21052631578947367,0.8809523809523809
raop,jev,0.21804511278195488,0.8850574712643678
raop,jev,0.22556390977443608,0.8888888888888888
raop,jev,0.23308270676691728,0.8924731182795699
raop,jev,0.24060150375939848,0.8854166666666666
raop,jev,0.24812030075187969,0.8888888888888888
raop,jev,0.2556390977443609,0.8823529411764706
raop,jev,0.2631578947368421,0.8761904761904762
raop,jev,0.2706766917293233,0.8796296296296297
raop,jev,0.2781954887218045,0.8738738738738738
raop,jev,0.2857142857142857,0.868421052631579
raop,jev,0.2932330827067669,0.8717948717948718
raop,jev,0.3007518796992481,0.8666666666666667
raop,jev,0.3082706766917293,0.8536585365853658
raop,jev,0.3157894736842105,0.8412698412698413
raop,jev,0.3233082706766917,0.8449612403100775
raop,jev,0.3308270676691729,0.8484848484848485
raop,jev,0.3383458646616541,0.8518518518518519
raop,jev,0.3458646616541353,0.855072463768116
raop,jev,0.3533834586466165,0.8581560283687943
raop,jev,0.3609022556390977,0.8611111111111112
raop,jev,0.3684210526315789,0.8571428571428571
raop,jev,0.37593984962406013,0.8533333333333334
raop,jev,0.38345864661654133,0.8496732026143791
raop,jev,0.39097744360902253,0.8397435897435898
raop,jev,0.39849624060150374,0.8364779874213837
raop,jev,0.40601503759398494,0.8271604938271605
raop,jev,0.41353383458646614,0.8242424242424242
raop,jev,0.42105263157894735,0.8214285714285714
raop,jev,0.42857142857142855,0.8128654970760234
raop,jev,0.43609022556390975,0.8160919540229885
raop,jev,0.44360902255639095,0.8022598870056498
raop,jev,0.45112781954887216,0.8
raop,jev,0.45864661654135336,0.7978142076502732
raop,jev,0.46616541353383456,0.7956989247311828
raop,jev,0.47368421052631576,0.7936507936507936
raop,jev,0.48120300751879697,0.7864583333333334
raop,jev,0.48872180451127817,0.7897435897435897
raop,jev,0.49624060150375937,0.7878787878787878
raop,jev,0.5037593984962406,0.7860696517412935
raop,jev,0.5112781954887218,0.7892156862745098
raop,jev,0.518796992481203,0.7777777777777778
raop,jev,0.5263157894736842,0.7761904761904762
raop,jev,0.5338345864661654,0.7793427230046949
raop,jev,0.5413533834586466,0.7777777777777778
raop,jev,0.5488721804511278,0.776255707762557
raop,jev,0.556390977443609,0.7702702702702703
raop,jev,0.5639097744360902,0.7733333333333333
raop,jev,0.5714285714285714,0.7719298245614035
raop,jev,0.5789473684210527,0.7705627705627706
raop,jev,0.5864661654135338,0.7735042735042735
raop,jev,0.5939849624060151,0.7637130801687764
raop,jev,0.6015037593984962,0.7583333333333333
raop,jev,0.6090225563909775,0.757201646090535
raop,jev,0.6165413533834586,0.7560975609756098
raop,jev,0.6240601503759399,0.7590361445783133
raop,jev,0.631578947368421,0.7619047619047619
raop,jev,0.6390977443609023,0.7568627450980392
raop,jev,0.6466165413533834,0.7596899224806202
raop,jev,0.6541353383458647,0.7547892720306514
raop,jev,0.6616541353383458,0.7537878787878788
raop,jev,0.6691729323308271,0.7490636704119851
raop,jev,0.6766917293233082,0.7481481481481481
raop,jev,0.6842105263157895,0.7435897435897436
raop,jev,0.6917293233082706,0.7391304347826086
raop,jev,0.6992481203007519,0.7347670250896058
raop,jev,0.706766917293233,0.7340425531914894
raop,jev,0.7142857142857143,0.7298245614035088
raop,jev,0.7218045112781954,0.7326388888888888
raop,jev,0.7293233082706767,0.7319587628865979
raop,jev,0.7368421052631579,0.7244897959183674
raop,jev,0.7443609022556391,0.7171717171717171
raop,jev,0.7518796992481203,0.7133333333333334
raop,jev,0.7593984962406015,0.7062706270627063
raop,jev,0.7669172932330827,0.6993464052287581
raop,jev,0.7744360902255639,0.6990291262135923
raop,jev,0.7819548872180451,0.6987179487179487
raop,jev,0.7894736842105263,0.6984126984126984
raop,jev,0.7969924812030075,0.6981132075471698
raop,jev,0.8045112781954887,0.6947040498442367
raop,jev,0.8120300751879699,0.6882716049382716
raop,jev,0.8195488721804511,0.6880733944954128
raop,jev,0.8270676691729323,0.6878787878787879
raop,jev,0.8345864661654135,0.6906906906906907
raop,jev,0.8421052631578947,0.6845238095238095
raop,jev,0.849624060150376,0.6843657817109144
raop,jev,0.8571428571428571,0.6812865497076024
raop,jev,0.8646616541353384,0.6753623188405797
raop,jev,0.8721804511278195,0.6724137931034483
raop,jev,0.8796992481203008,0.6695156695156695
raop,jev,0.8872180451127819,0.6666666666666666
raop,jev,0.8947368421052632,0.6666666666666666
raop,jev,0.9022556390977443,0.6611111111111111
raop,jev,0.9097744360902256,0.6556473829201102
raop,jev,0.9172932330827067,0.6557377049180327
raop,jev,0.924812030075188,0.6531165311653117
raop,jev,0.9323308270676691,0.6505376344086021
raop,jev,0.9398496240601504,0.6453333333333333
raop,jev,0.9473684210526315,0.6455026455026455
raop,jev,0.9548872180451128,0.6404199475065617
raop,jev,0.9624060150375939,0.640625
raop,jev,0.9699248120300752,0.6434108527131783
raop,jev,0.9774436090225563,0.6384615384615384
raop,jev,0.9849624060150376,0.6361323155216285
raop,jev,0.9924812030075187,0.6338383838383839
raop,jev,1.0,0.6290726817042607
raop,local_rlcd-0.6b,0.007518796992481203,1.0
raop,local_rlcd-0.6b,0.015037593984962405,1.0
raop,local_rlcd-0.6b,0.022556390977443608,0.8888888888888888
raop,local_rlcd-0.6b,0.03007518796992481,0.9166666666666666
raop,local_rlcd-0.6b,0.03759398496240601,0.9333333333333333
raop,local_rlcd-0.6b,0.045112781954887216,0.9444444444444444
raop,local_rlcd-0.6b,0.05263157894736842,0.9523809523809523
raop,local_rlcd-0.6b,0.06015037593984962,0.9583333333333334
raop,local_rlcd-0.6b,0.06766917293233082,0.9629629629629629
raop,local_rlcd-0.6b,0.07518796992481203,0.9666666666666667
raop,local_rlcd-0.6b,0.08270676691729323,0.9696969696969697
raop,local_rlcd-0.6b,0.09022556390977443,0.9722222222222222
raop,local_rlcd-0.6b,0.09774436090225563,0.9487179487179487
raop,local_rlcd-0.6b,0.10526315789473684,0.9523809523809523
raop,local_rlcd-0.6b,0.11278195488721804,0.9555555555555556
raop,local_rlcd-0.6b,0.12030075187969924,0.9375
raop,local_rlcd-0.6b,0.12781954887218044,0.9411764705882353
raop,local_rlcd-0.6b,0.13533834586466165,0.9259259259259259
raop,local_rlcd-0.6b,0.14285714285714285,0.9298245614035088
raop,local_rlcd-0.6b,0.15037593984962405,0.9166666666666666
raop,local_rlcd-0.6b,0.15789473684210525,0.8888888888888888
raop,local_rlcd-0.6b,0.16541353383458646,0.8787878787878788
raop,local_rlcd-0.6b,0.17293233082706766,0.8695652173913043
raop,local_rlcd-0.6b,0.18045112781954886,0.8472222222222222
raop,local_rlcd-0.6b,0.18796992481203006,0.8266666666666667
raop,local_rlcd-0.6b,0.19548872180451127,0.8076923076923077
raop,local_rlcd-0.6b,0.20300751879699247,0.8024691358024691
raop,local_rlcd-0.6b,0.21052631578947367,0.7976190476190477
raop,local_rlcd-0.6b,0.21804511278195488,0.7931034482758621
raop,local_rlcd-0.6b,0.22556390977443608,0.7888888888888889
raop,local_rlcd-0.6b,0.23308270676691728,0.7849462365591398
raop,local_rlcd-0.6b,0.24060150375939848,0.7604166666666666
raop,local_rlcd-0.6b,0.24812030075187969,0.7575757575757576
raop,local_rlcd-0.6b,0.2556390977443609,0.7450980392156863
raop,local_rlcd-0.6b,0.2631578947368421,0.7428571428571429
raop,local_rlcd-0.6b,0.2706766917293233,0.7222222222222222
raop,local_rlcd-0.6b,0.2781954887218045,0.7117117117117117
raop,local_rlcd-0.6b,0.2857142857142857,0.7105263157894737
raop,local_rlcd-0.6b,0.2932330827067669,0.7008547008547008
raop,local_rlcd-0.6b,0.3007518796992481,0.6916666666666667
raop,local_rlcd-0.6b,0.3082706766917293,0.6747967479674797
raop,local_rlcd-0.6b,0.3157894736842105,0.6587301587301587
raop,local_rlcd-0.6b,0.3233082706766917,0.6511627906976745
raop,local_rlcd-0.6b,0.3308270676691729,0.6439393939393939
raop,local_rlcd-0.6b,0.3383458646616541,0.6370370370370371
raop,local_rlcd-0.6b,0.3458646616541353,0.6304347826086957
raop,local_rlcd-0.6b,0.3533834586466165,0.624113475177305
raop,local_rlcd-0.6b,0.3609022556390977,0.6180555555555556
raop,local_rlcd-0.6b,0.3684210526315789,0.6054421768707483
raop,local_rlcd-0.6b,0.37593984962406013,0.6
raop,local_rlcd-0.6b,0.38345864661654133,0.5882352941176471
raop,local_rlcd-0.6b,0.39097744360902253,0.5833333333333334
raop,local_rlcd-0.6b,0.39849624060150374,0.5723270440251572
raop,local_rlcd-0.6b,0.40601503759398494,0.5679012345679012
raop,local_rlcd-0.6b,0.41353383458646614,0.5575757575757576
raop,local_rlcd-0.6b,0.42105263157894735,0.5476190476190477
raop,local_rlcd-0.6b,0.42857142857142855,0.543859649122807
raop,local_rlcd-0.6b,0.43609022556390975,0.5344827586206896
raop,local_rlcd-0.6b,0.44360902255639095,0.536723163841808
raop,local_rlcd-0.6b,0.45112781954887216,0.5388888888888889
raop,local_rlcd-0.6b,0.45864661654135336,0.5355191256830601
raop,local_rlcd-0.6b,0.46616541353383456,0.532258064516129
raop,local_rlcd-0.6b,0.47368421052631576,0.5343915343915344
raop,local_rlcd-0.6b,0.48120300751879697,0.53125
raop,local_rlcd-0.6b,0.48872180451127817,0.5282051282051282
raop,local_rlcd-0.6b,0.49624060150375937,0.5202020202020202
raop,local_rlcd-0.6b,0.5037593984962406,0.5124378109452736
raop,local_rlcd-0.6b,0.5112781954887218,0.5147058823529411
raop,local_rlcd-0.6b,0.518796992481203,0.5120772946859904
raop,local_rlcd-0.6b,0.5263157894736842,0.5095238095238095
raop,local_rlcd-0.6b,0.5338345864661654,0.5023474178403756
raop,local_rlcd-0.6b,0.5413533834586466,0.5
raop,local_rlcd-0.6b,0.5488721804511278,0.4977168949771689
raop,local_rlcd-0.6b,0.556390977443609,0.49099099099099097
raop,local_rlcd-0.6b,0.5639097744360902,0.48444444444444446
raop,local_rlcd-0.6b,0.5714285714285714,0.4780701754385965
raop,local_rlcd-0.6b,0.5789473684210527,0.47619047619047616
raop,local_rlcd-0.6b,0.5864661654135338,0.47863247863247865
raop,local_rlcd-0.6b,0.5939849624060151,0.48523206751054854
raop,local_rlcd-0.6b,0.6015037593984962,0.48333333333333334
raop,local_rlcd-0.6b,0.6090225563909775,0.4897119341563786
raop,local_rlcd-0.6b,0.6165413533834586,0.483739837398374
raop,local_rlcd-0.6b,0.6240601503759399,0.4819277108433735
raop,local_rlcd-0.6b,0.631578947368421,0.47619047619047616
raop,local_rlcd-0.6b,0.6390977443609023,0.4745098039215686
raop,local_rlcd-0.6b,0.6466165413533834,0.4689922480620155
raop,local_rlcd-0.6b,0.6541353383458647,0.4674329501915709
raop,local_rlcd-0.6b,0.6616541353383458,0.4621212121212121
raop,local_rlcd-0.6b,0.6691729323308271,0.4606741573033708
raop,local_rlcd-0.6b,0.6766917293233082,0.45925925925925926
raop,local_rlcd-0.6b,0.6842105263157895,0.45787545787545786
raop,local_rlcd-0.6b,0.6917293233082706,0.4528985507246377
raop,local_rlcd-0.6b,0.6992481203007519,0.45161290322580644
raop,local_rlcd-0.6b,0.706766917293233,0.44680851063829785
raop,local_rlcd-0.6b,0.7142857142857143,0.4456140350877193
raop,local_rlcd-0.6b,0.7218045112781954,0.4409722222222222
raop,local_rlcd-0.6b,0.7293233082706767,0.44329896907216493
raop,local_rlcd-0.6b,0.7368421052631579,0.4421768707482993
raop,local_rlcd-0.6b,0.7443609022556391,0.44107744107744107
raop,local_rlcd-0.6b,0.7518796992481203,0.43666666666666665
raop,local_rlcd-0.6b,0.7593984962406015,0.43564356435643564
raop,local_rlcd-0.6b,0.7669172932330827,0.434640522875817
raop,local_rlcd-0.6b,0.7744360902255639,0.43042071197411
raop,local_rlcd-0.6b,0.7819548872180451,0.42628205128205127
raop,local_rlcd-0.6b,0.7894736842105263,0.4222222222222222
raop,local_rlcd-0.6b,0.7969924812030075,0.41823899371069184
raop,local_rlcd-0.6b,0.8045112781954887,0.4205607476635514
raop,local_rlcd-0.6b,0.8120300751879699,0.4228395061728395
raop,local_rlcd-0.6b,0.8195488721804511,0.42201834862385323
raop,local_rlcd-0.6b,0.8270676691729323,0.4212121212121212
raop,local_rlcd-0.6b,0.8345864661654135,0.42042042042042044
raop,local_rlcd-0.6b,0.8421052631578947,0.41964285714285715
raop,local_rlcd-0.6b,0.849624060150376,0.41887905604719766
raop,local_rlcd-0.6b,0.8571428571428571,0.4152046783625731
raop,local_rlcd-0.6b,0.8646616541353384,0.4115942028985507
raop,local_rlcd-0.6b,0.8721804511278195,0.4109195402298851
raop,local_rlcd-0.6b,0.8796992481203008,0.4074074074074074
raop,local_rlcd-0.6b,0.8872180451127819,0.403954802259887
raop,local_rlcd-0.6b,0.8947368421052632,0.40336134453781514
raop,local_rlcd-0.6b,0.9022556390977443,0.40555555555555556
raop,local_rlcd-0.6b,0.9097744360902256,0.4049586776859504
raop,local_rlcd-0.6b,0.9172932330827067,0.4016393442622951
raop,local_rlcd-0.6b,0.924812030075188,0.4010840108401084
raop,local_rlcd-0.6b,0.9323308270676691,0.40591397849462363
raop,local_rlcd-0.6b,0.9398496240601504,0.4053333333333333
raop,local_rlcd-0.6b,0.9473684210526315,0.4021164021164021
raop,local_rlcd-0.6b,0.9548872180451128,0.4015748031496063
raop,local_rlcd-0.6b,0.9624060150375939,0.4010416666666667
raop,local_rlcd-0.6b,0.9699248120300752,0.3979328165374677
raop,local_rlcd-0.6b,0.9774436090225563,0.39487179487179486
raop,local_rlcd-0.6b,0.9849624060150376,0.3944020356234097
raop,local_rlcd-0.6b,0.9924812030075187,0.3939393939393939
raop,local_rlcd-0.6b,1.0,0.39598997493734334
reddit_humor,google_gemini-3.8-flash,0.01,0.8
reddit_humor,google_gemini-3.8-flash,0.02,0.9
reddit_humor,google_gemini-3.8-flash,0.03,0.9333333333333333
reddit_humor,google_gemini-3.8-flash,0.04,0.95
reddit_humor,google_gemini-3.8-flash,0.05,0.96
reddit_humor,google_gemini-3.8-flash,0.06,0.9333333333333333
reddit_humor,google_gemini-3.8-flash,0.07,0.9428571428571428
reddit_humor,google_gemini-3.8-flash,0.08,0.95
reddit_humor,google_gemini-3.8-flash,0.09,0.9333333333333333
reddit_humor,google_gemini-3.8-flash,0.1,0.9
reddit_humor,google_gemini-3.8-flash,0.11,0.8909090909090909
reddit_humor,google_gemini-3.8-flash,0.12,0.9
reddit_humor,google_gemini-3.8-flash,0.13,0.8769230769230769
reddit_humor,google_gemini-3.8-flash,0.14,0.8714285714285714
reddit_humor,google_gemini-3.8-flash,0.15,0.88
reddit_humor,google_gemini-3.8-flash,0.16,0.8875
reddit_humor,google_gemini-3.8-flash,0.17,0.8823529411764706
reddit_humor,google_gemini-3.8-flash,0.18,0.8888888888888888
reddit_humor,google_gemini-3.8-flash,0.19,0.8842105263157894
reddit_humor,google_gemini-3.8-flash,0.2,0.89
reddit_humor,google_gemini-3.8-flash,0.21,0.8857142857142857
reddit_humor,google_gemini-3.8-flash,0.22,0.8818181818181818
reddit_humor,google_gemini-3.8-flash,0.23,0.8782608695652174
reddit_humor,google_gemini-3.8-flash,0.24,0.875
reddit_humor,google_gemini-3.8-flash,0.25,0.88
reddit_humor,google_gemini-3.8-flash,0.26,0.8846153846153846
reddit_humor,google_gemini-3.8-flash,0.27,0.8740740740740741
reddit_humor,google_gemini-3.8-flash,0.28,0.8714285714285714
reddit_humor,google_gemini-3.8-flash,0.29,0.8758620689655172
reddit_humor,google_gemini-3.8-flash,0.3,0.88
reddit_humor,google_gemini-3.8-flash,0.31,0.8709677419354839
reddit_humor,google_gemini-3.8-flash,0.32,0.86875
reddit_humor,google_gemini-3.8-flash,0.33,0.8666666666666667
reddit_humor,google_gemini-3.8-flash,0.34,0.8588235294117647
reddit_humor,google_gemini-3.8-flash,0.35,0.8457142857142858
reddit_humor,google_gemini-3.8-flash,0.36,0.8388888888888889
reddit_humor,google_gemini-3.8-flash,0.37,0.8432432432432433
reddit_humor,google_gemini-3.8-flash,0.38,0.8315789473684211
reddit_humor,google_gemini-3.8-flash,0.39,0.8256410256410256
reddit_humor,google_gemini-3.8-flash,0.4,0.82
reddit_humor,google_gemini-3.8-flash,0.41,0.8097560975609757
reddit_humor,google_gemini-3.8-flash,0.42,0.8047619047619048
reddit_humor,google_gemini-3.8-flash,0.43,0.8093023255813954
reddit_humor,google_gemini-3.8-flash,0.44,0.8045454545454546
reddit_humor,google_gemini-3.8-flash,0.45,0.7955555555555556
reddit_humor,google_gemini-3.8-flash,0.46,0.7956521739130434
reddit_humor,google_gemini-3.8-flash,0.47,0.7872340425531915
reddit_humor,google_gemini-3.8-flash,0.48,0.7791666666666667
reddit_humor,google_gemini-3.8-flash,0.49,0.7673469387755102
reddit_humor,google_gemini-3.8-flash,0.5,0.764
reddit_humor,google_gemini-3.8-flash,0.51,0.7647058823529411
reddit_humor,google_gemini-3.8-flash,0.52,0.7615384615384615
reddit_humor,google_gemini-3.8-flash,0.53,0.7660377358490567
reddit_humor,google_gemini-3.8-flash,0.54,0.7666666666666667
reddit_humor,google_gemini-3.8-flash,0.55,0.7672727272727272
reddit_humor,google_gemini-3.8-flash,0.56,0.7678571428571429
reddit_humor,google_gemini-3.8-flash,0.57,0.7614035087719299
reddit_humor,google_gemini-3.8-flash,0.58,0.7482758620689656
reddit_humor,google_gemini-3.8-flash,0.59,0.752542372881356
reddit_humor,google_gemini-3.8-flash,0.6,0.75
reddit_humor,google_gemini-3.8-flash,0.61,0.7475409836065574
reddit_humor,google_gemini-3.8-flash,0.62,0.7483870967741936
reddit_humor,google_gemini-3.8-flash,0.63,0.746031746031746
reddit_humor,google_gemini-3.8-flash,0.64,0.740625
reddit_humor,google_gemini-3.8-flash,0.65,0.7415384615384616
reddit_humor,google_gemini-3.8-flash,0.66,0.7424242424242424
reddit_humor,google_gemini-3.8-flash,0.67,0.7373134328358208
reddit_humor,google_gemini-3.8-flash,0.68,0.7411764705882353
reddit_humor,google_gemini-3.8-flash,0.69,0.7420289855072464
reddit_humor,google_gemini-3.8-flash,0.7,0.74
reddit_humor,google_gemini-3.8-flash,0.71,0.7408450704225352
reddit_humor,google_gemini-3.8-flash,0.72,0.7305555555555555
reddit_humor,google_gemini-3.8-flash,0.73,0.7287671232876712
reddit_humor,google_gemini-3.8-flash,0.74,0.7297297297297297
reddit_humor,google_gemini-3.8-flash,0.75,0.7306666666666667
reddit_humor,google_gemini-3.8-flash,0.76,0.7263157894736842
reddit_humor,google_gemini-3.8-flash,0.77,0.7220779220779221
reddit_humor,google_gemini-3.8-flash,0.78,0.7230769230769231
reddit_humor,google_gemini-3.8-flash,0.79,0.7189873417721518
reddit_humor,google_gemini-3.8-flash,0.8,0.715
reddit_humor,google_gemini-3.8-flash,0.81,0.7135802469135802
reddit_humor,google_gemini-3.8-flash,0.82,0.7048780487804878
reddit_humor,google_gemini-3.8-flash,0.83,0.7036144578313253
reddit_humor,google_gemini-3.8-flash,0.84,0.7023809523809523
reddit_humor,google_gemini-3.8-flash,0.85,0.7011764705882353
reddit_humor,google_gemini-3.8-flash,0.86,0.7046511627906977
reddit_humor,google_gemini-3.8-flash,0.87,0.7011494252873564
reddit_humor,google_gemini-3.8-flash,0.88,0.6977272727272728
reddit_humor,google_gemini-3.8-flash,0.89,0.6966292134831461
reddit_humor,google_gemini-3.8-flash,0.9,0.6955555555555556
reddit_humor,google_gemini-3.8-flash,0.91,0.6945054945054945
reddit_humor,google_gemini-3.8-flash,0.92,0.6934782608695652
reddit_humor,google_gemini-3.8-flash,0.93,0.6924731182795699
reddit_humor,google_gemini-3.8-flash,0.94,0.6893617021276596
reddit_humor,google_gemini-3.8-flash,0.95,0.6884210526315789
reddit_humor,google_gemini-3.8-flash,0.96,0.6854166666666667
reddit_humor,google_gemini-3.8-flash,0.97,0.6824742268041237
reddit_humor,google_gemini-3.8-flash,0.98,0.6795918367346939
reddit_humor,google_gemini-3.8-flash,0.99,0.6808080808080809
reddit_humor,google_gemini-3.8-flash,1.0,0.678
reddit_humor,jev,0.01,0.8
reddit_humor,jev,0.02,0.8
reddit_humor,jev,0.03,0.8
reddit_humor,jev,0.04,0.7
reddit_humor,jev,0.05,0.68
reddit_humor,jev,0.06,0.6666666666666666
reddit_humor,jev,0.07,0.6857142857142857
reddit_humor,jev,0.08,0.7
reddit_humor,jev,0.09,0.7111111111111111
reddit_humor,jev,0.1,0.72
reddit_humor,jev,0.11,0.7454545454545455
reddit_humor,jev,0.12,0.7666666666666667
reddit_humor,jev,0.13,0.7846153846153846
reddit_humor,jev,0.14,0.7857142857142857
reddit_humor,jev,0.15,0.8
reddit_humor,jev,0.16,0.8
reddit_humor,jev,0.17,0.8
reddit_humor,jev,0.18,0.8
reddit_humor,jev,0.19,0.7789473684210526
reddit_humor,jev,0.2,0.78
reddit_humor,jev,0.21,0.7714285714285715
reddit_humor,jev,0.22,0.7727272727272727
reddit_humor,jev,0.23,0.7739130434782608
reddit_humor,jev,0.24,0.7666666666666667
reddit_humor,jev,0.25,0.744
reddit_humor,jev,0.26,0.7307692307692307
reddit_humor,jev,0.27,0.7333333333333333
reddit_humor,jev,0.28,0.7285714285714285
reddit_humor,jev,0.29,0.7379310344827587
reddit_humor,jev,0.3,0.74
reddit_humor,jev,0.31,0.7290322580645161
reddit_humor,jev,0.32,0.71875
reddit_humor,jev,0.33,0.7151515151515152
reddit_humor,jev,0.34,0.7176470588235294
reddit_humor,jev,0.35,0.7085714285714285
reddit_humor,jev,0.36,0.7055555555555556
reddit_humor,jev,0.37,0.7135135135135136
reddit_humor,jev,0.38,0.7105263157894737
reddit_humor,jev,0.39,0.7076923076923077
reddit_humor,jev,0.4,0.705
reddit_humor,jev,0.41,0.7024390243902439
reddit_humor,jev,0.42,0.7
reddit_humor,jev,0.43,0.6976744186046512
reddit_humor,jev,0.44,0.6954545454545454
reddit_humor,jev,0.45,0.6888888888888889
reddit_humor,jev,0.46,0.691304347826087
reddit_humor,jev,0.47,0.6936170212765957
reddit_humor,jev,0.48,0.6875
reddit_humor,jev,0.49,0.689795918367347
reddit_humor,jev,0.5,0.684
reddit_humor,jev,0.51,0.6823529411764706
reddit_humor,jev,0.52,0.6846153846153846
reddit_humor,jev,0.53,0.6830188679245283
reddit_humor,jev,0.54,0.6888888888888889
reddit_humor,jev,0.55,0.6872727272727273
reddit_humor,jev,0.56,0.6821428571428572
reddit_humor,jev,0.57,0.6842105263157895
reddit_humor,jev,0.58,0.6758620689655173
reddit_humor,jev,0.59,0.6779661016949152
reddit_humor,jev,0.6,0.6666666666666666
reddit_humor,jev,0.61,0.6688524590163935
reddit_humor,jev,0.62,0.6612903225806451
reddit_humor,jev,0.63,0.6603174603174603
reddit_humor,jev,0.64,0.665625
reddit_humor,jev,0.65,0.6676923076923077
reddit_humor,jev,0.66,0.6636363636363637
reddit_humor,jev,0.67,0.6597014925373135
reddit_humor,jev,0.68,0.6558823529411765
reddit_humor,jev,0.69,0.6521739130434783
reddit_humor,jev,0.7,0.6428571428571429
reddit_humor,jev,0.71,0.6394366197183099
reddit_humor,jev,0.72,0.6361111111111111
reddit_humor,jev,0.73,0.6301369863013698
reddit_humor,jev,0.74,0.6351351351351351
reddit_humor,jev,0.75,0.6266666666666667
reddit_humor,jev,0.76,0.6263157894736842
reddit_humor,jev,0.77,0.625974025974026
reddit_humor,jev,0.78,0.6256410256410256
reddit_humor,jev,0.79,0.6227848101265823
reddit_humor,jev,0.8,0.625
reddit_humor,jev,0.81,0.6271604938271605
reddit_humor,jev,0.82,0.624390243902439
reddit_humor,jev,0.83,0.6216867469879518
reddit_humor,jev,0.84,0.6214285714285714
reddit_humor,jev,0.85,0.6188235294117647
reddit_humor,jev,0.86,0.6162790697674418
reddit_humor,jev,0.87,0.6114942528735632
reddit_humor,jev,0.88,0.6090909090909091
reddit_humor,jev,0.89,0.6089887640449438
reddit_humor,jev,0.9,0.6088888888888889
reddit_humor,jev,0.91,0.610989010989011
reddit_humor,jev,0.92,0.6108695652173913
reddit_humor,jev,0.93,0.6086021505376344
reddit_humor,jev,0.94,0.6085106382978723
reddit_humor,jev,0.95,0.608421052631579
reddit_humor,jev,0.96,0.60625
reddit_humor,jev,0.97,0.6041237113402061
reddit_humor,jev,0.98,0.6040816326530613
reddit_humor,jev,0.99,0.602020202020202
reddit_humor,jev,1.0,0.598
reddit_humor,local_rlcd-0.6b,0.01,0.4
reddit_humor,local_rlcd-0.6b,0.02,0.5
reddit_humor,local_rlcd-0.6b,0.03,0.5333333333333333
reddit_humor,local_rlcd-0.6b,0.04,0.55
reddit_humor,local_rlcd-0.6b,0.05,0.52
reddit_humor,local_rlcd-0.6b,0.06,0.5666666666666667
reddit_humor,local_rlcd-0.6b,0.07,0.6
reddit_humor,local_rlcd-0.6b,0.08,0.6
reddit_humor,local_rlcd-0.6b,0.09,0.5555555555555556
reddit_humor,local_rlcd-0.6b,0.1,0.54
reddit_humor,local_rlcd-0.6b,0.11,0.5636363636363636
reddit_humor,local_rlcd-0.6b,0.12,0.5166666666666667
reddit_humor,local_rlcd-0.6b,0.13,0.5384615384615384
reddit_humor,local_rlcd-0.6b,0.14,0.5714285714285714
reddit_humor,local_rlcd-0.6b,0.15,0.56
reddit_humor,local_rlcd-0.6b,0.16,0.5875
reddit_humor,local_rlcd-0.6b,0.17,0.5647058823529412
reddit_humor,local_rlcd-0.6b,0.18,0.5777777777777777
reddit_humor,local_rlcd-0.6b,0.19,0.5684210526315789
reddit_humor,local_rlcd-0.6b,0.2,0.58
reddit_humor,local_rlcd-0.6b,0.21,0.580952380952381
reddit_humor,local_rlcd-0.6b,0.22,0.5727272727272728
reddit_humor,local_rlcd-0.6b,0.23,0.5739130434782609
reddit_humor,local_rlcd-0.6b,0.24,0.5916666666666667
reddit_humor,local_rlcd-0.6b,0.25,0.584
reddit_humor,local_rlcd-0.6b,0.26,0.5769230769230769
reddit_humor,local_rlcd-0.6b,0.27,0.5555555555555556
reddit_humor,local_rlcd-0.6b,0.28,0.5428571428571428
reddit_humor,local_rlcd-0.6b,0.29,0.5241379310344828
reddit_humor,local_rlcd-0.6b,0.3,0.5133333333333333
reddit_humor,local_rlcd-0.6b,0.31,0.5096774193548387
reddit_humor,local_rlcd-0.6b,0.32,0.51875
reddit_humor,local_rlcd-0.6b,0.33,0.5151515151515151
reddit_humor,local_rlcd-0.6b,0.34,0.5176470588235295
reddit_humor,local_rlcd-0.6b,0.35,0.5142857142857142
reddit_humor,local_rlcd-0.6b,0.36,0.5166666666666667
reddit_humor,local_rlcd-0.6b,0.37,0.5135135135135135
reddit_humor,local_rlcd-0.6b,0.38,0.5210526315789473
reddit_humor,local_rlcd-0.6b,0.39,0.517948717948718
reddit_humor,local_rlcd-0.6b,0.4,0.52
reddit_humor,local_rlcd-0.6b,0.41,0.5219512195121951
reddit_humor,local_rlcd-0.6b,0.42,0.5238095238095238
reddit_humor,local_rlcd-0.6b,0.43,0.5209302325581395
reddit_humor,local_rlcd-0.6b,0.44,0.5318181818181819
reddit_humor,local_rlcd-0.6b,0.45,0.5333333333333333
reddit_humor,local_rlcd-0.6b,0.46,0.5347826086956522
reddit_humor,local_rlcd-0.6b,0.47,0.5446808510638298
reddit_humor,local_rlcd-0.6b,0.48,0.5375
reddit_humor,local_rlcd-0.6b,0.49,0.5387755102040817
reddit_humor,local_rlcd-0.6b,0.5,0.536
reddit_humor,local_rlcd-0.6b,0.51,0.5294117647058824
reddit_humor,local_rlcd-0.6b,0.52,0.5307692307692308
reddit_humor,local_rlcd-0.6b,0.53,0.5358490566037736
reddit_humor,local_rlcd-0.6b,0.54,0.5370370370370371
reddit_humor,local_rlcd-0.6b,0.55,0.5345454545454545
reddit_humor,local_rlcd-0.6b,0.56,0.5357142857142857
reddit_humor,local_rlcd-0.6b,0.57,0.5298245614035088
reddit_humor,local_rlcd-0.6b,0.58,0.5310344827586206
reddit_humor,local_rlcd-0.6b,0.59,0.5322033898305085
reddit_humor,local_rlcd-0.6b,0.6,0.54
reddit_humor,local_rlcd-0.6b,0.61,0.5442622950819672
reddit_humor,local_rlcd-0.6b,0.62,0.5451612903225806
reddit_humor,local_rlcd-0.6b,0.63,0.546031746031746
reddit_humor,local_rlcd-0.6b,0.64,0.546875
reddit_humor,local_rlcd-0.6b,0.65,0.5415384615384615
reddit_humor,local_rlcd-0.6b,0.66,0.5393939393939394
reddit_humor,local_rlcd-0.6b,0.67,0.5343283582089552
reddit_humor,local_rlcd-0.6b,0.68,0.5294117647058824
reddit_humor,local_rlcd-0.6b,0.69,0.5333333333333333
reddit_humor,local_rlcd-0.6b,0.7,0.5314285714285715
reddit_humor,local_rlcd-0.6b,0.71,0.5267605633802817
reddit_humor,local_rlcd-0.6b,0.72,0.525
reddit_humor,local_rlcd-0.6b,0.73,0.5205479452054794
reddit_humor,local_rlcd-0.6b,0.74,0.5162162162162162
reddit_humor,local_rlcd-0.6b,0.75,0.512
reddit_humor,local_rlcd-0.6b,0.76,0.5157894736842106
reddit_humor,local_rlcd-0.6b,0.77,0.5168831168831168
reddit_humor,local_rlcd-0.6b,0.78,0.5153846153846153
reddit_humor,local_rlcd-0.6b,0.79,0.5139240506329114
reddit_humor,local_rlcd-0.6b,0.8,0.51
reddit_humor,local_rlcd-0.6b,0.81,0.508641975308642
reddit_humor,local_rlcd-0.6b,0.82,0.5097560975609756
reddit_humor,local_rlcd-0.6b,0.83,0.5156626506024097
reddit_humor,local_rlcd-0.6b,0.84,0.5119047619047619
reddit_humor,local_rlcd-0.6b,0.85,0.5129411764705882
reddit_humor,local_rlcd-0.6b,0.86,0.513953488372093
reddit_humor,local_rlcd-0.6b,0.87,0.5126436781609195
reddit_humor,local_rlcd-0.6b,0.88,0.5113636363636364
reddit_humor,local_rlcd-0.6b,0.89,0.5078651685393258
reddit_humor,local_rlcd-0.6b,0.9,0.5111111111111111
reddit_humor,local_rlcd-0.6b,0.91,0.5076923076923077
reddit_humor,local_rlcd-0.6b,0.92,0.5065217391304347
reddit_humor,local_rlcd-0.6b,0.93,0.5053763440860215
reddit_humor,local_rlcd-0.6b,0.94,0.5085106382978724
reddit_humor,local_rlcd-0.6b,0.95,0.5094736842105263
reddit_humor,local_rlcd-0.6b,0.96,0.50625
reddit_humor,local_rlcd-0.6b,0.97,0.5072164948453608
reddit_humor,local_rlcd-0.6b,0.98,0.5081632653061224
reddit_humor,local_rlcd-0.6b,0.99,0.5070707070707071
reddit_humor,local_rlcd-0.6b,1.0,0.508
semeval_stance,google_gemini-3.8-flash,0.009195402298850575,0.75
semeval_stance,google_gemini-3.8-flash,0.01839080459770115,0.875
semeval_stance,google_gemini-3.8-flash,0.027586206896551724,0.9166666666666666
semeval_stance,google_gemini-3.8-flash,0.0367816091954023,0.8125
semeval_stance,google_gemini-3.8-flash,0.04597701149425287,0.8
semeval_stance,google_gemini-3.8-flash,0.05517241379310345,0.8333333333333334
semeval_stance,google_gemini-3.8-flash,0.06436781609195402,0.75
semeval_stance,google_gemini-3.8-flash,0.0735632183908046,0.78125
semeval_stance,google_gemini-3.8-flash,0.08275862068965517,0.7777777777777778
semeval_stance,google_gemini-3.8-flash,0.09195402298850575,0.8
semeval_stance,google_gemini-3.8-flash,0.10114942528735632,0.8181818181818182
semeval_stance,google_gemini-3.8-flash,0.1103448275862069,0.8333333333333334
semeval_stance,google_gemini-3.8-flash,0.11954022988505747,0.8269230769230769
semeval_stance,google_gemini-3.8-flash,0.12873563218390804,0.8214285714285714
semeval_stance,google_gemini-3.8-flash,0.13793103448275862,0.8166666666666667
semeval_stance,google_gemini-3.8-flash,0.1471264367816092,0.8125
semeval_stance,google_gemini-3.8-flash,0.15632183908045977,0.8235294117647058
semeval_stance,google_gemini-3.8-flash,0.16551724137931034,0.8055555555555556
semeval_stance,google_gemini-3.8-flash,0.17471264367816092,0.8026315789473685
semeval_stance,google_gemini-3.8-flash,0.1839080459770115,0.8125
semeval_stance,google_gemini-3.8-flash,0.19310344827586207,0.8214285714285714
semeval_stance,google_gemini-3.8-flash,0.20229885057471264,0.8295454545454546
semeval_stance,google_gemini-3.8-flash,0.21149425287356322,0.8369565217391305
semeval_stance,google_gemini-3.8-flash,0.2206896551724138,0.84375
semeval_stance,google_gemini-3.8-flash,0.22988505747126436,0.85
semeval_stance,google_gemini-3.8-flash,0.23908045977011494,0.8557692307692307
semeval_stance,google_gemini-3.8-flash,0.2482758620689655,0.8611111111111112
semeval_stance,google_gemini-3.8-flash,0.2574712643678161,0.8660714285714286
semeval_stance,google_gemini-3.8-flash,0.26666666666666666,0.8706896551724138
semeval_stance,google_gemini-3.8-flash,0.27586206896551724,0.875
semeval_stance,google_gemini-3.8-flash,0.2850574712643678,0.8790322580645161
semeval_stance,google_gemini-3.8-flash,0.2942528735632184,0.8828125
semeval_stance,google_gemini-3.8-flash,0.30344827586206896,0.8863636363636364
semeval_stance,google_gemini-3.8-flash,0.31264367816091954,0.8897058823529411
semeval_stance,google_gemini-3.8-flash,0.3218390804597701,0.8928571428571429
semeval_stance,google_gemini-3.8-flash,0.3310344827586207,0.8958333333333334
semeval_stance,google_gemini-3.8-flash,0.34022988505747126,0.8986486486486487
semeval_stance,google_gemini-3.8-flash,0.34942528735632183,0.9013157894736842
semeval_stance,google_gemini-3.8-flash,0.3586206896551724,0.9038461538461539
semeval_stance,google_gemini-3.8-flash,0.367816091954023,0.90625
semeval_stance,google_gemini-3.8-flash,0.37701149425287356,0.9085365853658537
semeval_stance,google_gemini-3.8-flash,0.38620689655172413,0.9107142857142857
semeval_stance,google_gemini-3.8-flash,0.3954022988505747,0.9069767441860465
semeval_stance,google_gemini-3.8-flash,0.4045977011494253,0.9034090909090909
semeval_stance,google_gemini-3.8-flash,0.41379310344827586,0.9
semeval_stance,google_gemini-3.8-flash,0.42298850574712643,0.8913043478260869
semeval_stance,google_gemini-3.8-flash,0.432183908045977,0.8723404255319149
semeval_stance,google_gemini-3.8-flash,0.4413793103448276,0.8697916666666666
semeval_stance,google_gemini-3.8-flash,0.45057471264367815,0.8622448979591837
semeval_stance,google_gemini-3.8-flash,0.45977011494252873,0.865
semeval_stance,google_gemini-3.8-flash,0.4689655172413793,0.8676470588235294
semeval_stance,google_gemini-3.8-flash,0.4781609195402299,0.8701923076923077
semeval_stance,google_gemini-3.8-flash,0.48735632183908045,0.8679245283018868
semeval_stance,google_gemini-3.8-flash,0.496551724137931,0.8703703703703703
semeval_stance,google_gemini-3.8-flash,0.5057471264367817,0.8545454545454545
semeval_stance,google_gemini-3.8-flash,0.5149425287356322,0.84375
semeval_stance,google_gemini-3.8-flash,0.5241379310344828,0.8377192982456141
semeval_stance,google_gemini-3.8-flash,0.5333333333333333,0.8318965517241379
semeval_stance,google_gemini-3.8-flash,0.542528735632184,0.826271186440678
semeval_stance,google_gemini-3.8-flash,0.5517241379310345,0.8166666666666667
semeval_stance,google_gemini-3.8-flash,0.5609195402298851,0.8155737704918032
semeval_stance,google_gemini-3.8-flash,0.5701149425287356,0.8145161290322581
semeval_stance,google_gemini-3.8-flash,0.5793103448275863,0.8055555555555556
semeval_stance,google_gemini-3.8-flash,0.5885057471264368,0.796875
semeval_stance,google_gemini-3.8-flash,0.5977011494252874,0.7923076923076923
semeval_stance,google_gemini-3.8-flash,0.6068965517241379,0.7954545454545454
semeval_stance,google_gemini-3.8-flash,0.6160919540229886,0.7985074626865671
semeval_stance,google_gemini-3.8-flash,0.6252873563218391,0.7977941176470589
semeval_stance,google_gemini-3.8-flash,0.6344827586206897,0.8007246376811594
semeval_stance,google_gemini-3.8-flash,0.6436781609195402,0.8035714285714286
semeval_stance,google_gemini-3.8-flash,0.6528735632183909,0.8063380281690141
semeval_stance,google_gemini-3.8-flash,0.6620689655172414,0.8090277777777778
semeval_stance,google_gemini-3.8-flash,0.671264367816092,0.8082191780821918
semeval_stance,google_gemini-3.8-flash,0.6804597701149425,0.8108108108108109
semeval_stance,google_gemini-3.8-flash,0.6896551724137931,0.8066666666666666
semeval_stance,google_gemini-3.8-flash,0.6988505747126437,0.8092105263157895
semeval_stance,google_gemini-3.8-flash,0.7080459770114943,0.8051948051948052
semeval_stance,google_gemini-3.8-flash,0.7172413793103448,0.8076923076923077
semeval_stance,google_gemini-3.8-flash,0.7264367816091954,0.810126582278481
semeval_stance,google_gemini-3.8-flash,0.735632183908046,0.8125
semeval_stance,google_gemini-3.8-flash,0.7448275862068966,0.8117283950617284
semeval_stance,google_gemini-3.8-flash,0.7540229885057471,0.8109756097560976
semeval_stance,google_gemini-3.8-flash,0.7632183908045977,0.8132530120481928
semeval_stance,google_gemini-3.8-flash,0.7724137931034483,0.8125
semeval_stance,google_gemini-3.8-flash,0.7816091954022989,0.8117647058823529
semeval_stance,google_gemini-3.8-flash,0.7908045977011494,0.813953488372093
semeval_stance,google_gemini-3.8-flash,0.8,0.8132183908045977
semeval_stance,google_gemini-3.8-flash,0.8091954022988506,0.8153409090909091
semeval_stance,google_gemini-3.8-flash,0.8183908045977012,0.8117977528089888
semeval_stance,google_gemini-3.8-flash,0.8275862068965517,0.8138888888888889
semeval_stance,google_gemini-3.8-flash,0.8367816091954023,0.8131868131868132
semeval_stance,google_gemini-3.8-flash,0.8459770114942529,0.8070652173913043
semeval_stance,google_gemini-3.8-flash,0.8551724137931035,0.7983870967741935
semeval_stance,google_gemini-3.8-flash,0.864367816091954,0.7898936170212766
semeval_stance,google_gemini-3.8-flash,0.8735632183908046,0.7868421052631579
semeval_stance,google_gemini-3.8-flash,0.8827586206896552,0.7890625
semeval_stance,google_gemini-3.8-flash,0.8919540229885058,0.7912371134020618
semeval_stance,google_gemini-3.8-flash,0.9011494252873563,0.7882653061224489
semeval_stance,google_gemini-3.8-flash,0.9103448275862069,0.7878787878787878
semeval_stance,google_gemini-3.8-flash,0.9195402298850575,0.785
semeval_stance,google_gemini-3.8-flash,0.9287356321839081,0.7871287128712872
semeval_stance,google_gemini-3.8-flash,0.9379310344827586,0.7818627450980392
semeval_stance,google_gemini-3.8-flash,0.9471264367816092,0.7815533980582524
semeval_stance,google_gemini-3.8-flash,0.9563218390804598,0.78125
semeval_stance,google_gemini-3.8-flash,0.9655172413793104,0.7738095238095238
semeval_stance,google_gemini-3.8-flash,0.9747126436781609,0.7712264150943396
semeval_stance,google_gemini-3.8-flash,0.9839080459770115,0.7686915887850467
semeval_stance,google_gemini-3.8-flash,0.993103448275862,0.7638888888888888
semeval_stance,google_gemini-3.8-flash,1.0,0.7632183908045977
semeval_stance,jev,0.009195402298850575,0.75
semeval_stance,jev,0.01839080459770115,0.875
semeval_stance,jev,0.027586206896551724,0.9166666666666666
semeval_stance,jev,0.0367816091954023,0.9375
semeval_stance,jev,0.04597701149425287,0.95
semeval_stance,jev,0.05517241379310345,0.9583333333333334
semeval_stance,jev,0.06436781609195402,0.9285714285714286
semeval_stance,jev,0.0735632183908046,0.875
semeval_stance,jev,0.08275862068965517,0.8611111111111112
semeval_stance,jev,0.09195402298850575,0.85
semeval_stance,jev,0.10114942528735632,0.8409090909090909
semeval_stance,jev,0.1103448275862069,0.8333333333333334
semeval_stance,jev,0.11954022988505747,0.8461538461538461
semeval_stance,jev,0.12873563218390804,0.8571428571428571
semeval_stance,jev,0.13793103448275862,0.8666666666666667
semeval_stance,jev,0.1471264367816092,0.875
semeval_stance,jev,0.15632183908045977,0.8823529411764706
semeval_stance,jev,0.16551724137931034,0.8888888888888888
semeval_stance,jev,0.17471264367816092,0.8947368421052632
semeval_stance,jev,0.1839080459770115,0.8625
semeval_stance,jev,0.19310344827586207,0.8452380952380952
semeval_stance,jev,0.20229885057471264,0.8068181818181818
semeval_stance,jev,0.21149425287356322,0.8152173913043478
semeval_stance,jev,0.2206896551724138,0.8229166666666666
semeval_stance,jev,0.22988505747126436,0.83
semeval_stance,jev,0.23908045977011494,0.8365384615384616
semeval_stance,jev,0.2482758620689655,0.8425925925925926
semeval_stance,jev,0.2574712643678161,0.8482142857142857
semeval_stance,jev,0.26666666666666666,0.853448275862069
semeval_stance,jev,0.27586206896551724,0.8416666666666667
semeval_stance,jev,0.2850574712643678,0.8467741935483871
semeval_stance,jev,0.2942528735632184,0.84375
semeval_stance,jev,0.30344827586206896,0.8409090909090909
semeval_stance,jev,0.31264367816091954,0.8455882352941176
semeval_stance,jev,0.3218390804597701,0.8428571428571429
semeval_stance,jev,0.3310344827586207,0.8472222222222222
semeval_stance,jev,0.34022988505747126,0.8513513513513513
semeval_stance,jev,0.34942528735632183,0.8552631578947368
semeval_stance,jev,0.3586206896551724,0.8461538461538461
semeval_stance,jev,0.367816091954023,0.85
semeval_stance,jev,0.37701149425287356,0.8475609756097561
semeval_stance,jev,0.38620689655172413,0.8511904761904762
semeval_stance,jev,0.3954022988505747,0.8488372093023255
semeval_stance,jev,0.4045977011494253,0.8522727272727273
semeval_stance,jev,0.41379310344827586,0.8555555555555555
semeval_stance,jev,0.42298850574712643,0.8586956521739131
semeval_stance,jev,0.432183908045977,0.8617021276595744
semeval_stance,jev,0.4413793103448276,0.8541666666666666
semeval_stance,jev,0.45057471264367815,0.8520408163265306
semeval_stance,jev,0.45977011494252873,0.855
semeval_stance,jev,0.4689655172413793,0.8529411764705882
semeval_stance,jev,0.4781609195402299,0.8557692307692307
semeval_stance,jev,0.48735632183908045,0.8537735849056604
semeval_stance,jev,0.496551724137931,0.8518518518518519
semeval_stance,jev,0.5057471264367817,0.85
semeval_stance,jev,0.5149425287356322,0.8526785714285714
semeval_stance,jev,0.5241379310344828,0.8552631578947368
semeval_stance,jev,0.5333333333333333,0.853448275862069
semeval_stance,jev,0.542528735632184,0.8559322033898306
semeval_stance,jev,0.5517241379310345,0.8583333333333333
semeval_stance,jev,0.5609195402298851,0.8483606557377049
semeval_stance,jev,0.5701149425287356,0.8508064516129032
semeval_stance,jev,0.5793103448275863,0.8492063492063492
semeval_stance,jev,0.5885057471264368,0.84375
semeval_stance,jev,0.5977011494252874,0.8384615384615385
semeval_stance,jev,0.6068965517241379,0.8295454545454546
semeval_stance,jev,0.6160919540229886,0.8283582089552238
semeval_stance,jev,0.6252873563218391,0.8272058823529411
semeval_stance,jev,0.6344827586206897,0.8297101449275363
semeval_stance,jev,0.6436781609195402,0.8285714285714286
semeval_stance,jev,0.6528735632183909,0.8309859154929577
semeval_stance,jev,0.6620689655172414,0.8333333333333334
semeval_stance,jev,0.671264367816092,0.8287671232876712
semeval_stance,jev,0.6804597701149425,0.8209459459459459
semeval_stance,jev,0.6896551724137931,0.82
semeval_stance,jev,0.6988505747126437,0.819078947368421
semeval_stance,jev,0.7080459770114943,0.8214285714285714
semeval_stance,jev,0.7172413793103448,0.8205128205128205
semeval_stance,jev,0.7264367816091954,0.819620253164557
semeval_stance,jev,0.735632183908046,0.81875
semeval_stance,jev,0.7448275862068966,0.8209876543209876
semeval_stance,jev,0.7540229885057471,0.8201219512195121
semeval_stance,jev,0.7632183908045977,0.8192771084337349
semeval_stance,jev,0.7724137931034483,0.8154761904761905
semeval_stance,jev,0.7816091954022989,0.8088235294117647
semeval_stance,jev,0.7908045977011494,0.8081395348837209
semeval_stance,jev,0.8,0.8017241379310345
semeval_stance,jev,0.8091954022988506,0.7954545454545454
semeval_stance,jev,0.8183908045977012,0.797752808988764
semeval_stance,jev,0.8275862068965517,0.7944444444444444
semeval_stance,jev,0.8367816091954023,0.7884615384615384
semeval_stance,jev,0.8459770114942529,0.7907608695652174
semeval_stance,jev,0.8551724137931035,0.7903225806451613
semeval_stance,jev,0.864367816091954,0.7845744680851063
semeval_stance,jev,0.8735632183908046,0.7842105263157895
semeval_stance,jev,0.8827586206896552,0.7838541666666666
semeval_stance,jev,0.8919540229885058,0.7783505154639175
semeval_stance,jev,0.9011494252873563,0.7755102040816326
semeval_stance,jev,0.9103448275862069,0.7702020202020202
semeval_stance,jev,0.9195402298850575,0.765
semeval_stance,jev,0.9287356321839081,0.7623762376237624
semeval_stance,jev,0.9379310344827586,0.7598039215686274
semeval_stance,jev,0.9471264367816092,0.7548543689320388
semeval_stance,jev,0.9563218390804598,0.7548076923076923
semeval_stance,jev,0.9655172413793104,0.7523809523809524
semeval_stance,jev,0.9747126436781609,0.7476415094339622
semeval_stance,jev,0.9839080459770115,0.7429906542056075
semeval_stance,jev,0.993103448275862,0.7361111111111112
semeval_stance,jev,1.0,0.7379310344827587
semeval_stance,local_rlcd-0.6b,0.009195402298850575,0.75
semeval_stance,local_rlcd-0.6b,0.01839080459770115,0.625
semeval_stance,local_rlcd-0.6b,0.027586206896551724,0.6666666666666666
semeval_stance,local_rlcd-0.6b,0.0367816091954023,0.75
semeval_stance,local_rlcd-0.6b,0.04597701149425287,0.7
semeval_stance,local_rlcd-0.6b,0.05517241379310345,0.6666666666666666
semeval_stance,local_rlcd-0.6b,0.06436781609195402,0.7142857142857143
semeval_stance,local_rlcd-0.6b,0.0735632183908046,0.71875
semeval_stance,local_rlcd-0.6b,0.08275862068965517,0.6666666666666666
semeval_stance,local_rlcd-0.6b,0.09195402298850575,0.675
semeval_stance,local_rlcd-0.6b,0.10114942528735632,0.6363636363636364
semeval_stance,local_rlcd-0.6b,0.1103448275862069,0.6666666666666666
semeval_stance,local_rlcd-0.6b,0.11954022988505747,0.6346153846153846
semeval_stance,local_rlcd-0.6b,0.12873563218390804,0.625
semeval_stance,local_rlcd-0.6b,0.13793103448275862,0.6333333333333333
semeval_stance,local_rlcd-0.6b,0.1471264367816092,0.625
semeval_stance,local_rlcd-0.6b,0.15632183908045977,0.6176470588235294
semeval_stance,local_rlcd-0.6b,0.16551724137931034,0.5972222222222222
semeval_stance,local_rlcd-0.6b,0.17471264367816092,0.5921052631578947
semeval_stance,local_rlcd-0.6b,0.1839080459770115,0.575
semeval_stance,local_rlcd-0.6b,0.19310344827586207,0.5714285714285714
semeval_stance,local_rlcd-0.6b,0.20229885057471264,0.5568181818181818
semeval_stance,local_rlcd-0.6b,0.21149425287356322,0.532608695652174
semeval_stance,local_rlcd-0.6b,0.2206896551724138,0.53125
semeval_stance,local_rlcd-0.6b,0.22988505747126436,0.54
semeval_stance,local_rlcd-0.6b,0.23908045977011494,0.5384615384615384
semeval_stance,local_rlcd-0.6b,0.2482758620689655,0.5555555555555556
semeval_stance,local_rlcd-0.6b,0.2574712643678161,0.5714285714285714
semeval_stance,local_rlcd-0.6b,0.26666666666666666,0.5603448275862069
semeval_stance,local_rlcd-0.6b,0.27586206896551724,0.5666666666666667
semeval_stance,local_rlcd-0.6b,0.2850574712643678,0.5564516129032258
semeval_stance,local_rlcd-0.6b,0.2942528735632184,0.546875
semeval_stance,local_rlcd-0.6b,0.30344827586206896,0.5454545454545454
semeval_stance,local_rlcd-0.6b,0.31264367816091954,0.5441176470588235
semeval_stance,local_rlcd-0.6b,0.3218390804597701,0.55
semeval_stance,local_rlcd-0.6b,0.3310344827586207,0.5486111111111112
semeval_stance,local_rlcd-0.6b,0.34022988505747126,0.5540540540540541
semeval_stance,local_rlcd-0.6b,0.34942528735632183,0.5460526315789473
semeval_stance,local_rlcd-0.6b,0.3586206896551724,0.5512820512820513
semeval_stance,local_rlcd-0.6b,0.367816091954023,0.54375
semeval_stance,local_rlcd-0.6b,0.37701149425287356,0.5487804878048781
semeval_stance,local_rlcd-0.6b,0.38620689655172413,0.5595238095238095
semeval_stance,local_rlcd-0.6b,0.3954022988505747,0.5523255813953488
semeval_stance,local_rlcd-0.6b,0.4045977011494253,0.5568181818181818
semeval_stance,local_rlcd-0.6b,0.41379310344827586,0.55
semeval_stance,local_rlcd-0.6b,0.42298850574712643,0.5489130434782609
semeval_stance,local_rlcd-0.6b,0.432183908045977,0.5425531914893617
semeval_stance,local_rlcd-0.6b,0.4413793103448276,0.5364583333333334
semeval_stance,local_rlcd-0.6b,0.45057471264367815,0.5357142857142857
semeval_stance,local_rlcd-0.6b,0.45977011494252873,0.54
semeval_stance,local_rlcd-0.6b,0.4689655172413793,0.5343137254901961
semeval_stance,local_rlcd-0.6b,0.4781609195402299,0.5240384615384616
semeval_stance,local_rlcd-0.6b,0.48735632183908045,0.5188679245283019
semeval_stance,local_rlcd-0.6b,0.496551724137931,0.5185185185185185
semeval_stance,local_rlcd-0.6b,0.5057471264367817,0.5227272727272727
semeval_stance,local_rlcd-0.6b,0.5149425287356322,0.5223214285714286
semeval_stance,local_rlcd-0.6b,0.5241379310344828,0.5219298245614035
semeval_stance,local_rlcd-0.6b,0.5333333333333333,0.5258620689655172
semeval_stance,local_rlcd-0.6b,0.542528735632184,0.5211864406779662
semeval_stance,local_rlcd-0.6b,0.5517241379310345,0.525
semeval_stance,local_rlcd-0.6b,0.5609195402298851,0.5204918032786885
semeval_stance,local_rlcd-0.6b,0.5701149425287356,0.5201612903225806
semeval_stance,local_rlcd-0.6b,0.5793103448275863,0.5238095238095238
semeval_stance,local_rlcd-0.6b,0.5885057471264368,0.51953125
semeval_stance,local_rlcd-0.6b,0.5977011494252874,0.5230769230769231
semeval_stance,local_rlcd-0.6b,0.6068965517241379,0.5265151515151515
semeval_stance,local_rlcd-0.6b,0.6160919540229886,0.5298507462686567
semeval_stance,local_rlcd-0.6b,0.6252873563218391,0.5257352941176471
semeval_stance,local_rlcd-0.6b,0.6344827586206897,0.5181159420289855
semeval_stance,local_rlcd-0.6b,0.6436781609195402,0.525
semeval_stance,local_rlcd-0.6b,0.6528735632183909,0.5316901408450704
semeval_stance,local_rlcd-0.6b,0.6620689655172414,0.53125
semeval_stance,local_rlcd-0.6b,0.671264367816092,0.5273972602739726
semeval_stance,local_rlcd-0.6b,0.6804597701149425,0.5236486486486487
semeval_stance,local_rlcd-0.6b,0.6896551724137931,0.5166666666666667
semeval_stance,local_rlcd-0.6b,0.6988505747126437,0.5197368421052632
semeval_stance,local_rlcd-0.6b,0.7080459770114943,0.5194805194805194
semeval_stance,local_rlcd-0.6b,0.7172413793103448,0.5160256410256411
semeval_stance,local_rlcd-0.6b,0.7264367816091954,0.509493670886076
semeval_stance,local_rlcd-0.6b,0.735632183908046,0.503125
semeval_stance,local_rlcd-0.6b,0.7448275862068966,0.5030864197530864
semeval_stance,local_rlcd-0.6b,0.7540229885057471,0.5091463414634146
semeval_stance,local_rlcd-0.6b,0.7632183908045977,0.5150602409638554
semeval_stance,local_rlcd-0.6b,0.7724137931034483,0.5148809523809523
semeval_stance,local_rlcd-0.6b,0.7816091954022989,0.5147058823529411
semeval_stance,local_rlcd-0.6b,0.7908045977011494,0.5145348837209303
semeval_stance,local_rlcd-0.6b,0.8,0.5172413793103449
semeval_stance,local_rlcd-0.6b,0.8091954022988506,0.5198863636363636
semeval_stance,local_rlcd-0.6b,0.8183908045977012,0.5224719101123596
semeval_stance,local_rlcd-0.6b,0.8275862068965517,0.5222222222222223
semeval_stance,local_rlcd-0.6b,0.8367816091954023,0.5192307692307693
semeval_stance,local_rlcd-0.6b,0.8459770114942529,0.5217391304347826
semeval_stance,local_rlcd-0.6b,0.8551724137931035,0.5188172043010753
semeval_stance,local_rlcd-0.6b,0.864367816091954,0.5212765957446809
semeval_stance,local_rlcd-0.6b,0.8735632183908046,0.5184210526315789
semeval_stance,local_rlcd-0.6b,0.8827586206896552,0.515625
semeval_stance,local_rlcd-0.6b,0.8919540229885058,0.5154639175257731
semeval_stance,local_rlcd-0.6b,0.9011494252873563,0.5127551020408163
semeval_stance,local_rlcd-0.6b,0.9103448275862069,0.5151515151515151
semeval_stance,local_rlcd-0.6b,0.9195402298850575,0.5125
semeval_stance,local_rlcd-0.6b,0.9287356321839081,0.5123762376237624
semeval_stance,local_rlcd-0.6b,0.9379310344827586,0.5122549019607843
semeval_stance,local_rlcd-0.6b,0.9471264367816092,0.5072815533980582
semeval_stance,local_rlcd-0.6b,0.9563218390804598,0.5048076923076923
semeval_stance,local_rlcd-0.6b,0.9655172413793104,0.5071428571428571
semeval_stance,local_rlcd-0.6b,0.9747126436781609,0.5047169811320755
semeval_stance,local_rlcd-0.6b,0.9839080459770115,0.5023364485981309
semeval_stance,local_rlcd-0.6b,0.993103448275862,0.5023148148148148
semeval_stance,local_rlcd-0.6b,1.0,0.5057471264367817
talklife,google_gemini-3.8-flash,0.008032128514056224,0.0
talklife,google_gemini-3.8-flash,0.01606425702811245,0.0
talklife,google_gemini-3.8-flash,0.024096385542168676,0.0
talklife,google_gemini-3.8-flash,0.0321285140562249,0.0
talklife,google_gemini-3.8-flash,0.040160642570281124,0.0
talklife,google_gemini-3.8-flash,0.04819277108433735,0.0
talklife,google_gemini-3.8-flash,0.05622489959839357,0.0
talklife,google_gemini-3.8-flash,0.0642570281124498,0.0
talklife,google_gemini-3.8-flash,0.07228915662650602,0.0
talklife,google_gemini-3.8-flash,0.08032128514056225,0.0
talklife,google_gemini-3.8-flash,0.08835341365461848,0.0
talklife,google_gemini-3.8-flash,0.0963855421686747,0.0
talklife,google_gemini-3.8-flash,0.10441767068273092,0.0
talklife,google_gemini-3.8-flash,0.11244979919678715,0.0
talklife,google_gemini-3.8-flash,0.12048192771084337,0.0
talklife,google_gemini-3.8-flash,0.1285140562248996,0.0
talklife,google_gemini-3.8-flash,0.13654618473895583,0.0
talklife,google_gemini-3.8-flash,0.14457831325301204,0.0
talklife,google_gemini-3.8-flash,0.15261044176706828,0.0
talklife,google_gemini-3.8-flash,0.1606425702811245,0.0
talklife,google_gemini-3.8-flash,0.1686746987951807,0.0
talklife,google_gemini-3.8-flash,0.17670682730923695,0.0
talklife,google_gemini-3.8-flash,0.18473895582329317,0.0
talklife,google_gemini-3.8-flash,0.1927710843373494,0.0
talklife,google_gemini-3.8-flash,0.20080321285140562,0.0
talklife,google_gemini-3.8-flash,0.20883534136546184,0.0
talklife,google_gemini-3.8-flash,0.21686746987951808,0.0
talklife,google_gemini-3.8-flash,0.2248995983935743,0.0
talklife,google_gemini-3.8-flash,0.23293172690763053,0.0
talklife,google_gemini-3.8-flash,0.24096385542168675,0.0
talklife,google_gemini-3.8-flash,0.24899598393574296,0.0
talklife,google_gemini-3.8-flash,0.2570281124497992,0.0
talklife,google_gemini-3.8-flash,0.26506024096385544,0.0
talklife,google_gemini-3.8-flash,0.27309236947791166,0.0
talklife,google_gemini-3.8-flash,0.28112449799196787,0.0
talklife,google_gemini-3.8-flash,0.2891566265060241,0.0
talklife,google_gemini-3.8-flash,0.2971887550200803,0.0
talklife,google_gemini-3.8-flash,0.30522088353413657,0.0
talklife,google_gemini-3.8-flash,0.3132530120481928,0.0
talklife,google_gemini-3.8-flash,0.321285140562249,0.0
talklife,google_gemini-3.8-flash,0.3293172690763052,0.0
talklife,google_gemini-3.8-flash,0.3373493975903614,0.0
talklife,google_gemini-3.8-flash,0.3453815261044177,0.0
talklife,google_gemini-3.8-flash,0.3534136546184739,0.0
talklife,google_gemini-3.8-flash,0.3614457831325301,0.005555555555555556
talklife,google_gemini-3.8-flash,0.36947791164658633,0.005434782608695652
talklife,google_gemini-3.8-flash,0.37751004016064255,0.005319148936170213
talklife,google_gemini-3.8-flash,0.3855421686746988,0.005208333333333333
talklife,google_gemini-3.8-flash,0.39357429718875503,0.00510204081632653
talklife,google_gemini-3.8-flash,0.40160642570281124,0.005
talklife,google_gemini-3.8-flash,0.40963855421686746,0.004901960784313725
talklife,google_gemini-3.8-flash,0.41767068273092367,0.009615384615384616
talklife,google_gemini-3.8-flash,0.42570281124497994,0.009433962264150943
talklife,google_gemini-3.8-flash,0.43373493975903615,0.009259259259259259
talklife,google_gemini-3.8-flash,0.44176706827309237,0.00909090909090909
talklife,google_gemini-3.8-flash,0.4497991967871486,0.013392857142857142
talklife,google_gemini-3.8-flash,0.4578313253012048,0.013157894736842105
talklife,google_gemini-3.8-flash,0.46586345381526106,0.01293103448275862
talklife,google_gemini-3.8-flash,0.4738955823293173,0.012711864406779662
talklife,google_gemini-3.8-flash,0.4819277108433735,0.0125
talklife,google_gemini-3.8-flash,0.4899598393574297,0.012295081967213115
talklife,google_gemini-3.8-flash,0.4979919678714859,0.012096774193548387
talklife,google_gemini-3.8-flash,0.5060240963855421,0.011904761904761904
talklife,google_gemini-3.8-flash,0.5140562248995983,0.01953125
talklife,google_gemini-3.8-flash,0.5220883534136547,0.03076923076923077
talklife,google_gemini-3.8-flash,0.5301204819277109,0.045454545454545456
talklife,google_gemini-3.8-flash,0.5381526104417671,0.05970149253731343
talklife,google_gemini-3.8-flash,0.5461847389558233,0.07352941176470588
talklife,google_gemini-3.8-flash,0.5542168674698795,0.08695652173913043
talklife,google_gemini-3.8-flash,0.5622489959839357,0.1
talklife,google_gemini-3.8-flash,0.570281124497992,0.11267605633802817
talklife,google_gemini-3.8-flash,0.5783132530120482,0.125
talklife,google_gemini-3.8-flash,0.5863453815261044,0.136986301369863
talklife,google_gemini-3.8-flash,0.5943775100401606,0.14864864864864866
talklife,google_gemini-3.8-flash,0.6024096385542169,0.16
talklife,google_gemini-3.8-flash,0.6104417670682731,0.17105263157894737
talklife,google_gemini-3.8-flash,0.6184738955823293,0.18181818181818182
talklife,google_gemini-3.8-flash,0.6265060240963856,0.19230769230769232
talklife,google_gemini-3.8-flash,0.6345381526104418,0.20253164556962025
talklife,google_gemini-3.8-flash,0.642570281124498,0.2125
talklife,google_gemini-3.8-flash,0.6506024096385542,0.2222222222222222
talklife,google_gemini-3.8-flash,0.6586345381526104,0.23170731707317074
talklife,google_gemini-3.8-flash,0.6666666666666666,0.24096385542168675
talklife,google_gemini-3.8-flash,0.6746987951807228,0.25
talklife,google_gemini-3.8-flash,0.6827309236947792,0.25882352941176473
talklife,google_gemini-3.8-flash,0.6907630522088354,0.26744186046511625
talklife,google_gemini-3.8-flash,0.6987951807228916,0.27586206896551724
talklife,google_gemini-3.8-flash,0.7068273092369478,0.2840909090909091
talklife,google_gemini-3.8-flash,0.714859437751004,0.29213483146067415
talklife,google_gemini-3.8-flash,0.7228915662650602,0.3
talklife,google_gemini-3.8-flash,0.7309236947791165,0.3076923076923077
talklife,google_gemini-3.8-flash,0.7389558232931727,0.31521739130434784
talklife,google_gemini-3.8-flash,0.7469879518072289,0.3225806451612903
talklife,google_gemini-3.8-flash,0.7550200803212851,0.32978723404255317
talklife,google_gemini-3.8-flash,0.7630522088353414,0.3368421052631579
talklife,google_gemini-3.8-flash,0.7710843373493976,0.34375
talklife,google_gemini-3.8-flash,0.7791164658634538,0.35051546391752575
talklife,google_gemini-3.8-flash,0.7871485943775101,0.35714285714285715
talklife,google_gemini-3.8-flash,0.7951807228915663,0.36363636363636365
talklife,google_gemini-3.8-flash,0.8032128514056225,0.37
talklife,google_gemini-3.8-flash,0.8112449799196787,0.3712871287128713
talklife,google_gemini-3.8-flash,0.8192771084337349,0.3700980392156863
talklife,google_gemini-3.8-flash,0.8273092369477911,0.36893203883495146
talklife,google_gemini-3.8-flash,0.8353413654618473,0.36538461538461536
talklife,google_gemini-3.8-flash,0.8433734939759037,0.3619047619047619
talklife,google_gemini-3.8-flash,0.8514056224899599,0.3584905660377358
talklife,google_gemini-3.8-flash,0.8594377510040161,0.3574766355140187
talklife,google_gemini-3.8-flash,0.8674698795180723,0.3587962962962963
talklife,google_gemini-3.8-flash,0.8755020080321285,0.3623853211009174
talklife,google_gemini-3.8-flash,0.8835341365461847,0.3659090909090909
talklife,google_gemini-3.8-flash,0.891566265060241,0.36486486486486486
talklife,google_gemini-3.8-flash,0.8995983935742972,0.36830357142857145
talklife,google_gemini-3.8-flash,0.9076305220883534,0.37168141592920356
talklife,google_gemini-3.8-flash,0.9156626506024096,0.375
talklife,google_gemini-3.8-flash,0.9236947791164659,0.3760869565217391
talklife,google_gemini-3.8-flash,0.9317269076305221,0.375
talklife,google_gemini-3.8-flash,0.9397590361445783,0.3717948717948718
talklife,google_gemini-3.8-flash,0.9477911646586346,0.3707627118644068
talklife,google_gemini-3.8-flash,0.9558232931726908,0.37184873949579833
talklife,google_gemini-3.8-flash,0.963855421686747,0.36875
talklife,google_gemini-3.8-flash,0.9718875502008032,0.3677685950413223
talklife,google_gemini-3.8-flash,0.9799196787148594,0.36885245901639346
talklife,google_gemini-3.8-flash,0.9879518072289156,0.3719512195121951
talklife,google_gemini-3.8-flash,0.9959839357429718,0.3689516129032258
talklife,google_gemini-3.8-flash,1.0,0.3674698795180723
talklife,jev,0.008032128514056224,0.0
talklife,jev,0.01606425702811245,0.0
talklife,jev,0.024096385542168676,0.0
talklife,jev,0.0321285140562249,0.0
talklife,jev,0.040160642570281124,0.0
talklife,jev,0.04819277108433735,0.0
talklife,jev,0.05622489959839357,0.0
talklife,jev,0.0642570281124498,0.0
talklife,jev,0.07228915662650602,0.0
talklife,jev,0.08032128514056225,0.0
talklife,jev,0.08835341365461848,0.0
talklife,jev,0.0963855421686747,0.0
talklife,jev,0.10441767068273092,0.0
talklife,jev,0.11244979919678715,0.0
talklife,jev,0.12048192771084337,0.0
talklife,jev,0.1285140562248996,0.0
talklife,jev,0.13654618473895583,0.0
talklife,jev,0.14457831325301204,0.0
talklife,jev,0.15261044176706828,0.0
talklife,jev,0.1606425702811245,0.0
talklife,jev,0.1686746987951807,0.0
talklife,jev,0.17670682730923695,0.0
talklife,jev,0.18473895582329317,0.0
talklife,jev,0.1927710843373494,0.0
talklife,jev,0.20080321285140562,0.0
talklife,jev,0.20883534136546184,0.0
talklife,jev,0.21686746987951808,0.0
talklife,jev,0.2248995983935743,0.0
talklife,jev,0.23293172690763053,0.0
talklife,jev,0.24096385542168675,0.016666666666666666
talklife,jev,0.24899598393574296,0.04838709677419355
talklife,jev,0.2570281124497992,0.078125
talklife,jev,0.26506024096385544,0.10606060606060606
talklife,jev,0.27309236947791166,0.1323529411764706
talklife,jev,0.28112449799196787,0.15714285714285714
talklife,jev,0.2891566265060241,0.18055555555555555
talklife,jev,0.2971887550200803,0.20270270270270271
talklife,jev,0.30522088353413657,0.2236842105263158
talklife,jev,0.3132530120481928,0.24358974358974358
talklife,jev,0.321285140562249,0.2625
talklife,jev,0.3293172690763052,0.2804878048780488
talklife,jev,0.3373493975903614,0.2976190476190476
talklife,jev,0.3453815261044177,0.313953488372093
talklife,jev,0.3534136546184739,0.32954545454545453
talklife,jev,0.3614457831325301,0.34444444444444444
talklife,jev,0.36947791164658633,0.358695652173913
talklife,jev,0.37751004016064255,0.3723404255319149
talklife,jev,0.3855421686746988,0.3854166666666667
talklife,jev,0.39357429718875503,0.3979591836734694
talklife,jev,0.40160642570281124,0.41
talklife,jev,0.40963855421686746,0.4215686274509804
talklife,jev,0.41767068273092367,0.41346153846153844
talklife,jev,0.42570281124497994,0.4056603773584906
talklife,jev,0.43373493975903615,0.39814814814814814
talklife,jev,0.44176706827309237,0.39090909090909093
talklife,jev,0.4497991967871486,0.38392857142857145
talklife,jev,0.4578313253012048,0.37719298245614036
talklife,jev,0.46586345381526106,0.3706896551724138
talklife,jev,0.4738955823293173,0.3644067796610169
talklife,jev,0.4819277108433735,0.35833333333333334
talklife,jev,0.4899598393574297,0.3524590163934426
talklife,jev,0.4979919678714859,0.35080645161290325
talklife,jev,0.5060240963855421,0.3611111111111111
talklife,jev,0.5140562248995983,0.37109375
talklife,jev,0.5220883534136547,0.38076923076923075
talklife,jev,0.5301204819277109,0.39015151515151514
talklife,jev,0.5381526104417671,0.39925373134328357
talklife,jev,0.5461847389558233,0.40808823529411764
talklife,jev,0.5542168674698795,0.4166666666666667
talklife,jev,0.5622489959839357,0.425
talklife,jev,0.570281124497992,0.41901408450704225
talklife,jev,0.5783132530120482,0.4131944444444444
talklife,jev,0.5863453815261044,0.4075342465753425
talklife,jev,0.5943775100401606,0.40202702702702703
talklife,jev,0.6024096385542169,0.39666666666666667
talklife,jev,0.6104417670682731,0.39144736842105265
talklife,jev,0.6184738955823293,0.38961038961038963
talklife,jev,0.6265060240963856,0.38782051282051283
talklife,jev,0.6345381526104418,0.39556962025316456
talklife,jev,0.642570281124498,0.403125
talklife,jev,0.6506024096385542,0.4104938271604938
talklife,jev,0.6586345381526104,0.40853658536585363
talklife,jev,0.6666666666666666,0.4036144578313253
talklife,jev,0.6746987951807228,0.40476190476190477
talklife,jev,0.6827309236947792,0.4
talklife,jev,0.6907630522088354,0.3953488372093023
talklife,jev,0.6987951807228916,0.3994252873563218
talklife,jev,0.7068273092369478,0.4005681818181818
talklife,jev,0.714859437751004,0.398876404494382
talklife,jev,0.7228915662650602,0.3972222222222222
talklife,jev,0.7309236947791165,0.3956043956043956
talklife,jev,0.7389558232931727,0.39402173913043476
talklife,jev,0.7469879518072289,0.3951612903225806
talklife,jev,0.7550200803212851,0.39095744680851063
talklife,jev,0.7630522088353414,0.3868421052631579
talklife,jev,0.7710843373493976,0.3854166666666667
talklife,jev,0.7791164658634538,0.38402061855670105
talklife,jev,0.7871485943775101,0.38010204081632654
talklife,jev,0.7951807228915663,0.3813131313131313
talklife,jev,0.8032128514056225,0.38
talklife,jev,0.8112449799196787,0.3787128712871287
talklife,jev,0.8192771084337349,0.37745098039215685
talklife,jev,0.8273092369477911,0.38349514563106796
talklife,jev,0.8353413654618473,0.38461538461538464
talklife,jev,0.8433734939759037,0.38333333333333336
talklife,jev,0.8514056224899599,0.38207547169811323
talklife,jev,0.8594377510040161,0.38317757009345793
talklife,jev,0.8674698795180723,0.37962962962962965
talklife,jev,0.8755020080321285,0.3761467889908257
talklife,jev,0.8835341365461847,0.3795454545454545
talklife,jev,0.891566265060241,0.3761261261261261
talklife,jev,0.8995983935742972,0.37276785714285715
talklife,jev,0.9076305220883534,0.37610619469026546
talklife,jev,0.9156626506024096,0.37280701754385964
talklife,jev,0.9236947791164659,0.3739130434782609
talklife,jev,0.9317269076305221,0.3728448275862069
talklife,jev,0.9397590361445783,0.37606837606837606
talklife,jev,0.9477911646586346,0.375
talklife,jev,0.9558232931726908,0.3760504201680672
talklife,jev,0.963855421686747,0.3770833333333333
talklife,jev,0.9718875502008032,0.378099173553719
talklife,jev,0.9799196787148594,0.375
talklife,jev,0.9879518072289156,0.37601626016260165
talklife,jev,0.9959839357429718,0.37298387096774194
talklife,jev,1.0,0.3714859437751004
talklife,local_rlcd-0.6b,0.008032128514056224,0.25
talklife,local_rlcd-0.6b,0.01606425702811245,0.125
talklife,local_rlcd-0.6b,0.024096385542168676,0.25
talklife,local_rlcd-0.6b,0.0321285140562249,0.25
talklife,local_rlcd-0.6b,0.040160642570281124,0.25
talklife,local_rlcd-0.6b,0.04819277108433735,0.2916666666666667
talklife,local_rlcd-0.6b,0.05622489959839357,0.25
talklife,local_rlcd-0.6b,0.0642570281124498,0.25
talklife,local_rlcd-0.6b,0.07228915662650602,0.2777777777777778
talklife,local_rlcd-0.6b,0.08032128514056225,0.25
talklife,local_rlcd-0.6b,0.08835341365461848,0.2727272727272727
talklife,local_rlcd-0.6b,0.0963855421686747,0.25
talklife,local_rlcd-0.6b,0.10441767068273092,0.3076923076923077
talklife,local_rlcd-0.6b,0.11244979919678715,0.32142857142857145
talklife,local_rlcd-0.6b,0.12048192771084337,0.3
talklife,local_rlcd-0.6b,0.1285140562248996,0.3125
talklife,local_rlcd-0.6b,0.13654618473895583,0.3088235294117647
talklife,local_rlcd-0.6b,0.14457831325301204,0.2916666666666667
talklife,local_rlcd-0.6b,0.15261044176706828,0.2894736842105263
talklife,local_rlcd-0.6b,0.1606425702811245,0.3125
talklife,local_rlcd-0.6b,0.1686746987951807,0.3333333333333333
talklife,local_rlcd-0.6b,0.17670682730923695,0.32954545454545453
talklife,local_rlcd-0.6b,0.18473895582329317,0.32608695652173914
talklife,local_rlcd-0.6b,0.1927710843373494,0.3229166666666667
talklife,local_rlcd-0.6b,0.20080321285140562,0.33
talklife,local_rlcd-0.6b,0.20883534136546184,0.33653846153846156
talklife,local_rlcd-0.6b,0.21686746987951808,0.3333333333333333
talklife,local_rlcd-0.6b,0.2248995983935743,0.3392857142857143
talklife,local_rlcd-0.6b,0.23293172690763053,0.3448275862068966
talklife,local_rlcd-0.6b,0.24096385542168675,0.35
talklife,local_rlcd-0.6b,0.24899598393574296,0.3387096774193548
talklife,local_rlcd-0.6b,0.2570281124497992,0.3515625
talklife,local_rlcd-0.6b,0.26506024096385544,0.36363636363636365
talklife,local_rlcd-0.6b,0.27309236947791166,0.35294117647058826
talklife,local_rlcd-0.6b,0.28112449799196787,0.35
talklife,local_rlcd-0.6b,0.2891566265060241,0.3472222222222222
talklife,local_rlcd-0.6b,0.2971887550200803,0.33783783783783783
talklife,local_rlcd-0.6b,0.30522088353413657,0.34210526315789475
talklife,local_rlcd-0.6b,0.3132530120481928,0.34615384615384615
talklife,local_rlcd-0.6b,0.321285140562249,0.34375
talklife,local_rlcd-0.6b,0.3293172690763052,0.35365853658536583
talklife,local_rlcd-0.6b,0.3373493975903614,0.35119047619047616
talklife,local_rlcd-0.6b,0.3453815261044177,0.3488372093023256
talklife,local_rlcd-0.6b,0.3534136546184739,0.3522727272727273
talklife,local_rlcd-0.6b,0.3614457831325301,0.35555555555555557
talklife,local_rlcd-0.6b,0.36947791164658633,0.358695652173913
talklife,local_rlcd-0.6b,0.37751004016064255,0.35638297872340424
talklife,local_rlcd-0.6b,0.3855421686746988,0.359375
talklife,local_rlcd-0.6b,0.39357429718875503,0.35714285714285715
talklife,local_rlcd-0.6b,0.40160642570281124,0.36
talklife,local_rlcd-0.6b,0.40963855421686746,0.3627450980392157
talklife,local_rlcd-0.6b,0.41767068273092367,0.3701923076923077
talklife,local_rlcd-0.6b,0.42570281124497994,0.37264150943396224
talklife,local_rlcd-0.6b,0.43373493975903615,0.375
talklife,local_rlcd-0.6b,0.44176706827309237,0.36818181818181817
talklife,local_rlcd-0.6b,0.4497991967871486,0.36607142857142855
talklife,local_rlcd-0.6b,0.4578313253012048,0.36403508771929827
talklife,local_rlcd-0.6b,0.46586345381526106,0.36637931034482757
talklife,local_rlcd-0.6b,0.4738955823293173,0.3686440677966102
talklife,local_rlcd-0.6b,0.4819277108433735,0.375
talklife,local_rlcd-0.6b,0.4899598393574297,0.3729508196721312
talklife,local_rlcd-0.6b,0.4979919678714859,0.36693548387096775
talklife,local_rlcd-0.6b,0.5060240963855421,0.3611111111111111
talklife,local_rlcd-0.6b,0.5140562248995983,0.36328125
talklife,local_rlcd-0.6b,0.5220883534136547,0.3576923076923077
talklife,local_rlcd-0.6b,0.5301204819277109,0.35984848484848486
talklife,local_rlcd-0.6b,0.5381526104417671,0.3582089552238806
talklife,local_rlcd-0.6b,0.5461847389558233,0.35661764705882354
talklife,local_rlcd-0.6b,0.5542168674698795,0.358695652173913
talklife,local_rlcd-0.6b,0.5622489959839357,0.35714285714285715
talklife,local_rlcd-0.6b,0.570281124497992,0.352112676056338
talklife,local_rlcd-0.6b,0.5783132530120482,0.3506944444444444
talklife,local_rlcd-0.6b,0.5863453815261044,0.3493150684931507
talklife,local_rlcd-0.6b,0.5943775100401606,0.34459459459459457
talklife,local_rlcd-0.6b,0.6024096385542169,0.3433333333333333
talklife,local_rlcd-0.6b,0.6104417670682731,0.34210526315789475
talklife,local_rlcd-0.6b,0.6184738955823293,0.3409090909090909
talklife,local_rlcd-0.6b,0.6265060240963856,0.34615384615384615
talklife,local_rlcd-0.6b,0.6345381526104418,0.34177215189873417
talklife,local_rlcd-0.6b,0.642570281124498,0.3375
talklife,local_rlcd-0.6b,0.6506024096385542,0.33641975308641975
talklife,local_rlcd-0.6b,0.6586345381526104,0.3353658536585366
talklife,local_rlcd-0.6b,0.6666666666666666,0.3373493975903614
talklife,local_rlcd-0.6b,0.6746987951807228,0.3392857142857143
talklife,local_rlcd-0.6b,0.6827309236947792,0.3382352941176471
talklife,local_rlcd-0.6b,0.6907630522088354,0.33430232558139533
talklife,local_rlcd-0.6b,0.6987951807228916,0.3333333333333333
talklife,local_rlcd-0.6b,0.7068273092369478,0.33238636363636365
talklife,local_rlcd-0.6b,0.714859437751004,0.3342696629213483
talklife,local_rlcd-0.6b,0.7228915662650602,0.33611111111111114
talklife,local_rlcd-0.6b,0.7309236947791165,0.33791208791208793
talklife,local_rlcd-0.6b,0.7389558232931727,0.33967391304347827
talklife,local_rlcd-0.6b,0.7469879518072289,0.34139784946236557
talklife,local_rlcd-0.6b,0.7550200803212851,0.3404255319148936
talklife,local_rlcd-0.6b,0.7630522088353414,0.3394736842105263
talklife,local_rlcd-0.6b,0.7710843373493976,0.3385416666666667
talklife,local_rlcd-0.6b,0.7791164658634538,0.33762886597938147
talklife,local_rlcd-0.6b,0.7871485943775101,0.336734693877551
talklife,local_rlcd-0.6b,0.7951807228915663,0.3434343434343434
talklife,local_rlcd-0.6b,0.8032128514056225,0.345
talklife,local_rlcd-0.6b,0.8112449799196787,0.3415841584158416
talklife,local_rlcd-0.6b,0.8192771084337349,0.34068627450980393
talklife,local_rlcd-0.6b,0.8273092369477911,0.3422330097087379
talklife,local_rlcd-0.6b,0.8353413654618473,0.34375
talklife,local_rlcd-0.6b,0.8433734939759037,0.34285714285714286
talklife,local_rlcd-0.6b,0.8514056224899599,0.3490566037735849
talklife,local_rlcd-0.6b,0.8594377510040161,0.34579439252336447
talklife,local_rlcd-0.6b,0.8674698795180723,0.3449074074074074
talklife,local_rlcd-0.6b,0.8755020080321285,0.3440366972477064
talklife,local_rlcd-0.6b,0.8835341365461847,0.3477272727272727
talklife,local_rlcd-0.6b,0.891566265060241,0.34684684684684686
talklife,local_rlcd-0.6b,0.8995983935742972,0.34375
talklife,local_rlcd-0.6b,0.9076305220883534,0.3473451327433628
talklife,local_rlcd-0.6b,0.9156626506024096,0.34649122807017546
talklife,local_rlcd-0.6b,0.9236947791164659,0.35
talklife,local_rlcd-0.6b,0.9317269076305221,0.34698275862068967
talklife,local_rlcd-0.6b,0.9397590361445783,0.34615384615384615
talklife,local_rlcd-0.6b,0.9477911646586346,0.3474576271186441
talklife,local_rlcd-0.6b,0.9558232931726908,0.35084033613445376
talklife,local_rlcd-0.6b,0.963855421686747,0.35208333333333336
talklife,local_rlcd-0.6b,0.9718875502008032,0.3574380165289256
talklife,local_rlcd-0.6b,0.9799196787148594,0.35655737704918034
talklife,local_rlcd-0.6b,0.9879518072289156,0.3556910569105691
talklife,local_rlcd-0.6b,0.9959839357429718,0.35685483870967744
talklife,local_rlcd-0.6b,1.0,0.357429718875502
tempowic,google_gemini-3.8-flash,0.00872093023255814,1.0
tempowic,google_gemini-3.8-flash,0.01744186046511628,1.0
tempowic,google_gemini-3.8-flash,0.02616279069767442,1.0
tempowic,google_gemini-3.8-flash,0.03488372093023256,1.0
tempowic,google_gemini-3.8-flash,0.0436046511627907,1.0
tempowic,google_gemini-3.8-flash,0.05232558139534884,1.0
tempowic,google_gemini-3.8-flash,0.061046511627906974,0.9523809523809523
tempowic,google_gemini-3.8-flash,0.06976744186046512,0.9583333333333334
tempowic,google_gemini-3.8-flash,0.07848837209302326,0.9629629629629629
tempowic,google_gemini-3.8-flash,0.0872093023255814,0.9333333333333333
tempowic,google_gemini-3.8-flash,0.09593023255813954,0.9090909090909091
tempowic,google_gemini-3.8-flash,0.10465116279069768,0.9166666666666666
tempowic,google_gemini-3.8-flash,0.11337209302325581,0.9230769230769231
tempowic,google_gemini-3.8-flash,0.12209302325581395,0.9285714285714286
tempowic,google_gemini-3.8-flash,0.1308139534883721,0.9111111111111111
tempowic,google_gemini-3.8-flash,0.13953488372093023,0.9166666666666666
tempowic,google_gemini-3.8-flash,0.14825581395348839,0.9019607843137255
tempowic,google_gemini-3.8-flash,0.1569767441860465,0.9074074074074074
tempowic,google_gemini-3.8-flash,0.16569767441860464,0.9122807017543859
tempowic,google_gemini-3.8-flash,0.1744186046511628,0.9166666666666666
tempowic,google_gemini-3.8-flash,0.18313953488372092,0.9047619047619048
tempowic,google_gemini-3.8-flash,0.19186046511627908,0.9090909090909091
tempowic,google_gemini-3.8-flash,0.2005813953488372,0.8985507246376812
tempowic,google_gemini-3.8-flash,0.20930232558139536,0.9027777777777778
tempowic,google_gemini-3.8-flash,0.2180232558139535,0.8933333333333333
tempowic,google_gemini-3.8-flash,0.22674418604651161,0.8974358974358975
tempowic,google_gemini-3.8-flash,0.23546511627906977,0.9012345679012346
tempowic,google_gemini-3.8-flash,0.2441860465116279,0.8928571428571429
tempowic,google_gemini-3.8-flash,0.25290697674418605,0.896551724137931
tempowic,google_gemini-3.8-flash,0.2616279069767442,0.9
tempowic,google_gemini-3.8-flash,0.2703488372093023,0.9032258064516129
tempowic,google_gemini-3.8-flash,0.27906976744186046,0.90625
tempowic,google_gemini-3.8-flash,0.2877906976744186,0.9090909090909091
tempowic,google_gemini-3.8-flash,0.29651162790697677,0.9019607843137255
tempowic,google_gemini-3.8-flash,0.30523255813953487,0.9047619047619048
tempowic,google_gemini-3.8-flash,0.313953488372093,0.9074074074074074
tempowic,google_gemini-3.8-flash,0.3226744186046512,0.9099099099099099
tempowic,google_gemini-3.8-flash,0.3313953488372093,0.9122807017543859
tempowic,google_gemini-3.8-flash,0.34011627906976744,0.9145299145299145
tempowic,google_gemini-3.8-flash,0.3488372093023256,0.9166666666666666
tempowic,google_gemini-3.8-flash,0.35755813953488375,0.9186991869918699
tempowic,google_gemini-3.8-flash,0.36627906976744184,0.9206349206349206
tempowic,google_gemini-3.8-flash,0.375,0.9224806201550387
tempowic,google_gemini-3.8-flash,0.38372093023255816,0.9242424242424242
tempowic,google_gemini-3.8-flash,0.39244186046511625,0.9259259259259259
tempowic,google_gemini-3.8-flash,0.4011627906976744,0.927536231884058
tempowic,google_gemini-3.8-flash,0.40988372093023256,0.9290780141843972
tempowic,google_gemini-3.8-flash,0.4186046511627907,0.9305555555555556
tempowic,google_gemini-3.8-flash,0.4273255813953488,0.9319727891156463
tempowic,google_gemini-3.8-flash,0.436046511627907,0.9333333333333333
tempowic,google_gemini-3.8-flash,0.44476744186046513,0.9281045751633987
tempowic,google_gemini-3.8-flash,0.45348837209302323,0.9294871794871795
tempowic,google_gemini-3.8-flash,0.4622093023255814,0.9308176100628931
tempowic,google_gemini-3.8-flash,0.47093023255813954,0.9259259259259259
tempowic,google_gemini-3.8-flash,0.4796511627906977,0.9272727272727272
tempowic,google_gemini-3.8-flash,0.4883720930232558,0.9285714285714286
tempowic,google_gemini-3.8-flash,0.49709302325581395,0.9298245614035088
tempowic,google_gemini-3.8-flash,0.5058139534883721,0.9252873563218391
tempowic,google_gemini-3.8-flash,0.5145348837209303,0.9265536723163842
tempowic,google_gemini-3.8-flash,0.5232558139534884,0.9277777777777778
tempowic,google_gemini-3.8-flash,0.5319767441860465,0.9289617486338798
tempowic,google_gemini-3.8-flash,0.5406976744186046,0.9301075268817204
tempowic,google_gemini-3.8-flash,0.5494186046511628,0.9206349206349206
tempowic,google_gemini-3.8-flash,0.5581395348837209,0.9166666666666666
tempowic,google_gemini-3.8-flash,0.5668604651162791,0.9128205128205128
tempowic,google_gemini-3.8-flash,0.5755813953488372,0.9141414141414141
tempowic,google_gemini-3.8-flash,0.5843023255813954,0.9104477611940298
tempowic,google_gemini-3.8-flash,0.5930232558139535,0.9068627450980392
tempowic,google_gemini-3.8-flash,0.6017441860465116,0.9082125603864735
tempowic,google_gemini-3.8-flash,0.6104651162790697,0.9095238095238095
tempowic,google_gemini-3.8-flash,0.6191860465116279,0.9061032863849765
tempowic,google_gemini-3.8-flash,0.627906976744186,0.9027777777777778
tempowic,google_gemini-3.8-flash,0.6366279069767442,0.8995433789954338
tempowic,google_gemini-3.8-flash,0.6453488372093024,0.8963963963963963
tempowic,google_gemini-3.8-flash,0.6540697674418605,0.8933333333333333
tempowic,google_gemini-3.8-flash,0.6627906976744186,0.8947368421052632
tempowic,google_gemini-3.8-flash,0.6715116279069767,0.8917748917748918
tempowic,google_gemini-3.8-flash,0.6802325581395349,0.8931623931623932
tempowic,google_gemini-3.8-flash,0.688953488372093,0.890295358649789
tempowic,google_gemini-3.8-flash,0.6976744186046512,0.8916666666666667
tempowic,google_gemini-3.8-flash,0.7063953488372093,0.8930041152263375
tempowic,google_gemini-3.8-flash,0.7151162790697675,0.8943089430894309
tempowic,google_gemini-3.8-flash,0.7238372093023255,0.8955823293172691
tempowic,google_gemini-3.8-flash,0.7325581395348837,0.8928571428571429
tempowic,google_gemini-3.8-flash,0.7412790697674418,0.8901960784313725
tempowic,google_gemini-3.8-flash,0.75,0.8875968992248062
tempowic,google_gemini-3.8-flash,0.7587209302325582,0.8888888888888888
tempowic,google_gemini-3.8-flash,0.7674418604651163,0.8901515151515151
tempowic,google_gemini-3.8-flash,0.7761627906976745,0.8913857677902621
tempowic,google_gemini-3.8-flash,0.7848837209302325,0.8888888888888888
tempowic,google_gemini-3.8-flash,0.7936046511627907,0.8901098901098901
tempowic,google_gemini-3.8-flash,0.8023255813953488,0.8913043478260869
tempowic,google_gemini-3.8-flash,0.811046511627907,0.8888888888888888
tempowic,google_gemini-3.8-flash,0.8197674418604651,0.8865248226950354
tempowic,google_gemini-3.8-flash,0.8284883720930233,0.887719298245614
tempowic,google_gemini-3.8-flash,0.8372093023255814,0.8854166666666666
tempowic,google_gemini-3.8-flash,0.8459302325581395,0.8865979381443299
tempowic,google_gemini-3.8-flash,0.8546511627906976,0.8843537414965986
tempowic,google_gemini-3.8-flash,0.8633720930232558,0.8855218855218855
tempowic,google_gemini-3.8-flash,0.872093023255814,0.8833333333333333
tempowic,google_gemini-3.8-flash,0.8808139534883721,0.8811881188118812
tempowic,google_gemini-3.8-flash,0.8895348837209303,0.8790849673202614
tempowic,google_gemini-3.8-flash,0.8982558139534884,0.8802588996763754
tempowic,google_gemini-3.8-flash,0.9069767441860465,0.8782051282051282
tempowic,google_gemini-3.8-flash,0.9156976744186046,0.873015873015873
tempowic,google_gemini-3.8-flash,0.9244186046511628,0.8710691823899371
tempowic,google_gemini-3.8-flash,0.9331395348837209,0.8722741433021807
tempowic,google_gemini-3.8-flash,0.9418604651162791,0.8703703703703703
tempowic,google_gemini-3.8-flash,0.9505813953488372,0.8685015290519877
tempowic,google_gemini-3.8-flash,0.9593023255813954,0.8636363636363636
tempowic,google_gemini-3.8-flash,0.9680232558139535,0.8588588588588588
tempowic,google_gemini-3.8-flash,0.9767441860465116,0.8541666666666666
tempowic,google_gemini-3.8-flash,0.9854651162790697,0.8525073746312685
tempowic,google_gemini-3.8-flash,0.9941860465116279,0.847953216374269
tempowic,google_gemini-3.8-flash,1.0,0.8488372093023255
tempowic,jev,0.00872093023255814,1.0
tempowic,jev,0.01744186046511628,1.0
tempowic,jev,0.02616279069767442,1.0
tempowic,jev,0.03488372093023256,0.9166666666666666
tempowic,jev,0.0436046511627907,0.9333333333333333
tempowic,jev,0.05232558139534884,0.9444444444444444
tempowic,jev,0.061046511627906974,0.9523809523809523
tempowic,jev,0.06976744186046512,0.9583333333333334
tempowic,jev,0.07848837209302326,0.9259259259259259
tempowic,jev,0.0872093023255814,0.9333333333333333
tempowic,jev,0.09593023255813954,0.9090909090909091
tempowic,jev,0.10465116279069768,0.9166666666666666
tempowic,jev,0.11337209302325581,0.9230769230769231
tempowic,jev,0.12209302325581395,0.9285714285714286
tempowic,jev,0.1308139534883721,0.9333333333333333
tempowic,jev,0.13953488372093023,0.9375
tempowic,jev,0.14825581395348839,0.9215686274509803
tempowic,jev,0.1569767441860465,0.9074074074074074
tempowic,jev,0.16569767441860464,0.9122807017543859
tempowic,jev,0.1744186046511628,0.9166666666666666
tempowic,jev,0.18313953488372092,0.9206349206349206
tempowic,jev,0.19186046511627908,0.9242424242424242
tempowic,jev,0.2005813953488372,0.927536231884058
tempowic,jev,0.20930232558139536,0.9166666666666666
tempowic,jev,0.2180232558139535,0.9066666666666666
tempowic,jev,0.22674418604651161,0.9102564102564102
tempowic,jev,0.23546511627906977,0.9135802469135802
tempowic,jev,0.2441860465116279,0.9047619047619048
tempowic,jev,0.25290697674418605,0.896551724137931
tempowic,jev,0.2616279069767442,0.8888888888888888
tempowic,jev,0.2703488372093023,0.8817204301075269
tempowic,jev,0.27906976744186046,0.875
tempowic,jev,0.2877906976744186,0.8686868686868687
tempowic,jev,0.29651162790697677,0.8627450980392157
tempowic,jev,0.30523255813953487,0.8666666666666667
tempowic,jev,0.313953488372093,0.8703703703703703
tempowic,jev,0.3226744186046512,0.8738738738738738
tempowic,jev,0.3313953488372093,0.8771929824561403
tempowic,jev,0.34011627906976744,0.8803418803418803
tempowic,jev,0.3488372093023256,0.875
tempowic,jev,0.35755813953488375,0.8699186991869918
tempowic,jev,0.36627906976744184,0.8571428571428571
tempowic,jev,0.375,0.8527131782945736
tempowic,jev,0.38372093023255816,0.8484848484848485
tempowic,jev,0.39244186046511625,0.8444444444444444
tempowic,jev,0.4011627906976744,0.8333333333333334
tempowic,jev,0.40988372093023256,0.8226950354609929
tempowic,jev,0.4186046511627907,0.8125
tempowic,jev,0.4273255813953488,0.8163265306122449
tempowic,jev,0.436046511627907,0.82
tempowic,jev,0.44476744186046513,0.8169934640522876
tempowic,jev,0.45348837209302323,0.8141025641025641
tempowic,jev,0.4622093023255814,0.8050314465408805
tempowic,jev,0.47093023255813954,0.7962962962962963
tempowic,jev,0.4796511627906977,0.7818181818181819
tempowic,jev,0.4883720930232558,0.7857142857142857
tempowic,jev,0.49709302325581395,0.7894736842105263
tempowic,jev,0.5058139534883721,0.7816091954022989
tempowic,jev,0.5145348837209303,0.7853107344632768
tempowic,jev,0.5232558139534884,0.7888888888888889
tempowic,jev,0.5319767441860465,0.7759562841530054
tempowic,jev,0.5406976744186046,0.7688172043010753
tempowic,jev,0.5494186046511628,0.7671957671957672
tempowic,jev,0.5581395348837209,0.7708333333333334
tempowic,jev,0.5668604651162791,0.7692307692307693
tempowic,jev,0.5755813953488372,0.7727272727272727
tempowic,jev,0.5843023255813954,0.7711442786069652
tempowic,jev,0.5930232558139535,0.7696078431372549
tempowic,jev,0.6017441860465116,0.7681159420289855
tempowic,jev,0.6104651162790697,0.7619047619047619
tempowic,jev,0.6191860465116279,0.7652582159624414
tempowic,jev,0.627906976744186,0.7638888888888888
tempowic,jev,0.6366279069767442,0.7579908675799086
tempowic,jev,0.6453488372093024,0.7567567567567568
tempowic,jev,0.6540697674418605,0.7555555555555555
tempowic,jev,0.6627906976744186,0.7543859649122807
tempowic,jev,0.6715116279069767,0.7445887445887446
tempowic,jev,0.6802325581395349,0.7393162393162394
tempowic,jev,0.688953488372093,0.7383966244725738
tempowic,jev,0.6976744186046512,0.7375
tempowic,jev,0.7063953488372093,0.7283950617283951
tempowic,jev,0.7151162790697675,0.7276422764227642
tempowic,jev,0.7238372093023255,0.7309236947791165
tempowic,jev,0.7325581395348837,0.7301587301587301
tempowic,jev,0.7412790697674418,0.7294117647058823
tempowic,jev,0.75,0.7248062015503876
tempowic,jev,0.7587209302325582,0.7279693486590039
tempowic,jev,0.7674418604651163,0.7272727272727273
tempowic,jev,0.7761627906976745,0.7228464419475655
tempowic,jev,0.7848837209302325,0.7185185185185186
tempowic,jev,0.7936046511627907,0.717948717948718
tempowic,jev,0.8023255813953488,0.7137681159420289
tempowic,jev,0.811046511627907,0.7132616487455197
tempowic,jev,0.8197674418604651,0.7092198581560284
tempowic,jev,0.8284883720930233,0.7052631578947368
tempowic,jev,0.8372093023255814,0.7048611111111112
tempowic,jev,0.8459302325581395,0.697594501718213
tempowic,jev,0.8546511627906976,0.7006802721088435
tempowic,jev,0.8633720930232558,0.696969696969697
tempowic,jev,0.872093023255814,0.6966666666666667
tempowic,jev,0.8808139534883721,0.693069306930693
tempowic,jev,0.8895348837209303,0.696078431372549
tempowic,jev,0.8982558139534884,0.6990291262135923
tempowic,jev,0.9069767441860465,0.6987179487179487
tempowic,jev,0.9156976744186046,0.6952380952380952
tempowic,jev,0.9244186046511628,0.6949685534591195
tempowic,jev,0.9331395348837209,0.6978193146417445
tempowic,jev,0.9418604651162791,0.691358024691358
tempowic,jev,0.9505813953488372,0.6880733944954128
tempowic,jev,0.9593023255813954,0.6909090909090909
tempowic,jev,0.9680232558139535,0.6906906906906907
tempowic,jev,0.9767441860465116,0.6904761904761905
tempowic,jev,0.9854651162790697,0.6902654867256637
tempowic,jev,0.9941860465116279,0.6871345029239766
tempowic,jev,1.0,0.686046511627907
tempowic,local_rlcd-0.6b,0.00872093023255814,0.3333333333333333
tempowic,local_rlcd-0.6b,0.01744186046511628,0.3333333333333333
tempowic,local_rlcd-0.6b,0.02616279069767442,0.4444444444444444
tempowic,local_rlcd-0.6b,0.03488372093023256,0.4166666666666667
tempowic,local_rlcd-0.6b,0.0436046511627907,0.4666666666666667
tempowic,local_rlcd-0.6b,0.05232558139534884,0.5
tempowic,local_rlcd-0.6b,0.061046511627906974,0.5238095238095238
tempowic,local_rlcd-0.6b,0.06976744186046512,0.5416666666666666
tempowic,local_rlcd-0.6b,0.07848837209302326,0.48148148148148145
tempowic,local_rlcd-0.6b,0.0872093023255814,0.5
tempowic,local_rlcd-0.6b,0.09593023255813954,0.48484848484848486
tempowic,local_rlcd-0.6b,0.10465116279069768,0.4722222222222222
tempowic,local_rlcd-0.6b,0.11337209302325581,0.46153846153846156
tempowic,local_rlcd-0.6b,0.12209302325581395,0.4523809523809524
tempowic,local_rlcd-0.6b,0.1308139534883721,0.4444444444444444
tempowic,local_rlcd-0.6b,0.13953488372093023,0.4375
tempowic,local_rlcd-0.6b,0.14825581395348839,0.43137254901960786
tempowic,local_rlcd-0.6b,0.1569767441860465,0.42592592592592593
tempowic,local_rlcd-0.6b,0.16569767441860464,0.43859649122807015
tempowic,local_rlcd-0.6b,0.1744186046511628,0.43333333333333335
tempowic,local_rlcd-0.6b,0.18313953488372092,0.4444444444444444
tempowic,local_rlcd-0.6b,0.19186046511627908,0.45454545454545453
tempowic,local_rlcd-0.6b,0.2005813953488372,0.463768115942029
tempowic,local_rlcd-0.6b,0.20930232558139536,0.4861111111111111
tempowic,local_rlcd-0.6b,0.2180232558139535,0.48
tempowic,local_rlcd-0.6b,0.22674418604651161,0.47435897435897434
tempowic,local_rlcd-0.6b,0.23546511627906977,0.4691358024691358
tempowic,local_rlcd-0.6b,0.2441860465116279,0.47619047619047616
tempowic,local_rlcd-0.6b,0.25290697674418605,0.4827586206896552
tempowic,local_rlcd-0.6b,0.2616279069767442,0.4777777777777778
tempowic,local_rlcd-0.6b,0.2703488372093023,0.4731182795698925
tempowic,local_rlcd-0.6b,0.27906976744186046,0.46875
tempowic,local_rlcd-0.6b,0.2877906976744186,0.48484848484848486
tempowic,local_rlcd-0.6b,0.29651162790697677,0.49019607843137253
tempowic,local_rlcd-0.6b,0.30523255813953487,0.49523809523809526
tempowic,local_rlcd-0.6b,0.313953488372093,0.48148148148148145
tempowic,local_rlcd-0.6b,0.3226744186046512,0.46846846846846846
tempowic,local_rlcd-0.6b,0.3313953488372093,0.4824561403508772
tempowic,local_rlcd-0.6b,0.34011627906976744,0.48717948717948717
tempowic,local_rlcd-0.6b,0.3488372093023256,0.48333333333333334
tempowic,local_rlcd-0.6b,0.35755813953488375,0.4796747967479675
tempowic,local_rlcd-0.6b,0.36627906976744184,0.47619047619047616
tempowic,local_rlcd-0.6b,0.375,0.4728682170542636
tempowic,local_rlcd-0.6b,0.38372093023255816,0.4696969696969697
tempowic,local_rlcd-0.6b,0.39244186046511625,0.4740740740740741
tempowic,local_rlcd-0.6b,0.4011627906976744,0.4782608695652174
tempowic,local_rlcd-0.6b,0.40988372093023256,0.475177304964539
tempowic,local_rlcd-0.6b,0.4186046511627907,0.4861111111111111
tempowic,local_rlcd-0.6b,0.4273255813953488,0.48299319727891155
tempowic,local_rlcd-0.6b,0.436046511627907,0.4866666666666667
tempowic,local_rlcd-0.6b,0.44476744186046513,0.49019607843137253
tempowic,local_rlcd-0.6b,0.45348837209302323,0.4935897435897436
tempowic,local_rlcd-0.6b,0.4622093023255814,0.5031446540880503
tempowic,local_rlcd-0.6b,0.47093023255813954,0.49382716049382713
tempowic,local_rlcd-0.6b,0.4796511627906977,0.4909090909090909
tempowic,local_rlcd-0.6b,0.4883720930232558,0.48214285714285715
tempowic,local_rlcd-0.6b,0.49709302325581395,0.47953216374269003
tempowic,local_rlcd-0.6b,0.5058139534883721,0.47126436781609193
tempowic,local_rlcd-0.6b,0.5145348837209303,0.4689265536723164
tempowic,local_rlcd-0.6b,0.5232558139534884,0.4777777777777778
tempowic,local_rlcd-0.6b,0.5319767441860465,0.47540983606557374
tempowic,local_rlcd-0.6b,0.5406976744186046,0.4731182795698925
tempowic,local_rlcd-0.6b,0.5494186046511628,0.47619047619047616
tempowic,local_rlcd-0.6b,0.5581395348837209,0.4791666666666667
tempowic,local_rlcd-0.6b,0.5668604651162791,0.47692307692307695
tempowic,local_rlcd-0.6b,0.5755813953488372,0.4797979797979798
tempowic,local_rlcd-0.6b,0.5843023255813954,0.47761194029850745
tempowic,local_rlcd-0.6b,0.5930232558139535,0.47549019607843135
tempowic,local_rlcd-0.6b,0.6017441860465116,0.4782608695652174
tempowic,local_rlcd-0.6b,0.6104651162790697,0.48095238095238096
tempowic,local_rlcd-0.6b,0.6191860465116279,0.47417840375586856
tempowic,local_rlcd-0.6b,0.627906976744186,0.48148148148148145
tempowic,local_rlcd-0.6b,0.6366279069767442,0.4794520547945205
tempowic,local_rlcd-0.6b,0.6453488372093024,0.481981981981982
tempowic,local_rlcd-0.6b,0.6540697674418605,0.48444444444444446
tempowic,local_rlcd-0.6b,0.6627906976744186,0.4824561403508772
tempowic,local_rlcd-0.6b,0.6715116279069767,0.48917748917748916
tempowic,local_rlcd-0.6b,0.6802325581395349,0.49145299145299143
tempowic,local_rlcd-0.6b,0.688953488372093,0.48945147679324896
tempowic,local_rlcd-0.6b,0.6976744186046512,0.49166666666666664
tempowic,local_rlcd-0.6b,0.7063953488372093,0.4897119341563786
tempowic,local_rlcd-0.6b,0.7151162790697675,0.4878048780487805
tempowic,local_rlcd-0.6b,0.7238372093023255,0.4899598393574297
tempowic,local_rlcd-0.6b,0.7325581395348837,0.49206349206349204
tempowic,local_rlcd-0.6b,0.7412790697674418,0.49411764705882355
tempowic,local_rlcd-0.6b,0.75,0.49224806201550386
tempowic,local_rlcd-0.6b,0.7587209302325582,0.4942528735632184
tempowic,local_rlcd-0.6b,0.7674418604651163,0.4962121212121212
tempowic,local_rlcd-0.6b,0.7761627906976745,0.49063670411985016
tempowic,local_rlcd-0.6b,0.7848837209302325,0.4888888888888889
tempowic,local_rlcd-0.6b,0.7936046511627907,0.4945054945054945
tempowic,local_rlcd-0.6b,0.8023255813953488,0.4963768115942029
tempowic,local_rlcd-0.6b,0.811046511627907,0.4910394265232975
tempowic,local_rlcd-0.6b,0.8197674418604651,0.48936170212765956
tempowic,local_rlcd-0.6b,0.8284883720930233,0.48771929824561405
tempowic,local_rlcd-0.6b,0.8372093023255814,0.4861111111111111
tempowic,local_rlcd-0.6b,0.8459302325581395,0.4845360824742268
tempowic,local_rlcd-0.6b,0.8546511627906976,0.48639455782312924
tempowic,local_rlcd-0.6b,0.8633720930232558,0.49158249158249157
tempowic,local_rlcd-0.6b,0.872093023255814,0.49333333333333335
tempowic,local_rlcd-0.6b,0.8808139534883721,0.49174917491749176
tempowic,local_rlcd-0.6b,0.8895348837209303,0.49019607843137253
tempowic,local_rlcd-0.6b,0.8982558139534884,0.4886731391585761
tempowic,local_rlcd-0.6b,0.9069767441860465,0.48717948717948717
tempowic,local_rlcd-0.6b,0.9156976744186046,0.4857142857142857
tempowic,local_rlcd-0.6b,0.9244186046511628,0.48427672955974843
tempowic,local_rlcd-0.6b,0.9331395348837209,0.48598130841121495
tempowic,local_rlcd-0.6b,0.9418604651162791,0.49074074074074076
tempowic,local_rlcd-0.6b,0.9505813953488372,0.4892966360856269
tempowic,local_rlcd-0.6b,0.9593023255813954,0.48484848484848486
tempowic,local_rlcd-0.6b,0.9680232558139535,0.48348348348348347
tempowic,local_rlcd-0.6b,0.9767441860465116,0.4880952380952381
tempowic,local_rlcd-0.6b,0.9854651162790697,0.48672566371681414
tempowic,local_rlcd-0.6b,0.9941860465116279,0.49122807017543857
tempowic,local_rlcd-0.6b,1.0,0.4883720930232558
tropes,google_gemini-3.8-flash,0.009523809523809525,1.0
tropes,google_gemini-3.8-flash,0.01904761904761905,0.5
tropes,google_gemini-3.8-flash,0.02857142857142857,0.6666666666666666
tropes,google_gemini-3.8-flash,0.0380952380952381,0.5
tropes,google_gemini-3.8-flash,0.047619047619047616,0.6
tropes,google_gemini-3.8-flash,0.05714285714285714,0.6666666666666666
tropes,google_gemini-3.8-flash,0.06666666666666667,0.7142857142857143
tropes,google_gemini-3.8-flash,0.0761904761904762,0.75
tropes,google_gemini-3.8-flash,0.08571428571428572,0.7777777777777778
tropes,google_gemini-3.8-flash,0.09523809523809523,0.7
tropes,google_gemini-3.8-flash,0.10476190476190476,0.6363636363636364
tropes,google_gemini-3.8-flash,0.11428571428571428,0.6666666666666666
tropes,google_gemini-3.8-flash,0.12380952380952381,0.6923076923076923
tropes,google_gemini-3.8-flash,0.13333333333333333,0.6428571428571429
tropes,google_gemini-3.8-flash,0.14285714285714285,0.6666666666666666
tropes,google_gemini-3.8-flash,0.1523809523809524,0.6875
tropes,google_gemini-3.8-flash,0.1619047619047619,0.7058823529411765
tropes,google_gemini-3.8-flash,0.17142857142857143,0.6666666666666666
tropes,google_gemini-3.8-flash,0.18095238095238095,0.6842105263157895
tropes,google_gemini-3.8-flash,0.19047619047619047,0.65
tropes,google_gemini-3.8-flash,0.2,0.6190476190476191
tropes,google_gemini-3.8-flash,0.20952380952380953,0.5909090909090909
tropes,google_gemini-3.8-flash,0.21904761904761905,0.6086956521739131
tropes,google_gemini-3.8-flash,0.22857142857142856,0.5833333333333334
tropes,google_gemini-3.8-flash,0.23809523809523808,0.6
tropes,google_gemini-3.8-flash,0.24761904761904763,0.6153846153846154
tropes,google_gemini-3.8-flash,0.2571428571428571,0.5925925925925926
tropes,google_gemini-3.8-flash,0.26666666666666666,0.5714285714285714
tropes,google_gemini-3.8-flash,0.2761904761904762,0.5862068965517241
tropes,google_gemini-3.8-flash,0.2857142857142857,0.6
tropes,google_gemini-3.8-flash,0.29523809523809524,0.6129032258064516
tropes,google_gemini-3.8-flash,0.3047619047619048,0.625
tropes,google_gemini-3.8-flash,0.3142857142857143,0.6060606060606061
tropes,google_gemini-3.8-flash,0.3238095238095238,0.5882352941176471
tropes,google_gemini-3.8-flash,0.3333333333333333,0.6
tropes,google_gemini-3.8-flash,0.34285714285714286,0.5833333333333334
tropes,google_gemini-3.8-flash,0.3523809523809524,0.5675675675675675
tropes,google_gemini-3.8-flash,0.3619047619047619,0.5526315789473685
tropes,google_gemini-3.8-flash,0.37142857142857144,0.5384615384615384
tropes,google_gemini-3.8-flash,0.38095238095238093,0.525
tropes,google_gemini-3.8-flash,0.3904761904761905,0.5365853658536586
tropes,google_gemini-3.8-flash,0.4,0.5238095238095238
tropes,google_gemini-3.8-flash,0.4095238095238095,0.5116279069767442
tropes,google_gemini-3.8-flash,0.41904761904761906,0.5227272727272727
tropes,google_gemini-3.8-flash,0.42857142857142855,0.5111111111111111
tropes,google_gemini-3.8-flash,0.4380952380952381,0.5
tropes,google_gemini-3.8-flash,0.44761904761904764,0.48936170212765956
tropes,google_gemini-3.8-flash,0.45714285714285713,0.4791666666666667
tropes,google_gemini-3.8-flash,0.4666666666666667,0.46938775510204084
tropes,google_gemini-3.8-flash,0.47619047619047616,0.46
tropes,google_gemini-3.8-flash,0.4857142857142857,0.47058823529411764
tropes,google_gemini-3.8-flash,0.49523809523809526,0.4807692307692308
tropes,google_gemini-3.8-flash,0.5047619047619047,0.49056603773584906
tropes,google_gemini-3.8-flash,0.5142857142857142,0.48148148148148145
tropes,google_gemini-3.8-flash,0.5238095238095238,0.4727272727272727
tropes,google_gemini-3.8-flash,0.5333333333333333,0.4642857142857143
tropes,google_gemini-3.8-flash,0.5428571428571428,0.47368421052631576
tropes,google_gemini-3.8-flash,0.5523809523809524,0.46551724137931033
tropes,google_gemini-3.8-flash,0.5619047619047619,0.4745762711864407
tropes,google_gemini-3.8-flash,0.5714285714285714,0.4666666666666667
tropes,google_gemini-3.8-flash,0.580952380952381,0.45901639344262296
tropes,google_gemini-3.8-flash,0.5904761904761905,0.46774193548387094
tropes,google_gemini-3.8-flash,0.6,0.4603174603174603
tropes,google_gemini-3.8-flash,0.6095238095238096,0.453125
tropes,google_gemini-3.8-flash,0.6190476190476191,0.46153846153846156
tropes,google_gemini-3.8-flash,0.6285714285714286,0.45454545454545453
tropes,google_gemini-3.8-flash,0.638095238095238,0.4626865671641791
tropes,google_gemini-3.8-flash,0.6476190476190476,0.45588235294117646
tropes,google_gemini-3.8-flash,0.6571428571428571,0.4492753623188406
tropes,google_gemini-3.8-flash,0.6666666666666666,0.44285714285714284
tropes,google_gemini-3.8-flash,0.6761904761904762,0.43661971830985913
tropes,google_gemini-3.8-flash,0.6857142857142857,0.4305555555555556
tropes,google_gemini-3.8-flash,0.6952380952380952,0.4246575342465753
tropes,google_gemini-3.8-flash,0.7047619047619048,0.43243243243243246
tropes,google_gemini-3.8-flash,0.7142857142857143,0.4266666666666667
tropes,google_gemini-3.8-flash,0.7238095238095238,0.42105263157894735
tropes,google_gemini-3.8-flash,0.7333333333333333,0.4155844155844156
tropes,google_gemini-3.8-flash,0.7428571428571429,0.41025641025641024
tropes,google_gemini-3.8-flash,0.7523809523809524,0.4177215189873418
tropes,google_gemini-3.8-flash,0.7619047619047619,0.4125
tropes,google_gemini-3.8-flash,0.7714285714285715,0.4074074074074074
tropes,google_gemini-3.8-flash,0.780952380952381,0.4024390243902439
tropes,google_gemini-3.8-flash,0.7904761904761904,0.39759036144578314
tropes,google_gemini-3.8-flash,0.8,0.40476190476190477
tropes,google_gemini-3.8-flash,0.8095238095238095,0.4
tropes,google_gemini-3.8-flash,0.819047619047619,0.3953488372093023
tropes,google_gemini-3.8-flash,0.8285714285714286,0.39080459770114945
tropes,google_gemini-3.8-flash,0.8380952380952381,0.38636363636363635
tropes,google_gemini-3.8-flash,0.8476190476190476,0.38202247191011235
tropes,google_gemini-3.8-flash,0.8571428571428571,0.37777777777777777
tropes,google_gemini-3.8-flash,0.8666666666666667,0.37362637362637363
tropes,google_gemini-3.8-flash,0.8761904761904762,0.3695652173913043
tropes,google_gemini-3.8-flash,0.8857142857142857,0.3655913978494624
tropes,google_gemini-3.8-flash,0.8952380952380953,0.3617021276595745
tropes,google_gemini-3.8-flash,0.9047619047619048,0.35789473684210527
tropes,google_gemini-3.8-flash,0.9142857142857143,0.3541666666666667
tropes,google_gemini-3.8-flash,0.9238095238095239,0.35051546391752575
tropes,google_gemini-3.8-flash,0.9333333333333333,0.3469387755102041
tropes,google_gemini-3.8-flash,0.9428571428571428,0.3434343434343434
tropes,google_gemini-3.8-flash,0.9523809523809523,0.34
tropes,google_gemini-3.8-flash,0.9619047619047619,0.33663366336633666
tropes,google_gemini-3.8-flash,0.9714285714285714,0.3333333333333333
tropes,google_gemini-3.8-flash,0.9809523809523809,0.33980582524271846
tropes,google_gemini-3.8-flash,0.9904761904761905,0.33653846153846156
tropes,google_gemini-3.8-flash,1.0,0.3333333333333333
tropes,jev,0.008771929824561403,1.0
tropes,jev,0.017543859649122806,1.0
tropes,jev,0.02631578947368421,1.0
tropes,jev,0.03508771929824561,1.0
tropes,jev,0.043859649122807015,1.0
tropes,jev,0.05263157894736842,1.0
tropes,jev,0.06140350877192982,0.8571428571428571
tropes,jev,0.07017543859649122,0.75
tropes,jev,0.07894736842105263,0.6666666666666666
tropes,jev,0.08771929824561403,0.6
tropes,jev,0.09649122807017543,0.6363636363636364
tropes,jev,0.10526315789473684,0.5833333333333334
tropes,jev,0.11403508771929824,0.6153846153846154
tropes,jev,0.12280701754385964,0.5714285714285714
tropes,jev,0.13157894736842105,0.6
tropes,jev,0.14035087719298245,0.625
tropes,jev,0.14912280701754385,0.5882352941176471
tropes,jev,0.15789473684210525,0.5555555555555556
tropes,jev,0.16666666666666666,0.5789473684210527
tropes,jev,0.17543859649122806,0.55
tropes,jev,0.18421052631578946,0.5238095238095238
tropes,jev,0.19298245614035087,0.5
tropes,jev,0.20175438596491227,0.5217391304347826
tropes,jev,0.21052631578947367,0.5416666666666666
tropes,jev,0.21929824561403508,0.52
tropes,jev,0.22807017543859648,0.5384615384615384
tropes,jev,0.23684210526315788,0.5555555555555556
tropes,jev,0.24561403508771928,0.5714285714285714
tropes,jev,0.2543859649122807,0.5862068965517241
tropes,jev,0.2631578947368421,0.5666666666666667
tropes,jev,0.2719298245614035,0.5806451612903226
tropes,jev,0.2807017543859649,0.59375
tropes,jev,0.2894736842105263,0.6060606060606061
tropes,jev,0.2982456140350877,0.5882352941176471
tropes,jev,0.30701754385964913,0.5714285714285714
tropes,jev,0.3157894736842105,0.5555555555555556
tropes,jev,0.32456140350877194,0.5675675675675675
tropes,jev,0.3333333333333333,0.5526315789473685
tropes,jev,0.34210526315789475,0.5384615384615384
tropes,jev,0.3508771929824561,0.525
tropes,jev,0.35964912280701755,0.5121951219512195
tropes,jev,0.3684210526315789,0.5
tropes,jev,0.37719298245614036,0.4883720930232558
tropes,jev,0.38596491228070173,0.4772727272727273
tropes,jev,0.39473684210526316,0.4666666666666667
tropes,jev,0.40350877192982454,0.45652173913043476
tropes,jev,0.41228070175438597,0.44680851063829785
tropes,jev,0.42105263157894735,0.4375
tropes,jev,0.4298245614035088,0.42857142857142855
tropes,jev,0.43859649122807015,0.44
tropes,jev,0.4473684210526316,0.43137254901960786
tropes,jev,0.45614035087719296,0.4230769230769231
tropes,jev,0.4649122807017544,0.41509433962264153
tropes,jev,0.47368421052631576,0.4074074074074074
tropes,jev,0.4824561403508772,0.4
tropes,jev,0.49122807017543857,0.39285714285714285
tropes,jev,0.5,0.38596491228070173
tropes,jev,0.5087719298245614,0.39655172413793105
tropes,jev,0.5175438596491229,0.3898305084745763
tropes,jev,0.5263157894736842,0.38333333333333336
tropes,jev,0.5350877192982456,0.3770491803278688
tropes,jev,0.543859649122807,0.3709677419354839
tropes,jev,0.5526315789473685,0.36507936507936506
tropes,jev,0.5614035087719298,0.359375
tropes,jev,0.5701754385964912,0.35384615384615387
tropes,jev,0.5789473684210527,0.36363636363636365
tropes,jev,0.5877192982456141,0.3582089552238806
tropes,jev,0.5964912280701754,0.35294117647058826
tropes,jev,0.6052631578947368,0.34782608695652173
tropes,jev,0.6140350877192983,0.34285714285714286
tropes,jev,0.6228070175438597,0.3380281690140845
tropes,jev,0.631578947368421,0.3333333333333333
tropes,jev,0.6403508771929824,0.3287671232876712
tropes,jev,0.6491228070175439,0.32432432432432434
tropes,jev,0.6578947368421053,0.3333333333333333
tropes,jev,0.6666666666666666,0.32894736842105265
tropes,jev,0.6754385964912281,0.3246753246753247
tropes,jev,0.6842105263157895,0.32051282051282054
tropes,jev,0.6929824561403509,0.31645569620253167
tropes,jev,0.7017543859649122,0.3125
tropes,jev,0.7105263157894737,0.30864197530864196
tropes,jev,0.7192982456140351,0.3048780487804878
tropes,jev,0.7280701754385965,0.30120481927710846
tropes,jev,0.7368421052631579,0.2976190476190476
tropes,jev,0.7456140350877193,0.3058823529411765
tropes,jev,0.7543859649122807,0.3023255813953488
tropes,jev,0.7631578947368421,0.2988505747126437
tropes,jev,0.7719298245614035,0.29545454545454547
tropes,jev,0.7807017543859649,0.29213483146067415
tropes,jev,0.7894736842105263,0.28888888888888886
tropes,jev,0.7982456140350878,0.2857142857142857
tropes,jev,0.8070175438596491,0.2826086956521739
tropes,jev,0.8157894736842105,0.27956989247311825
tropes,jev,0.8245614035087719,0.2872340425531915
tropes,jev,0.8333333333333334,0.28421052631578947
tropes,jev,0.8421052631578947,0.28125
tropes,jev,0.8508771929824561,0.27835051546391754
tropes,jev,0.8596491228070176,0.2857142857142857
tropes,jev,0.868421052631579,0.2828282828282828
tropes,jev,0.8771929824561403,0.28
tropes,jev,0.8859649122807017,0.27722772277227725
tropes,jev,0.8947368421052632,0.27450980392156865
tropes,jev,0.9035087719298246,0.27184466019417475
tropes,jev,0.9122807017543859,0.2692307692307692
tropes,jev,0.9210526315789473,0.26666666666666666
tropes,jev,0.9298245614035088,0.2641509433962264
tropes,jev,0.9385964912280702,0.2616822429906542
tropes,jev,0.9473684210526315,0.26851851851851855
tropes,jev,0.956140350877193,0.26605504587155965
tropes,jev,0.9649122807017544,0.2636363636363636
tropes,jev,0.9736842105263158,0.26126126126126126
tropes,jev,0.9824561403508771,0.25892857142857145
tropes,jev,0.9912280701754386,0.25663716814159293
tropes,jev,1.0,0.2543859649122807
wiki_corpus,google_gemini-3.8-flash,0.01,1.0
wiki_corpus,google_gemini-3.8-flash,0.02,1.0
wiki_corpus,google_gemini-3.8-flash,0.03,1.0
wiki_corpus,google_gemini-3.8-flash,0.04,1.0
wiki_corpus,google_gemini-3.8-flash,0.05,1.0
wiki_corpus,google_gemini-3.8-flash,0.06,1.0
wiki_corpus,google_gemini-3.8-flash,0.07,1.0
wiki_corpus,google_gemini-3.8-flash,0.08,1.0
wiki_corpus,google_gemini-3.8-flash,0.09,1.0
wiki_corpus,google_gemini-3.8-flash,0.1,1.0
wiki_corpus,google_gemini-3.8-flash,0.11,0.9818181818181818
wiki_corpus,google_gemini-3.8-flash,0.12,0.9833333333333333
wiki_corpus,google_gemini-3.8-flash,0.13,0.9846153846153847
wiki_corpus,google_gemini-3.8-flash,0.14,0.9857142857142858
wiki_corpus,google_gemini-3.8-flash,0.15,0.9866666666666667
wiki_corpus,google_gemini-3.8-flash,0.16,0.9875
wiki_corpus,google_gemini-3.8-flash,0.17,0.9882352941176471
wiki_corpus,google_gemini-3.8-flash,0.18,0.9888888888888889
wiki_corpus,google_gemini-3.8-flash,0.19,0.9789473684210527
wiki_corpus,google_gemini-3.8-flash,0.2,0.98
wiki_corpus,google_gemini-3.8-flash,0.21,0.9809523809523809
wiki_corpus,google_gemini-3.8-flash,0.22,0.9818181818181818
wiki_corpus,google_gemini-3.8-flash,0.23,0.9826086956521739
wiki_corpus,google_gemini-3.8-flash,0.24,0.9833333333333333
wiki_corpus,google_gemini-3.8-flash,0.25,0.976
wiki_corpus,google_gemini-3.8-flash,0.26,0.9538461538461539
wiki_corpus,google_gemini-3.8-flash,0.27,0.9481481481481482
wiki_corpus,google_gemini-3.8-flash,0.28,0.9428571428571428
wiki_corpus,google_gemini-3.8-flash,0.29,0.9310344827586207
wiki_corpus,google_gemini-3.8-flash,0.3,0.92
wiki_corpus,google_gemini-3.8-flash,0.31,0.9096774193548387
wiki_corpus,google_gemini-3.8-flash,0.32,0.9
wiki_corpus,google_gemini-3.8-flash,0.33,0.8909090909090909
wiki_corpus,google_gemini-3.8-flash,0.34,0.8823529411764706
wiki_corpus,google_gemini-3.8-flash,0.35,0.88
wiki_corpus,google_gemini-3.8-flash,0.36,0.8666666666666667
wiki_corpus,google_gemini-3.8-flash,0.37,0.8486486486486486
wiki_corpus,google_gemini-3.8-flash,0.38,0.8368421052631579
wiki_corpus,google_gemini-3.8-flash,0.39,0.8358974358974359
wiki_corpus,google_gemini-3.8-flash,0.4,0.84
wiki_corpus,google_gemini-3.8-flash,0.41,0.8439024390243902
wiki_corpus,google_gemini-3.8-flash,0.42,0.8428571428571429
wiki_corpus,google_gemini-3.8-flash,0.43,0.8465116279069768
wiki_corpus,google_gemini-3.8-flash,0.44,0.8454545454545455
wiki_corpus,google_gemini-3.8-flash,0.45,0.8444444444444444
wiki_corpus,google_gemini-3.8-flash,0.46,0.8304347826086956
wiki_corpus,google_gemini-3.8-flash,0.47,0.825531914893617
wiki_corpus,google_gemini-3.8-flash,0.48,0.8166666666666667
wiki_corpus,google_gemini-3.8-flash,0.49,0.8081632653061225
wiki_corpus,google_gemini-3.8-flash,0.5,0.8
wiki_corpus,google_gemini-3.8-flash,0.51,0.8
wiki_corpus,google_gemini-3.8-flash,0.52,0.8
wiki_corpus,google_gemini-3.8-flash,0.53,0.8037735849056604
wiki_corpus,google_gemini-3.8-flash,0.54,0.8074074074074075
wiki_corpus,google_gemini-3.8-flash,0.55,0.8072727272727273
wiki_corpus,google_gemini-3.8-flash,0.56,0.8107142857142857
wiki_corpus,google_gemini-3.8-flash,0.57,0.8140350877192982
wiki_corpus,google_gemini-3.8-flash,0.58,0.8137931034482758
wiki_corpus,google_gemini-3.8-flash,0.59,0.8135593220338984
wiki_corpus,google_gemini-3.8-flash,0.6,0.8166666666666667
wiki_corpus,google_gemini-3.8-flash,0.61,0.819672131147541
wiki_corpus,google_gemini-3.8-flash,0.62,0.8225806451612904
wiki_corpus,google_gemini-3.8-flash,0.63,0.819047619047619
wiki_corpus,google_gemini-3.8-flash,0.64,0.815625
wiki_corpus,google_gemini-3.8-flash,0.65,0.8153846153846154
wiki_corpus,google_gemini-3.8-flash,0.66,0.803030303030303
wiki_corpus,google_gemini-3.8-flash,0.67,0.7970149253731343
wiki_corpus,google_gemini-3.8-flash,0.68,0.788235294117647
wiki_corpus,google_gemini-3.8-flash,0.69,0.782608695652174
wiki_corpus,google_gemini-3.8-flash,0.7,0.7742857142857142
wiki_corpus,google_gemini-3.8-flash,0.71,0.7718309859154929
wiki_corpus,google_gemini-3.8-flash,0.72,0.7666666666666667
wiki_corpus,google_gemini-3.8-flash,0.73,0.7561643835616438
wiki_corpus,google_gemini-3.8-flash,0.74,0.7513513513513513
wiki_corpus,google_gemini-3.8-flash,0.75,0.744
wiki_corpus,google_gemini-3.8-flash,0.76,0.7394736842105263
wiki_corpus,google_gemini-3.8-flash,0.77,0.7376623376623377
wiki_corpus,google_gemini-3.8-flash,0.78,0.7333333333333333
wiki_corpus,google_gemini-3.8-flash,0.79,0.7316455696202532
wiki_corpus,google_gemini-3.8-flash,0.8,0.735
wiki_corpus,google_gemini-3.8-flash,0.81,0.725925925925926
wiki_corpus,google_gemini-3.8-flash,0.82,0.7219512195121951
wiki_corpus,google_gemini-3.8-flash,0.83,0.7180722891566265
wiki_corpus,google_gemini-3.8-flash,0.84,0.719047619047619
wiki_corpus,google_gemini-3.8-flash,0.85,0.72
wiki_corpus,google_gemini-3.8-flash,0.86,0.7209302325581395
wiki_corpus,google_gemini-3.8-flash,0.87,0.7241379310344828
wiki_corpus,google_gemini-3.8-flash,0.88,0.7227272727272728
wiki_corpus,google_gemini-3.8-flash,0.89,0.7168539325842697
wiki_corpus,google_gemini-3.8-flash,0.9,0.7133333333333334
wiki_corpus,google_gemini-3.8-flash,0.91,0.7076923076923077
wiki_corpus,google_gemini-3.8-flash,0.92,0.7021739130434783
wiki_corpus,google_gemini-3.8-flash,0.93,0.6989247311827957
wiki_corpus,google_gemini-3.8-flash,0.94,0.6978723404255319
wiki_corpus,google_gemini-3.8-flash,0.95,0.6926315789473684
wiki_corpus,google_gemini-3.8-flash,0.96,0.69375
wiki_corpus,google_gemini-3.8-flash,0.97,0.6927835051546392
wiki_corpus,google_gemini-3.8-flash,0.98,0.6918367346938775
wiki_corpus,google_gemini-3.8-flash,0.99,0.6888888888888889
wiki_corpus,google_gemini-3.8-flash,1.0,0.684
wiki_corpus,jev,0.01,1.0
wiki_corpus,jev,0.02,1.0
wiki_corpus,jev,0.03,0.8
wiki_corpus,jev,0.04,0.8
wiki_corpus,jev,0.05,0.84
wiki_corpus,jev,0.06,0.8666666666666667
wiki_corpus,jev,0.07,0.8857142857142857
wiki_corpus,jev,0.08,0.8
wiki_corpus,jev,0.09,0.7333333333333333
wiki_corpus,jev,0.1,0.74
wiki_corpus,jev,0.11,0.7090909090909091
wiki_corpus,jev,0.12,0.7333333333333333
wiki_corpus,jev,0.13,0.7538461538461538
wiki_corpus,jev,0.14,0.7
wiki_corpus,jev,0.15,0.68
wiki_corpus,jev,0.16,0.6625
wiki_corpus,jev,0.17,0.6588235294117647
wiki_corpus,jev,0.18,0.6666666666666666
wiki_corpus,jev,0.19,0.6842105263157895
wiki_corpus,jev,0.2,0.67
wiki_corpus,jev,0.21,0.6571428571428571
wiki_corpus,jev,0.22,0.6363636363636364
wiki_corpus,jev,0.23,0.6521739130434783
wiki_corpus,jev,0.24,0.65
wiki_corpus,jev,0.25,0.648
wiki_corpus,jev,0.26,0.6615384615384615
wiki_corpus,jev,0.27,0.6666666666666666
wiki_corpus,jev,0.28,0.6571428571428571
wiki_corpus,jev,0.29,0.6551724137931034
wiki_corpus,jev,0.3,0.66
wiki_corpus,jev,0.31,0.6709677419354839
wiki_corpus,jev,0.32,0.6625
wiki_corpus,jev,0.33,0.6545454545454545
wiki_corpus,jev,0.34,0.6647058823529411
wiki_corpus,jev,0.35,0.6628571428571428
wiki_corpus,jev,0.36,0.6611111111111111
wiki_corpus,jev,0.37,0.654054054054054
wiki_corpus,jev,0.38,0.6526315789473685
wiki_corpus,jev,0.39,0.6461538461538462
wiki_corpus,jev,0.4,0.65
wiki_corpus,jev,0.41,0.6487804878048781
wiki_corpus,jev,0.42,0.6476190476190476
wiki_corpus,jev,0.43,0.641860465116279
wiki_corpus,jev,0.44,0.6454545454545455
wiki_corpus,jev,0.45,0.6488888888888888
wiki_corpus,jev,0.46,0.6478260869565218
wiki_corpus,jev,0.47,0.6425531914893617
wiki_corpus,jev,0.48,0.6458333333333334
wiki_corpus,jev,0.49,0.6448979591836734
wiki_corpus,jev,0.5,0.644
wiki_corpus,jev,0.51,0.6392156862745098
wiki_corpus,jev,0.52,0.6384615384615384
wiki_corpus,jev,0.53,0.6377358490566037
wiki_corpus,jev,0.54,0.6370370370370371
wiki_corpus,jev,0.55,0.6327272727272727
wiki_corpus,jev,0.56,0.6321428571428571
wiki_corpus,jev,0.57,0.6350877192982456
wiki_corpus,jev,0.58,0.6344827586206897
wiki_corpus,jev,0.59,0.6406779661016949
wiki_corpus,jev,0.6,0.6366666666666667
wiki_corpus,jev,0.61,0.6360655737704918
wiki_corpus,jev,0.62,0.632258064516129
wiki_corpus,jev,0.63,0.6317460317460317
wiki_corpus,jev,0.64,0.6375
wiki_corpus,jev,0.65,0.6369230769230769
wiki_corpus,jev,0.66,0.6363636363636364
wiki_corpus,jev,0.67,0.6328358208955224
wiki_corpus,jev,0.68,0.6323529411764706
wiki_corpus,jev,0.69,0.6347826086956522
wiki_corpus,jev,0.7,0.6371428571428571
wiki_corpus,jev,0.71,0.6394366197183099
wiki_corpus,jev,0.72,0.6388888888888888
wiki_corpus,jev,0.73,0.6410958904109589
wiki_corpus,jev,0.74,0.6432432432432432
wiki_corpus,jev,0.75,0.6426666666666667
wiki_corpus,jev,0.76,0.6394736842105263
wiki_corpus,jev,0.77,0.6363636363636364
wiki_corpus,jev,0.78,0.6384615384615384
wiki_corpus,jev,0.79,0.6354430379746835
wiki_corpus,jev,0.8,0.6325
wiki_corpus,jev,0.81,0.6320987654320988
wiki_corpus,jev,0.82,0.6341463414634146
wiki_corpus,jev,0.83,0.6385542168674698
wiki_corpus,jev,0.84,0.6357142857142857
wiki_corpus,jev,0.85,0.6376470588235295
wiki_corpus,jev,0.86,0.6348837209302326
wiki_corpus,jev,0.87,0.6275862068965518
wiki_corpus,jev,0.88,0.625
wiki_corpus,jev,0.89,0.6247191011235955
wiki_corpus,jev,0.9,0.6266666666666667
wiki_corpus,jev,0.91,0.6285714285714286
wiki_corpus,jev,0.92,0.6260869565217392
wiki_corpus,jev,0.93,0.6258064516129033
wiki_corpus,jev,0.94,0.6234042553191489
wiki_corpus,jev,0.95,0.6252631578947369
wiki_corpus,jev,0.96,0.6229166666666667
wiki_corpus,jev,0.97,0.6206185567010309
wiki_corpus,jev,0.98,0.6183673469387755
wiki_corpus,jev,0.99,0.6161616161616161
wiki_corpus,jev,1.0,0.61
wiki_corpus,local_rlcd-0.6b,0.01,0.8
wiki_corpus,local_rlcd-0.6b,0.02,0.7
wiki_corpus,local_rlcd-0.6b,0.03,0.6
wiki_corpus,local_rlcd-0.6b,0.04,0.6
wiki_corpus,local_rlcd-0.6b,0.05,0.64
wiki_corpus,local_rlcd-0.6b,0.06,0.6666666666666666
wiki_corpus,local_rlcd-0.6b,0.07,0.6285714285714286
wiki_corpus,local_rlcd-0.6b,0.08,0.625
wiki_corpus,local_rlcd-0.6b,0.09,0.6222222222222222
wiki_corpus,local_rlcd-0.6b,0.1,0.62
wiki_corpus,local_rlcd-0.6b,0.11,0.6181818181818182
wiki_corpus,local_rlcd-0.6b,0.12,0.6166666666666667
wiki_corpus,local_rlcd-0.6b,0.13,0.6
wiki_corpus,local_rlcd-0.6b,0.14,0.6142857142857143
wiki_corpus,local_rlcd-0.6b,0.15,0.5866666666666667
wiki_corpus,local_rlcd-0.6b,0.16,0.575
wiki_corpus,local_rlcd-0.6b,0.17,0.5647058823529412
wiki_corpus,local_rlcd-0.6b,0.18,0.5777777777777777
wiki_corpus,local_rlcd-0.6b,0.19,0.5894736842105263
wiki_corpus,local_rlcd-0.6b,0.2,0.59
wiki_corpus,local_rlcd-0.6b,0.21,0.5904761904761905
wiki_corpus,local_rlcd-0.6b,0.22,0.5727272727272728
wiki_corpus,local_rlcd-0.6b,0.23,0.5739130434782609
wiki_corpus,local_rlcd-0.6b,0.24,0.5666666666666667
wiki_corpus,local_rlcd-0.6b,0.25,0.552
wiki_corpus,local_rlcd-0.6b,0.26,0.5538461538461539
wiki_corpus,local_rlcd-0.6b,0.27,0.562962962962963
wiki_corpus,local_rlcd-0.6b,0.28,0.5642857142857143
wiki_corpus,local_rlcd-0.6b,0.29,0.5655172413793104
wiki_corpus,local_rlcd-0.6b,0.3,0.56
wiki_corpus,local_rlcd-0.6b,0.31,0.5612903225806452
wiki_corpus,local_rlcd-0.6b,0.32,0.55
wiki_corpus,local_rlcd-0.6b,0.33,0.5454545454545454
wiki_corpus,local_rlcd-0.6b,0.34,0.5411764705882353
wiki_corpus,local_rlcd-0.6b,0.35,0.5428571428571428
wiki_corpus,local_rlcd-0.6b,0.36,0.5444444444444444
wiki_corpus,local_rlcd-0.6b,0.37,0.5405405405405406
wiki_corpus,local_rlcd-0.6b,0.38,0.5421052631578948
wiki_corpus,local_rlcd-0.6b,0.39,0.5435897435897435
wiki_corpus,local_rlcd-0.6b,0.4,0.545
wiki_corpus,local_rlcd-0.6b,0.41,0.5365853658536586
wiki_corpus,local_rlcd-0.6b,0.42,0.5380952380952381
wiki_corpus,local_rlcd-0.6b,0.43,0.5395348837209303
wiki_corpus,local_rlcd-0.6b,0.44,0.5454545454545454
wiki_corpus,local_rlcd-0.6b,0.45,0.5422222222222223
wiki_corpus,local_rlcd-0.6b,0.46,0.5434782608695652
wiki_corpus,local_rlcd-0.6b,0.47,0.548936170212766
wiki_corpus,local_rlcd-0.6b,0.48,0.55
wiki_corpus,local_rlcd-0.6b,0.49,0.5510204081632653
wiki_corpus,local_rlcd-0.6b,0.5,0.552
wiki_corpus,local_rlcd-0.6b,0.51,0.5568627450980392
wiki_corpus,local_rlcd-0.6b,0.52,0.5576923076923077
wiki_corpus,local_rlcd-0.6b,0.53,0.5547169811320755
wiki_corpus,local_rlcd-0.6b,0.54,0.5555555555555556
wiki_corpus,local_rlcd-0.6b,0.55,0.5563636363636364
wiki_corpus,local_rlcd-0.6b,0.56,0.5535714285714286
wiki_corpus,local_rlcd-0.6b,0.57,0.5508771929824562
wiki_corpus,local_rlcd-0.6b,0.58,0.5586206896551724
wiki_corpus,local_rlcd-0.6b,0.59,0.559322033898305
wiki_corpus,local_rlcd-0.6b,0.6,0.5566666666666666
wiki_corpus,local_rlcd-0.6b,0.61,0.5540983606557377
wiki_corpus,local_rlcd-0.6b,0.62,0.5548387096774193
wiki_corpus,local_rlcd-0.6b,0.63,0.5555555555555556
wiki_corpus,local_rlcd-0.6b,0.64,0.55625
wiki_corpus,local_rlcd-0.6b,0.65,0.556923076923077
wiki_corpus,local_rlcd-0.6b,0.66,0.5545454545454546
wiki_corpus,local_rlcd-0.6b,0.67,0.5522388059701493
wiki_corpus,local_rlcd-0.6b,0.68,0.55
wiki_corpus,local_rlcd-0.6b,0.69,0.5478260869565217
wiki_corpus,local_rlcd-0.6b,0.7,0.5485714285714286
wiki_corpus,local_rlcd-0.6b,0.71,0.543661971830986
wiki_corpus,local_rlcd-0.6b,0.72,0.5444444444444444
wiki_corpus,local_rlcd-0.6b,0.73,0.5424657534246575
wiki_corpus,local_rlcd-0.6b,0.74,0.5351351351351351
wiki_corpus,local_rlcd-0.6b,0.75,0.5333333333333333
wiki_corpus,local_rlcd-0.6b,0.76,0.5368421052631579
wiki_corpus,local_rlcd-0.6b,0.77,0.5324675324675324
wiki_corpus,local_rlcd-0.6b,0.78,0.5282051282051282
wiki_corpus,local_rlcd-0.6b,0.79,0.5265822784810127
wiki_corpus,local_rlcd-0.6b,0.8,0.5275
wiki_corpus,local_rlcd-0.6b,0.81,0.5259259259259259
wiki_corpus,local_rlcd-0.6b,0.82,0.5219512195121951
wiki_corpus,local_rlcd-0.6b,0.83,0.5204819277108433
wiki_corpus,local_rlcd-0.6b,0.84,0.5214285714285715
wiki_corpus,local_rlcd-0.6b,0.85,0.5247058823529411
wiki_corpus,local_rlcd-0.6b,0.86,0.5232558139534884
wiki_corpus,local_rlcd-0.6b,0.87,0.5218390804597701
wiki_corpus,local_rlcd-0.6b,0.88,0.5181818181818182
wiki_corpus,local_rlcd-0.6b,0.89,0.5168539325842697
wiki_corpus,local_rlcd-0.6b,0.9,0.5155555555555555
wiki_corpus,local_rlcd-0.6b,0.91,0.512087912087912
wiki_corpus,local_rlcd-0.6b,0.92,0.5130434782608696
wiki_corpus,local_rlcd-0.6b,0.93,0.5182795698924731
wiki_corpus,local_rlcd-0.6b,0.94,0.5170212765957447
wiki_corpus,local_rlcd-0.6b,0.95,0.5178947368421053
wiki_corpus,local_rlcd-0.6b,0.96,0.51875
wiki_corpus,local_rlcd-0.6b,0.97,0.5175257731958763
wiki_corpus,local_rlcd-0.6b,0.98,0.5204081632653061
wiki_corpus,local_rlcd-0.6b,0.99,0.5191919191919192
wiki_corpus,local_rlcd-0.6b,1.0,0.514
wiki_politeness,google_gemini-3.8-flash,0.008032128514056224,1.0
wiki_politeness,google_gemini-3.8-flash,0.01606425702811245,1.0
wiki_politeness,google_gemini-3.8-flash,0.024096385542168676,1.0
wiki_politeness,google_gemini-3.8-flash,0.0321285140562249,0.9375
wiki_politeness,google_gemini-3.8-flash,0.040160642570281124,0.95
wiki_politeness,google_gemini-3.8-flash,0.04819277108433735,0.9583333333333334
wiki_politeness,google_gemini-3.8-flash,0.05622489959839357,0.9285714285714286
wiki_politeness,google_gemini-3.8-flash,0.0642570281124498,0.90625
wiki_politeness,google_gemini-3.8-flash,0.07228915662650602,0.8888888888888888
wiki_politeness,google_gemini-3.8-flash,0.08032128514056225,0.85
wiki_politeness,google_gemini-3.8-flash,0.08835341365461848,0.8636363636363636
wiki_politeness,google_gemini-3.8-flash,0.0963855421686747,0.8333333333333334
wiki_politeness,google_gemini-3.8-flash,0.10441767068273092,0.8076923076923077
wiki_politeness,google_gemini-3.8-flash,0.11244979919678715,0.8035714285714286
wiki_politeness,google_gemini-3.8-flash,0.12048192771084337,0.8
wiki_politeness,google_gemini-3.8-flash,0.1285140562248996,0.796875
wiki_politeness,google_gemini-3.8-flash,0.13654618473895583,0.8088235294117647
wiki_politeness,google_gemini-3.8-flash,0.14457831325301204,0.8055555555555556
wiki_politeness,google_gemini-3.8-flash,0.15261044176706828,0.7894736842105263
wiki_politeness,google_gemini-3.8-flash,0.1606425702811245,0.775
wiki_politeness,google_gemini-3.8-flash,0.1686746987951807,0.7738095238095238
wiki_politeness,google_gemini-3.8-flash,0.17670682730923695,0.7840909090909091
wiki_politeness,google_gemini-3.8-flash,0.18473895582329317,0.7934782608695652
wiki_politeness,google_gemini-3.8-flash,0.1927710843373494,0.7708333333333334
wiki_politeness,google_gemini-3.8-flash,0.20080321285140562,0.77
wiki_politeness,google_gemini-3.8-flash,0.20883534136546184,0.7788461538461539
wiki_politeness,google_gemini-3.8-flash,0.21686746987951808,0.7592592592592593
wiki_politeness,google_gemini-3.8-flash,0.2248995983935743,0.75
wiki_politeness,google_gemini-3.8-flash,0.23293172690763053,0.7586206896551724
wiki_politeness,google_gemini-3.8-flash,0.24096385542168675,0.7583333333333333
wiki_politeness,google_gemini-3.8-flash,0.24899598393574296,0.7419354838709677
wiki_politeness,google_gemini-3.8-flash,0.2570281124497992,0.734375
wiki_politeness,google_gemini-3.8-flash,0.26506024096385544,0.7348484848484849
wiki_politeness,google_gemini-3.8-flash,0.27309236947791166,0.7352941176470589
wiki_politeness,google_gemini-3.8-flash,0.28112449799196787,0.7285714285714285
wiki_politeness,google_gemini-3.8-flash,0.2891566265060241,0.7222222222222222
wiki_politeness,google_gemini-3.8-flash,0.2971887550200803,0.7094594594594594
wiki_politeness,google_gemini-3.8-flash,0.30522088353413657,0.6973684210526315
wiki_politeness,google_gemini-3.8-flash,0.3132530120481928,0.6987179487179487
wiki_politeness,google_gemini-3.8-flash,0.321285140562249,0.7
wiki_politeness,google_gemini-3.8-flash,0.3293172690763052,0.7012195121951219
wiki_politeness,google_gemini-3.8-flash,0.3373493975903614,0.7023809523809523
wiki_politeness,google_gemini-3.8-flash,0.3453815261044177,0.7034883720930233
wiki_politeness,google_gemini-3.8-flash,0.3534136546184739,0.7045454545454546
wiki_politeness,google_gemini-3.8-flash,0.3614457831325301,0.7111111111111111
wiki_politeness,google_gemini-3.8-flash,0.36947791164658633,0.717391304347826
wiki_politeness,google_gemini-3.8-flash,0.37751004016064255,0.7180851063829787
wiki_politeness,google_gemini-3.8-flash,0.3855421686746988,0.71875
wiki_politeness,google_gemini-3.8-flash,0.39357429718875503,0.7244897959183674
wiki_politeness,google_gemini-3.8-flash,0.40160642570281124,0.73
wiki_politeness,google_gemini-3.8-flash,0.40963855421686746,0.7352941176470589
wiki_politeness,google_gemini-3.8-flash,0.41767068273092367,0.7403846153846154
wiki_politeness,google_gemini-3.8-flash,0.42570281124497994,0.7452830188679245
wiki_politeness,google_gemini-3.8-flash,0.43373493975903615,0.7453703703703703
wiki_politeness,google_gemini-3.8-flash,0.44176706827309237,0.75
wiki_politeness,google_gemini-3.8-flash,0.4497991967871486,0.7544642857142857
wiki_politeness,google_gemini-3.8-flash,0.4578313253012048,0.7543859649122807
wiki_politeness,google_gemini-3.8-flash,0.46586345381526106,0.7586206896551724
wiki_politeness,google_gemini-3.8-flash,0.4738955823293173,0.7627118644067796
wiki_politeness,google_gemini-3.8-flash,0.4819277108433735,0.7625
wiki_politeness,google_gemini-3.8-flash,0.4899598393574297,0.7622950819672131
wiki_politeness,google_gemini-3.8-flash,0.4979919678714859,0.7661290322580645
wiki_politeness,google_gemini-3.8-flash,0.5060240963855421,0.7658730158730159
wiki_politeness,google_gemini-3.8-flash,0.5140562248995983,0.76953125
wiki_politeness,google_gemini-3.8-flash,0.5220883534136547,0.7730769230769231
wiki_politeness,google_gemini-3.8-flash,0.5301204819277109,0.7765151515151515
wiki_politeness,google_gemini-3.8-flash,0.5381526104417671,0.7798507462686567
wiki_politeness,google_gemini-3.8-flash,0.5461847389558233,0.7830882352941176
wiki_politeness,google_gemini-3.8-flash,0.5542168674698795,0.782608695652174
wiki_politeness,google_gemini-3.8-flash,0.5622489959839357,0.7821428571428571
wiki_politeness,google_gemini-3.8-flash,0.570281124497992,0.7746478873239436
wiki_politeness,google_gemini-3.8-flash,0.5783132530120482,0.7777777777777778
wiki_politeness,google_gemini-3.8-flash,0.5863453815261044,0.7705479452054794
wiki_politeness,google_gemini-3.8-flash,0.5943775100401606,0.7668918918918919
wiki_politeness,google_gemini-3.8-flash,0.6024096385542169,0.7666666666666667
wiki_politeness,google_gemini-3.8-flash,0.6104417670682731,0.7664473684210527
wiki_politeness,google_gemini-3.8-flash,0.6184738955823293,0.762987012987013
wiki_politeness,google_gemini-3.8-flash,0.6265060240963856,0.7596153846153846
wiki_politeness,google_gemini-3.8-flash,0.6345381526104418,0.7626582278481012
wiki_politeness,google_gemini-3.8-flash,0.642570281124498,0.759375
wiki_politeness,google_gemini-3.8-flash,0.6506024096385542,0.7592592592592593
wiki_politeness,google_gemini-3.8-flash,0.6586345381526104,0.7560975609756098
wiki_politeness,google_gemini-3.8-flash,0.6666666666666666,0.75
wiki_politeness,google_gemini-3.8-flash,0.6746987951807228,0.75
wiki_politeness,google_gemini-3.8-flash,0.6827309236947792,0.7470588235294118
wiki_politeness,google_gemini-3.8-flash,0.6907630522088354,0.747093023255814
wiki_politeness,google_gemini-3.8-flash,0.6987951807228916,0.7471264367816092
wiki_politeness,google_gemini-3.8-flash,0.7068273092369478,0.7471590909090909
wiki_politeness,google_gemini-3.8-flash,0.714859437751004,0.7415730337078652
wiki_politeness,google_gemini-3.8-flash,0.7228915662650602,0.7388888888888889
wiki_politeness,google_gemini-3.8-flash,0.7309236947791165,0.7307692307692307
wiki_politeness,google_gemini-3.8-flash,0.7389558232931727,0.7309782608695652
wiki_politeness,google_gemini-3.8-flash,0.7469879518072289,0.7258064516129032
wiki_politeness,google_gemini-3.8-flash,0.7550200803212851,0.723404255319149
wiki_politeness,google_gemini-3.8-flash,0.7630522088353414,0.718421052631579
wiki_politeness,google_gemini-3.8-flash,0.7710843373493976,0.7213541666666666
wiki_politeness,google_gemini-3.8-flash,0.7791164658634538,0.7164948453608248
wiki_politeness,google_gemini-3.8-flash,0.7871485943775101,0.7117346938775511
wiki_politeness,google_gemini-3.8-flash,0.7951807228915663,0.7070707070707071
wiki_politeness,google_gemini-3.8-flash,0.8032128514056225,0.7
wiki_politeness,google_gemini-3.8-flash,0.8112449799196787,0.7004950495049505
wiki_politeness,google_gemini-3.8-flash,0.8192771084337349,0.7009803921568627
wiki_politeness,google_gemini-3.8-flash,0.8273092369477911,0.6990291262135923
wiki_politeness,google_gemini-3.8-flash,0.8353413654618473,0.6971153846153846
wiki_politeness,google_gemini-3.8-flash,0.8433734939759037,0.6952380952380952
wiki_politeness,google_gemini-3.8-flash,0.8514056224899599,0.6910377358490566
wiki_politeness,google_gemini-3.8-flash,0.8594377510040161,0.6845794392523364
wiki_politeness,google_gemini-3.8-flash,0.8674698795180723,0.6875
wiki_politeness,google_gemini-3.8-flash,0.8755020080321285,0.6880733944954128
wiki_politeness,google_gemini-3.8-flash,0.8835341365461847,0.6909090909090909
wiki_politeness,google_gemini-3.8-flash,0.891566265060241,0.6914414414414415
wiki_politeness,google_gemini-3.8-flash,0.8995983935742972,0.6875
wiki_politeness,google_gemini-3.8-flash,0.9076305220883534,0.6858407079646017
wiki_politeness,google_gemini-3.8-flash,0.9156626506024096,0.6864035087719298
wiki_politeness,google_gemini-3.8-flash,0.9236947791164659,0.6847826086956522
wiki_politeness,google_gemini-3.8-flash,0.9317269076305221,0.6875
wiki_politeness,google_gemini-3.8-flash,0.9397590361445783,0.6837606837606838
wiki_politeness,google_gemini-3.8-flash,0.9477911646586346,0.6864406779661016
wiki_politeness,google_gemini-3.8-flash,0.9558232931726908,0.6848739495798319
wiki_politeness,google_gemini-3.8-flash,0.963855421686747,0.68125
wiki_politeness,google_gemini-3.8-flash,0.9718875502008032,0.6797520661157025
wiki_politeness,google_gemini-3.8-flash,0.9799196787148594,0.6762295081967213
wiki_politeness,google_gemini-3.8-flash,0.9879518072289156,0.6747967479674797
wiki_politeness,google_gemini-3.8-flash,0.9959839357429718,0.6733870967741935
wiki_politeness,google_gemini-3.8-flash,1.0,0.6706827309236948
wiki_politeness,jev,0.008032128514056224,1.0
wiki_politeness,jev,0.01606425702811245,1.0
wiki_politeness,jev,0.024096385542168676,1.0
wiki_politeness,jev,0.0321285140562249,1.0
wiki_politeness,jev,0.040160642570281124,1.0
wiki_politeness,jev,0.04819277108433735,1.0
wiki_politeness,jev,0.05622489959839357,1.0
wiki_politeness,jev,0.0642570281124498,0.96875
wiki_politeness,jev,0.07228915662650602,0.9722222222222222
wiki_politeness,jev,0.08032128514056225,0.975
wiki_politeness,jev,0.08835341365461848,0.9772727272727273
wiki_politeness,jev,0.0963855421686747,0.9791666666666666
wiki_politeness,jev,0.10441767068273092,0.9615384615384616
wiki_politeness,jev,0.11244979919678715,0.9464285714285714
wiki_politeness,jev,0.12048192771084337,0.9166666666666666
wiki_politeness,jev,0.1285140562248996,0.921875
wiki_politeness,jev,0.13654618473895583,0.9264705882352942
wiki_politeness,jev,0.14457831325301204,0.9305555555555556
wiki_politeness,jev,0.15261044176706828,0.9342105263157895
wiki_politeness,jev,0.1606425702811245,0.9125
wiki_politeness,jev,0.1686746987951807,0.9166666666666666
wiki_politeness,jev,0.17670682730923695,0.9090909090909091
wiki_politeness,jev,0.18473895582329317,0.9021739130434783
wiki_politeness,jev,0.1927710843373494,0.8958333333333334
wiki_politeness,jev,0.20080321285140562,0.88
wiki_politeness,jev,0.20883534136546184,0.875
wiki_politeness,jev,0.21686746987951808,0.8611111111111112
wiki_politeness,jev,0.2248995983935743,0.8660714285714286
wiki_politeness,jev,0.23293172690763053,0.8706896551724138
wiki_politeness,jev,0.24096385542168675,0.875
wiki_politeness,jev,0.24899598393574296,0.8709677419354839
wiki_politeness,jev,0.2570281124497992,0.875
wiki_politeness,jev,0.26506024096385544,0.8636363636363636
wiki_politeness,jev,0.27309236947791166,0.8676470588235294
wiki_politeness,jev,0.28112449799196787,0.8571428571428571
wiki_politeness,jev,0.2891566265060241,0.8541666666666666
wiki_politeness,jev,0.2971887550200803,0.8445945945945946
wiki_politeness,jev,0.30522088353413657,0.8421052631578947
wiki_politeness,jev,0.3132530120481928,0.8333333333333334
wiki_politeness,jev,0.321285140562249,0.8375
wiki_politeness,jev,0.3293172690763052,0.8292682926829268
wiki_politeness,jev,0.3373493975903614,0.8154761904761905
wiki_politeness,jev,0.3453815261044177,0.8081395348837209
wiki_politeness,jev,0.3534136546184739,0.8011363636363636
wiki_politeness,jev,0.3614457831325301,0.8
wiki_politeness,jev,0.36947791164658633,0.7989130434782609
wiki_politeness,jev,0.37751004016064255,0.7978723404255319
wiki_politeness,jev,0.3855421686746988,0.796875
wiki_politeness,jev,0.39357429718875503,0.7908163265306123
wiki_politeness,jev,0.40160642570281124,0.795
wiki_politeness,jev,0.40963855421686746,0.7892156862745098
wiki_politeness,jev,0.41767068273092367,0.7884615384615384
wiki_politeness,jev,0.42570281124497994,0.7783018867924528
wiki_politeness,jev,0.43373493975903615,0.7777777777777778
wiki_politeness,jev,0.44176706827309237,0.7727272727272727
wiki_politeness,jev,0.4497991967871486,0.7678571428571429
wiki_politeness,jev,0.4578313253012048,0.7631578947368421
wiki_politeness,jev,0.46586345381526106,0.7586206896551724
wiki_politeness,jev,0.4738955823293173,0.7584745762711864
wiki_politeness,jev,0.4819277108433735,0.7625
wiki_politeness,jev,0.4899598393574297,0.75
wiki_politeness,jev,0.4979919678714859,0.7459677419354839
wiki_politeness,jev,0.5060240963855421,0.7420634920634921
wiki_politeness,jev,0.5140562248995983,0.7421875
wiki_politeness,jev,0.5220883534136547,0.7346153846153847
wiki_politeness,jev,0.5301204819277109,0.7348484848484849
wiki_politeness,jev,0.5381526104417671,0.7276119402985075
wiki_politeness,jev,0.5461847389558233,0.7316176470588235
wiki_politeness,jev,0.5542168674698795,0.7355072463768116
wiki_politeness,jev,0.5622489959839357,0.7321428571428571
wiki_politeness,jev,0.570281124497992,0.7288732394366197
wiki_politeness,jev,0.5783132530120482,0.7256944444444444
wiki_politeness,jev,0.5863453815261044,0.7191780821917808
wiki_politeness,jev,0.5943775100401606,0.7195945945945946
wiki_politeness,jev,0.6024096385542169,0.7233333333333334
wiki_politeness,jev,0.6104417670682731,0.7171052631578947
wiki_politeness,jev,0.6184738955823293,0.7142857142857143
wiki_politeness,jev,0.6265060240963856,0.7083333333333334
wiki_politeness,jev,0.6345381526104418,0.7088607594936709
wiki_politeness,jev,0.642570281124498,0.709375
wiki_politeness,jev,0.6506024096385542,0.7067901234567902
wiki_politeness,jev,0.6586345381526104,0.7042682926829268
wiki_politeness,jev,0.6666666666666666,0.7018072289156626
wiki_politeness,jev,0.6746987951807228,0.7023809523809523
wiki_politeness,jev,0.6827309236947792,0.6970588235294117
wiki_politeness,jev,0.6907630522088354,0.6947674418604651
wiki_politeness,jev,0.6987951807228916,0.6954022988505747
wiki_politeness,jev,0.7068273092369478,0.6931818181818182
wiki_politeness,jev,0.714859437751004,0.6910112359550562
wiki_politeness,jev,0.7228915662650602,0.6944444444444444
wiki_politeness,jev,0.7309236947791165,0.6923076923076923
wiki_politeness,jev,0.7389558232931727,0.6875
wiki_politeness,jev,0.7469879518072289,0.6854838709677419
wiki_politeness,jev,0.7550200803212851,0.6808510638297872
wiki_politeness,jev,0.7630522088353414,0.6763157894736842
wiki_politeness,jev,0.7710843373493976,0.6770833333333334
wiki_politeness,jev,0.7791164658634538,0.6752577319587629
wiki_politeness,jev,0.7871485943775101,0.673469387755102
wiki_politeness,jev,0.7951807228915663,0.6666666666666666
wiki_politeness,jev,0.8032128514056225,0.665
wiki_politeness,jev,0.8112449799196787,0.6608910891089109
wiki_politeness,jev,0.8192771084337349,0.6593137254901961
wiki_politeness,jev,0.8273092369477911,0.6577669902912622
wiki_politeness,jev,0.8353413654618473,0.6538461538461539
wiki_politeness,jev,0.8433734939759037,0.65
wiki_politeness,jev,0.8514056224899599,0.6438679245283019
wiki_politeness,jev,0.8594377510040161,0.6425233644859814
wiki_politeness,jev,0.8674698795180723,0.6412037037037037
wiki_politeness,jev,0.8755020080321285,0.6444954128440367
wiki_politeness,jev,0.8835341365461847,0.6454545454545455
wiki_politeness,jev,0.891566265060241,0.6418918918918919
wiki_politeness,jev,0.8995983935742972,0.6383928571428571
wiki_politeness,jev,0.9076305220883534,0.6415929203539823
wiki_politeness,jev,0.9156626506024096,0.6381578947368421
wiki_politeness,jev,0.9236947791164659,0.6347826086956522
wiki_politeness,jev,0.9317269076305221,0.6357758620689655
wiki_politeness,jev,0.9397590361445783,0.6346153846153846
wiki_politeness,jev,0.9477911646586346,0.6334745762711864
wiki_politeness,jev,0.9558232931726908,0.6302521008403361
wiki_politeness,jev,0.963855421686747,0.6270833333333333
wiki_politeness,jev,0.9718875502008032,0.621900826446281
wiki_politeness,jev,0.9799196787148594,0.6168032786885246
wiki_politeness,jev,0.9879518072289156,0.6138211382113821
wiki_politeness,jev,0.9959839357429718,0.6108870967741935
wiki_politeness,jev,1.0,0.608433734939759
wiki_politeness,local_rlcd-0.6b,0.008032128514056224,0.0
wiki_politeness,local_rlcd-0.6b,0.01606425702811245,0.125
wiki_politeness,local_rlcd-0.6b,0.024096385542168676,0.25
wiki_politeness,local_rlcd-0.6b,0.0321285140562249,0.25
wiki_politeness,local_rlcd-0.6b,0.040160642570281124,0.25
wiki_politeness,local_rlcd-0.6b,0.04819277108433735,0.20833333333333334
wiki_politeness,local_rlcd-0.6b,0.05622489959839357,0.21428571428571427
wiki_politeness,local_rlcd-0.6b,0.0642570281124498,0.25
wiki_politeness,local_rlcd-0.6b,0.07228915662650602,0.25
wiki_politeness,local_rlcd-0.6b,0.08032128514056225,0.225
wiki_politeness,local_rlcd-0.6b,0.08835341365461848,0.25
wiki_politeness,local_rlcd-0.6b,0.0963855421686747,0.25
wiki_politeness,local_rlcd-0.6b,0.10441767068273092,0.2692307692307692
wiki_politeness,local_rlcd-0.6b,0.11244979919678715,0.32142857142857145
wiki_politeness,local_rlcd-0.6b,0.12048192771084337,0.31666666666666665
wiki_politeness,local_rlcd-0.6b,0.1285140562248996,0.3125
wiki_politeness,local_rlcd-0.6b,0.13654618473895583,0.3088235294117647
wiki_politeness,local_rlcd-0.6b,0.14457831325301204,0.3194444444444444
wiki_politeness,local_rlcd-0.6b,0.15261044176706828,0.3026315789473684
wiki_politeness,local_rlcd-0.6b,0.1606425702811245,0.3125
wiki_politeness,local_rlcd-0.6b,0.1686746987951807,0.2976190476190476
wiki_politeness,local_rlcd-0.6b,0.17670682730923695,0.2840909090909091
wiki_politeness,local_rlcd-0.6b,0.18473895582329317,0.2826086956521739
wiki_politeness,local_rlcd-0.6b,0.1927710843373494,0.2916666666666667
wiki_politeness,local_rlcd-0.6b,0.20080321285140562,0.3
wiki_politeness,local_rlcd-0.6b,0.20883534136546184,0.3076923076923077
wiki_politeness,local_rlcd-0.6b,0.21686746987951808,0.3148148148148148
wiki_politeness,local_rlcd-0.6b,0.2248995983935743,0.30357142857142855
wiki_politeness,local_rlcd-0.6b,0.23293172690763053,0.29310344827586204
wiki_politeness,local_rlcd-0.6b,0.24096385542168675,0.30833333333333335
wiki_politeness,local_rlcd-0.6b,0.24899598393574296,0.31451612903225806
wiki_politeness,local_rlcd-0.6b,0.2570281124497992,0.328125
wiki_politeness,local_rlcd-0.6b,0.26506024096385544,0.3333333333333333
wiki_politeness,local_rlcd-0.6b,0.27309236947791166,0.33088235294117646
wiki_politeness,local_rlcd-0.6b,0.28112449799196787,0.3357142857142857
wiki_politeness,local_rlcd-0.6b,0.2891566265060241,0.3402777777777778
wiki_politeness,local_rlcd-0.6b,0.2971887550200803,0.3310810810810811
wiki_politeness,local_rlcd-0.6b,0.30522088353413657,0.32894736842105265
wiki_politeness,local_rlcd-0.6b,0.3132530120481928,0.34615384615384615
wiki_politeness,local_rlcd-0.6b,0.321285140562249,0.34375
wiki_politeness,local_rlcd-0.6b,0.3293172690763052,0.3475609756097561
wiki_politeness,local_rlcd-0.6b,0.3373493975903614,0.34523809523809523
wiki_politeness,local_rlcd-0.6b,0.3453815261044177,0.3546511627906977
wiki_politeness,local_rlcd-0.6b,0.3534136546184739,0.3465909090909091
wiki_politeness,local_rlcd-0.6b,0.3614457831325301,0.35555555555555557
wiki_politeness,local_rlcd-0.6b,0.36947791164658633,0.34782608695652173
wiki_politeness,local_rlcd-0.6b,0.37751004016064255,0.34574468085106386
wiki_politeness,local_rlcd-0.6b,0.3855421686746988,0.3489583333333333
wiki_politeness,local_rlcd-0.6b,0.39357429718875503,0.3469387755102041
wiki_politeness,local_rlcd-0.6b,0.40160642570281124,0.35
wiki_politeness,local_rlcd-0.6b,0.40963855421686746,0.35294117647058826
wiki_politeness,local_rlcd-0.6b,0.41767068273092367,0.3557692307692308
wiki_politeness,local_rlcd-0.6b,0.42570281124497994,0.36792452830188677
wiki_politeness,local_rlcd-0.6b,0.43373493975903615,0.375
wiki_politeness,local_rlcd-0.6b,0.44176706827309237,0.36818181818181817
wiki_politeness,local_rlcd-0.6b,0.4497991967871486,0.3705357142857143
wiki_politeness,local_rlcd-0.6b,0.4578313253012048,0.37719298245614036
wiki_politeness,local_rlcd-0.6b,0.46586345381526106,0.375
wiki_politeness,local_rlcd-0.6b,0.4738955823293173,0.3771186440677966
wiki_politeness,local_rlcd-0.6b,0.4819277108433735,0.375
wiki_politeness,local_rlcd-0.6b,0.4899598393574297,0.3729508196721312
wiki_politeness,local_rlcd-0.6b,0.4979919678714859,0.375
wiki_politeness,local_rlcd-0.6b,0.5060240963855421,0.373015873015873
wiki_politeness,local_rlcd-0.6b,0.5140562248995983,0.37890625
wiki_politeness,local_rlcd-0.6b,0.5220883534136547,0.38076923076923075
wiki_politeness,local_rlcd-0.6b,0.5301204819277109,0.39015151515151514
wiki_politeness,local_rlcd-0.6b,0.5381526104417671,0.39925373134328357
wiki_politeness,local_rlcd-0.6b,0.5461847389558233,0.4007352941176471
wiki_politeness,local_rlcd-0.6b,0.5542168674698795,0.39855072463768115
wiki_politeness,local_rlcd-0.6b,0.5622489959839357,0.3964285714285714
wiki_politeness,local_rlcd-0.6b,0.570281124497992,0.397887323943662
wiki_politeness,local_rlcd-0.6b,0.5783132530120482,0.4027777777777778
wiki_politeness,local_rlcd-0.6b,0.5863453815261044,0.4041095890410959
wiki_politeness,local_rlcd-0.6b,0.5943775100401606,0.40540540540540543
wiki_politeness,local_rlcd-0.6b,0.6024096385542169,0.4033333333333333
wiki_politeness,local_rlcd-0.6b,0.6104417670682731,0.40460526315789475
wiki_politeness,local_rlcd-0.6b,0.6184738955823293,0.4025974025974026
wiki_politeness,local_rlcd-0.6b,0.6265060240963856,0.40384615384615385
wiki_politeness,local_rlcd-0.6b,0.6345381526104418,0.4050632911392405
wiki_politeness,local_rlcd-0.6b,0.642570281124498,0.403125
wiki_politeness,local_rlcd-0.6b,0.6506024096385542,0.4012345679012346
wiki_politeness,local_rlcd-0.6b,0.6586345381526104,0.4024390243902439
wiki_politeness,local_rlcd-0.6b,0.6666666666666666,0.4006024096385542
wiki_politeness,local_rlcd-0.6b,0.6746987951807228,0.3958333333333333
wiki_politeness,local_rlcd-0.6b,0.6827309236947792,0.3941176470588235
wiki_politeness,local_rlcd-0.6b,0.6907630522088354,0.39244186046511625
wiki_politeness,local_rlcd-0.6b,0.6987951807228916,0.39080459770114945
wiki_politeness,local_rlcd-0.6b,0.7068273092369478,0.38920454545454547
wiki_politeness,local_rlcd-0.6b,0.714859437751004,0.38764044943820225
wiki_politeness,local_rlcd-0.6b,0.7228915662650602,0.38333333333333336
wiki_politeness,local_rlcd-0.6b,0.7309236947791165,0.38186813186813184
wiki_politeness,local_rlcd-0.6b,0.7389558232931727,0.3804347826086957
wiki_politeness,local_rlcd-0.6b,0.7469879518072289,0.3844086021505376
wiki_politeness,local_rlcd-0.6b,0.7550200803212851,0.3829787234042553
wiki_politeness,local_rlcd-0.6b,0.7630522088353414,0.38421052631578945
wiki_politeness,local_rlcd-0.6b,0.7710843373493976,0.3880208333333333
wiki_politeness,local_rlcd-0.6b,0.7791164658634538,0.3865979381443299
wiki_politeness,local_rlcd-0.6b,0.7871485943775101,0.3877551020408163
wiki_politeness,local_rlcd-0.6b,0.7951807228915663,0.38636363636363635
wiki_politeness,local_rlcd-0.6b,0.8032128514056225,0.3875
wiki_politeness,local_rlcd-0.6b,0.8112449799196787,0.38613861386138615
wiki_politeness,local_rlcd-0.6b,0.8192771084337349,0.3872549019607843
wiki_politeness,local_rlcd-0.6b,0.8273092369477911,0.3859223300970874
wiki_politeness,local_rlcd-0.6b,0.8353413654618473,0.38461538461538464
wiki_politeness,local_rlcd-0.6b,0.8433734939759037,0.3880952380952381
wiki_politeness,local_rlcd-0.6b,0.8514056224899599,0.38443396226415094
wiki_politeness,local_rlcd-0.6b,0.8594377510040161,0.3855140186915888
wiki_politeness,local_rlcd-0.6b,0.8674698795180723,0.3819444444444444
wiki_politeness,local_rlcd-0.6b,0.8755020080321285,0.37844036697247707
wiki_politeness,local_rlcd-0.6b,0.8835341365461847,0.3795454545454545
wiki_politeness,local_rlcd-0.6b,0.891566265060241,0.38063063063063063
wiki_politeness,local_rlcd-0.6b,0.8995983935742972,0.3794642857142857
wiki_politeness,local_rlcd-0.6b,0.9076305220883534,0.37831858407079644
wiki_politeness,local_rlcd-0.6b,0.9156626506024096,0.375
wiki_politeness,local_rlcd-0.6b,0.9236947791164659,0.3739130434782609
wiki_politeness,local_rlcd-0.6b,0.9317269076305221,0.3728448275862069
wiki_politeness,local_rlcd-0.6b,0.9397590361445783,0.3696581196581197
wiki_politeness,local_rlcd-0.6b,0.9477911646586346,0.3707627118644068
wiki_politeness,local_rlcd-0.6b,0.9558232931726908,0.36764705882352944
wiki_politeness,local_rlcd-0.6b,0.963855421686747,0.36875
wiki_politeness,local_rlcd-0.6b,0.9718875502008032,0.3677685950413223
wiki_politeness,local_rlcd-0.6b,0.9799196787148594,0.36885245901639346
wiki_politeness,local_rlcd-0.6b,0.9879518072289156,0.3719512195121951
wiki_politeness,local_rlcd-0.6b,0.9959839357429718,0.3709677419354839
wiki_politeness,local_rlcd-0.6b,1.0,0.36947791164658633
